{
    "mdmu-s64-31-01.npz": "A",
    "mdmu-s90-31-01.npz": "A",
    "mdmu-s26-31-00.npz": "D",
    "mdmu-s98-31-01.npz": "A",
    "mdmu-117-31-00.npz": "B",
    "mdmu-107-31-01.npz": "D",
    "mdmu-108-31-01.npz": "B",
    "mdmu-111-31-01.npz": "C",
    "mdmu-118-31-00.npz": "A",
    "mdmu-116-31-01.npz": "B",
    "mdmu-106-31-00.npz": "C",
    "mdmu-100-31-01.npz": "C",
    "mdmu-109-31-00.npz": "A",
    "mdmu-110-31-00.npz": "B",
    "mdmu-119-31-01.npz": "A",
    "mdmu-117-31-01.npz": "B",
    "mdmu-107-31-00.npz": "C",
    "mdmu-108-31-00.npz": "D",
    "mdmu-101-31-01.npz": "C",
    "mdmu-118-31-01.npz": "B",
    "mdmu-111-31-00.npz": "D",
    "mdmu-116-31-00.npz": "B",
    "mdmu-106-31-01.npz": "B",
    "mdmu-141-31-01.npz": "D",
    "mdmu-109-31-01.npz": "C",
    "mdmu-100-31-00.npz": "A",
    "mdmu-119-31-00.npz": "D",
    "mdmu-110-31-01.npz": "C",
    "mdmu-105-31-00.npz": "B",
    "mdmu-115-31-01.npz": "A",
    "mdmu-113-31-00.npz": "B",
    "mdmu-103-31-01.npz": "D",
    "mdmu-104-31-01.npz": "C",
    "mdmu-114-31-00.npz": "B",
    "mdmu-112-31-01.npz": "D",
    "mdmu-102-31-00.npz": "C",
    "mdmu-197-31-00.npz": "D",
    "mdmu-105-31-01.npz": "C",
    "mdmu-115-31-00.npz": "D",
    "mdmu-113-31-01.npz": "B",
    "mdmu-103-31-00.npz": "A",
    "mdmu-104-31-00.npz": "A",
    "mdmu-114-31-01.npz": "D",
    "mdmu-112-31-00.npz": "A",
    "mdmu-102-31-01.npz": "A"
}