{
    "mdmu-s72-14-01.npz": "A",
    "mdmu-s09-14-01.npz": "B",
    "mdmu-s69-14-00.npz": "D",
    "mdmu-110-14-00.npz": "B",
    "mdmu-119-14-01.npz": "D",
    "mdmu-100-14-01.npz": "allbad",
    "mdmu-109-14-00.npz": "C",
    "mdmu-106-14-00.npz": "A",
    "mdmu-116-14-01.npz": "A",
    "mdmu-111-14-01.npz": "C",
    "mdmu-118-14-00.npz": "A",
    "mdmu-101-14-00.npz": "D",
    "mdmu-108-14-01.npz": "A",
    "mdmu-107-14-01.npz": "D",
    "mdmu-117-14-00.npz": "D",
    "mdmu-119-14-00.npz": "C",
    "mdmu-110-14-01.npz": "D",
    "mdmu-109-14-01.npz": "A",
    "mdmu-100-14-00.npz": "B",
    "mdmu-106-14-01.npz": "D",
    "mdmu-116-14-00.npz": "D",
    "mdmu-118-14-01.npz": "B",
    "mdmu-111-14-00.npz": "B",
    "mdmu-108-14-00.npz": "C",
    "mdmu-101-14-01.npz": "A",
    "mdmu-107-14-00.npz": "C",
    "mdmu-117-14-01.npz": "A",
    "mdmu-102-14-00.npz": "C",
    "mdmu-112-14-01.npz": "D",
    "mdmu-114-14-00.npz": "B",
    "mdmu-120-14-01.npz": "A",
    "mdmu-104-14-01.npz": "C",
    "mdmu-103-14-01.npz": "A",
    "mdmu-169-14-00.npz": "D",
    "mdmu-113-14-00.npz": "C",
    "mdmu-115-14-01.npz": "D",
    "mdmu-105-14-00.npz": "B",
    "mdmu-102-14-01.npz": "C",
    "mdmu-112-14-00.npz": "C",
    "mdmu-120-14-00.npz": "B",
    "mdmu-114-14-01.npz": "A",
    "mdmu-104-14-00.npz": "C",
    "mdmu-103-14-00.npz": "C",
    "mdmu-113-14-01.npz": "C",
    "mdmu-115-14-00.npz": "B",
    "mdmu-105-14-01.npz": "B"
}