{
    "mdmu-104-33-00.npz": "D",
    "mdmu-114-33-01.npz": "D",
    "mdmu-112-33-00.npz": "D",
    "mdmu-102-33-01.npz": "A",
    "mdmu-105-33-01.npz": "B",
    "mdmu-115-33-00.npz": "A",
    "mdmu-113-33-01.npz": "D",
    "mdmu-103-33-00.npz": "A",
    "mdmu-104-33-01.npz": "B",
    "mdmu-114-33-00.npz": "C",
    "mdmu-112-33-01.npz": "A",
    "mdmu-126-33-00.npz": "C",
    "mdmu-102-33-00.npz": "D",
    "mdmu-145-33-00.npz": "B",
    "mdmu-105-33-00.npz": "A",
    "mdmu-115-33-01.npz": "A",
    "mdmu-113-33-00.npz": "A",
    "mdmu-103-33-01.npz": "A",
    "mdmu-116-33-00.npz": "D",
    "mdmu-106-33-01.npz": "C",
    "mdmu-100-33-00.npz": "D",
    "mdmu-109-33-01.npz": "D",
    "mdmu-110-33-01.npz": "C",
    "mdmu-119-33-00.npz": "D",
    "mdmu-117-33-01.npz": "A",
    "mdmu-107-33-00.npz": "D",
    "mdmu-101-33-01.npz": "A",
    "mdmu-108-33-00.npz": "D",
    "mdmu-111-33-00.npz": "A",
    "mdmu-118-33-01.npz": "C",
    "mdmu-116-33-01.npz": "C",
    "mdmu-106-33-00.npz": "A",
    "mdmu-109-33-00.npz": "B",
    "mdmu-100-33-01.npz": "A",
    "mdmu-119-33-01.npz": "A",
    "mdmu-110-33-00.npz": "A",
    "mdmu-117-33-00.npz": "D",
    "mdmu-174-33-00.npz": "D",
    "mdmu-107-33-01.npz": "A",
    "mdmu-108-33-01.npz": "C",
    "mdmu-135-33-01.npz": "D",
    "mdmu-101-33-00.npz": "A",
    "mdmu-118-33-00.npz": "C",
    "mdmu-111-33-01.npz": "A"
}