{"mdmu-s00-04-00.npz": "B", "mdmu-s00-04-01.npz": "B", "mdmu-s01-04-00.npz": "C", "mdmu-s01-04-01.npz": "A", "mdmu-s02-04-00.npz": "A", "mdmu-s02-04-01.npz": "D", "mdmu-s03-04-00.npz": "B", "mdmu-s03-04-01.npz": "B", "mdmu-s04-04-00.npz": "B", "mdmu-s04-04-01.npz": "C", "mdmu-s05-04-00.npz": "A", "mdmu-s05-04-01.npz": "B", "mdmu-s06-04-00.npz": "A", "mdmu-s06-04-01.npz": "A", "mdmu-s07-04-00.npz": "B", "mdmu-s07-04-01.npz": "A", "mdmu-s08-04-00.npz": "B", "mdmu-s08-04-01.npz": "C", "mdmu-s09-04-00.npz": "C", "mdmu-s09-04-01.npz": "D", "mdmu-s10-04-01.npz": "C", "mdmu-s11-04-00.npz": "C", "mdmu-s11-04-01.npz": "A", "mdmu-s12-04-01.npz": "C", "mdmu-s13-04-00.npz": "D", "mdmu-s13-04-01.npz": "C", "mdmu-s14-04-00.npz": "C", "mdmu-s14-04-01.npz": "B", "mdmu-s15-04-00.npz": "B", "mdmu-s15-04-01.npz": "A", "mdmu-s16-04-00.npz": "B", "mdmu-s16-04-01.npz": "A", "mdmu-s17-04-00.npz": "B", "mdmu-s17-04-01.npz": "B", "mdmu-s18-04-00.npz": "B", "mdmu-s18-04-01.npz": "B", "mdmu-s19-04-00.npz": "A", "mdmu-s19-04-01.npz": "A", "mdmu-s20-04-00.npz": "D", "mdmu-s20-04-01.npz": "C", "mdmu-s21-04-00.npz": "C", "mdmu-s21-04-01.npz": "A", "mdmu-s22-04-00.npz": "B", "mdmu-s22-04-01.npz": "A", "mdmu-s23-04-00.npz": "A", "mdmu-s23-04-01.npz": "A", "mdmu-s24-04-00.npz": "A", "mdmu-s24-04-01.npz": "D", "mdmu-s25-04-00.npz": "B", "mdmu-s25-04-01.npz": "C", "mdmu-s26-04-00.npz": "B", "mdmu-s26-04-01.npz": "A", "mdmu-s27-04-00.npz": "C", "mdmu-s28-04-00.npz": "C", "mdmu-s28-04-01.npz": "D", "mdmu-s29-04-00.npz": "B", "mdmu-s29-04-01.npz": "C", "mdmu-s30-04-00.npz": "C", "mdmu-s30-04-01.npz": "C", "mdmu-s31-04-01.npz": "B", "mdmu-s32-04-00.npz": "C", "mdmu-s32-04-01.npz": "C", "mdmu-s33-04-00.npz": "A", "mdmu-s33-04-01.npz": "D", "mdmu-s34-04-00.npz": "A", "mdmu-s34-04-01.npz": "B", "mdmu-s35-04-00.npz": "C", "mdmu-s35-04-01.npz": "D", "mdmu-s36-04-00.npz": "B", "mdmu-s36-04-01.npz": "A", "mdmu-s37-04-00.npz": "B", "mdmu-s37-04-01.npz": "B", "mdmu-s38-04-00.npz": "A", "mdmu-s38-04-01.npz": "C", "mdmu-s39-04-00.npz": "C", "mdmu-s39-04-01.npz": "C", "mdmu-s40-04-01.npz": "A", "mdmu-s41-04-00.npz": "B", "mdmu-s41-04-01.npz": "D", "mdmu-s42-04-00.npz": "A", "mdmu-s42-04-01.npz": "D", "mdmu-s43-04-00.npz": "C", "mdmu-s43-04-01.npz": "A", "mdmu-s44-04-00.npz": "A", "mdmu-s45-04-00.npz": "B", "mdmu-s45-04-01.npz": "D", "mdmu-s46-04-00.npz": "A", "mdmu-s46-04-01.npz": "C", "mdmu-s47-04-00.npz": "A", "mdmu-s47-04-01.npz": "C", "mdmu-s48-04-00.npz": "C", "mdmu-s48-04-01.npz": "D", "mdmu-s49-04-00.npz": "C", "mdmu-s49-04-01.npz": "D", "mdmu-s50-04-01.npz": "C", "mdmu-s51-04-00.npz": "A", "mdmu-s51-04-01.npz": "A", "mdmu-s52-04-00.npz": "B", "mdmu-s52-04-01.npz": "C", "mdmu-s53-04-00.npz": "C", "mdmu-s53-04-01.npz": "A", "mdmu-s54-04-00.npz": "B", "mdmu-s54-04-01.npz": "A", "mdmu-s55-04-00.npz": "B", "mdmu-s55-04-01.npz": "D", "mdmu-s56-04-00.npz": "C", "mdmu-s56-04-01.npz": "B", "mdmu-s57-04-00.npz": "D", "mdmu-s57-04-01.npz": "C", "mdmu-s58-04-00.npz": "B", "mdmu-s58-04-01.npz": "D", "mdmu-s59-04-00.npz": "A", "mdmu-s59-04-01.npz": "A", "mdmu-s60-04-01.npz": "B", "mdmu-s61-04-00.npz": "B", "mdmu-s61-04-01.npz": "D", "mdmu-s62-04-00.npz": "B", "mdmu-s62-04-01.npz": "A", "mdmu-s63-04-00.npz": "A", "mdmu-s63-04-01.npz": "A", "mdmu-s64-04-00.npz": "B", "mdmu-s64-04-01.npz": "B", "mdmu-s65-04-00.npz": "A", "mdmu-s65-04-01.npz": "A", "mdmu-s66-04-00.npz": "A", "mdmu-s66-04-01.npz": "D", "mdmu-s67-04-00.npz": "D", "mdmu-s67-04-01.npz": "A", "mdmu-s68-04-00.npz": "B", "mdmu-s68-04-01.npz": "C", "mdmu-s69-04-00.npz": "B", "mdmu-s69-04-01.npz": "B", "mdmu-s70-04-01.npz": "C", "mdmu-s71-04-00.npz": "A", "mdmu-s71-04-01.npz": "B", "mdmu-s72-04-00.npz": "B", "mdmu-s72-04-01.npz": "B", "mdmu-s73-04-00.npz": "C", "mdmu-s73-04-01.npz": "C", "mdmu-s74-04-00.npz": "C", "mdmu-s74-04-01.npz": "B", "mdmu-s75-04-00.npz": "B", "mdmu-s75-04-01.npz": "A", "mdmu-s76-04-00.npz": "A", "mdmu-s76-04-01.npz": "C", "mdmu-s77-04-00.npz": "B", "mdmu-s77-04-01.npz": "A", "mdmu-s78-04-00.npz": "B", "mdmu-s78-04-01.npz": "C", "mdmu-s79-04-00.npz": "C", "mdmu-s79-04-01.npz": "D", "mdmu-s80-04-01.npz": "D", "mdmu-s81-04-00.npz": "D", "mdmu-s81-04-01.npz": "C", "mdmu-s82-04-00.npz": "D", "mdmu-s82-04-01.npz": "C", "mdmu-s83-04-00.npz": "A", "mdmu-s83-04-01.npz": "C", "mdmu-s84-04-00.npz": "B", "mdmu-s84-04-01.npz": "C", "mdmu-s85-04-00.npz": "C", "mdmu-s85-04-01.npz": "C", "mdmu-s86-04-00.npz": "B", "mdmu-s86-04-01.npz": "C", "mdmu-s87-04-00.npz": "B", "mdmu-s87-04-01.npz": "D", "mdmu-s88-04-00.npz": "A", "mdmu-s88-04-01.npz": "D", "mdmu-s89-04-00.npz": "C", "mdmu-s89-04-01.npz": "A", "mdmu-s90-04-01.npz": "B", "mdmu-s91-04-00.npz": "C", "mdmu-s91-04-01.npz": "A", "mdmu-s92-04-00.npz": "B", "mdmu-s92-04-01.npz": "C", "mdmu-s93-04-00.npz": "C", "mdmu-s93-04-01.npz": "A", "mdmu-s94-04-00.npz": "D", "mdmu-s94-04-01.npz": "A", "mdmu-s95-04-00.npz": "A", "mdmu-s95-04-01.npz": "D", "mdmu-s96-04-00.npz": "B", "mdmu-s96-04-01.npz": "A", "mdmu-s97-04-00.npz": "B", "mdmu-s97-04-01.npz": "C", "mdmu-s98-04-00.npz": "D", "mdmu-s98-04-01.npz": "B", "mdmu-s99-04-00.npz": "C", "mdmu-s99-04-01.npz": "A"}