{"mdma-s10-10-00.npz": "A", "mdma-s10-10-01.npz": "B", "mdma-s10-10-02.npz": "D", "mdma-s10-10-03.npz": "B", "mdma-s10-10-04.npz": "C", "mdma-s11-10-00.npz": "A", "mdma-s11-10-01.npz": "B", "mdma-s11-10-02.npz": "A", "mdma-s11-10-03.npz": "A", "mdma-s11-10-04.npz": "C", "mdma-s12-10-00.npz": "A", "mdma-s12-10-01.npz": "D", "mdma-s12-10-02.npz": "A", "mdma-s12-10-03.npz": "C", "mdma-s12-10-04.npz": "D", "mdma-s13-10-00.npz": "B", "mdma-s13-10-01.npz": "B", "mdma-s13-10-02.npz": "D", "mdma-s13-10-03.npz": "B", "mdma-s13-10-04.npz": "B", "mdma-s14-10-00.npz": "A", "mdma-s14-10-01.npz": "B", "mdma-s14-10-02.npz": "B", "mdma-s14-10-03.npz": "A", "mdma-s14-10-04.npz": "A", "mdma-s15-10-00.npz": "A", "mdma-s15-10-01.npz": "D", "mdma-s15-10-02.npz": "A", "mdma-s15-10-03.npz": "C", "mdma-s15-10-04.npz": "D", "mdma-s16-10-00.npz": "C", "mdma-s16-10-01.npz": "D", "mdma-s16-10-02.npz": "D", "mdma-s16-10-03.npz": "B", "mdma-s16-10-04.npz": "B", "mdma-s17-10-00.npz": "C", "mdma-s17-10-01.npz": "B", "mdma-s17-10-02.npz": "B", "mdma-s17-10-03.npz": "B", "mdma-s17-10-04.npz": "B", "mdma-s18-10-00.npz": "B", "mdma-s18-10-01.npz": "D", "mdma-s18-10-02.npz": "D", "mdma-s18-10-03.npz": "B", "mdma-s18-10-04.npz": "D", "mdma-s19-10-00.npz": "C", "mdma-s19-10-01.npz": "D", "mdma-s19-10-02.npz": "A", "mdma-s19-10-03.npz": "D", "mdma-s19-10-04.npz": "B", "mdma-s40-10-01.npz": "D", "mdma-s40-10-02.npz": "B", "mdma-s40-10-03.npz": "C", "mdma-s40-10-04.npz": "A", "mdma-s41-10-00.npz": "B", "mdma-s41-10-01.npz": "B", "mdma-s41-10-02.npz": "A", "mdma-s41-10-03.npz": "D", "mdma-s41-10-04.npz": "D", "mdma-s42-10-00.npz": "B", "mdma-s42-10-01.npz": "A", "mdma-s42-10-02.npz": "A", "mdma-s42-10-03.npz": "B", "mdma-s42-10-04.npz": "A", "mdma-s43-10-00.npz": "C", "mdma-s43-10-01.npz": "A", "mdma-s43-10-02.npz": "A", "mdma-s43-10-03.npz": "A", "mdma-s43-10-04.npz": "D", "mdma-s44-10-00.npz": "D", "mdma-s44-10-01.npz": "C", "mdma-s44-10-02.npz": "D", "mdma-s44-10-03.npz": "D", "mdma-s44-10-04.npz": "D", "mdma-s45-10-00.npz": "A", "mdma-s45-10-01.npz": "B", "mdma-s45-10-02.npz": "D", "mdma-s45-10-03.npz": "C", "mdma-s45-10-04.npz": "C", "mdma-s46-10-00.npz": "D", "mdma-s46-10-01.npz": "A", "mdma-s46-10-02.npz": "A", "mdma-s46-10-03.npz": "D", "mdma-s46-10-04.npz": "C", "mdma-s47-10-00.npz": "D", "mdma-s47-10-01.npz": "C", "mdma-s47-10-02.npz": "B", "mdma-s47-10-03.npz": "C", "mdma-s47-10-04.npz": "B", "mdma-s48-10-00.npz": "C", "mdma-s48-10-01.npz": "A", "mdma-s48-10-02.npz": "D", "mdma-s48-10-03.npz": "A", "mdma-s48-10-04.npz": "D", "mdma-s49-10-00.npz": "D", "mdma-s49-10-01.npz": "C", "mdma-s49-10-02.npz": "C", "mdma-s49-10-03.npz": "B", "mdma-s49-10-04.npz": "A", "mdma-s50-10-01.npz": "A", "mdma-s50-10-02.npz": "A", "mdma-s50-10-03.npz": "A", "mdma-s50-10-04.npz": "A", "mdma-s51-10-00.npz": "B", "mdma-s51-10-01.npz": "B", "mdma-s51-10-02.npz": "C", "mdma-s51-10-03.npz": "A", "mdma-s51-10-04.npz": "B", "mdma-s52-10-00.npz": "B", "mdma-s52-10-01.npz": "D", "mdma-s52-10-02.npz": "B", "mdma-s52-10-03.npz": "B", "mdma-s52-10-04.npz": "C", "mdma-s53-10-00.npz": "D", "mdma-s53-10-01.npz": "C", "mdma-s53-10-02.npz": "A", "mdma-s53-10-03.npz": "B", "mdma-s53-10-04.npz": "B", "mdma-s54-10-00.npz": "B", "mdma-s54-10-01.npz": "D", "mdma-s54-10-02.npz": "B", "mdma-s54-10-03.npz": "A", "mdma-s54-10-04.npz": "B", "mdma-s55-10-00.npz": "C", "mdma-s55-10-01.npz": "B", "mdma-s55-10-02.npz": "A", "mdma-s55-10-03.npz": "D", "mdma-s55-10-04.npz": "C", "mdma-s56-10-00.npz": "C", "mdma-s56-10-01.npz": "A", "mdma-s56-10-02.npz": "C", "mdma-s56-10-03.npz": "C", "mdma-s56-10-04.npz": "D", "mdma-s57-10-00.npz": "A", "mdma-s57-10-01.npz": "D", "mdma-s57-10-02.npz": "D", "mdma-s57-10-03.npz": "B", "mdma-s57-10-04.npz": "C", "mdma-s58-10-00.npz": "A", "mdma-s58-10-01.npz": "B", "mdma-s58-10-02.npz": "B", "mdma-s58-10-03.npz": "D", "mdma-s58-10-04.npz": "A", "mdma-s59-10-00.npz": "D", "mdma-s59-10-01.npz": "D", "mdma-s59-10-02.npz": "C", "mdma-s59-10-03.npz": "D", "mdma-s59-10-04.npz": "D", "mdma-s60-10-01.npz": "B", "mdma-s60-10-02.npz": "A", "mdma-s60-10-03.npz": "A", "mdma-s60-10-04.npz": "D", "mdma-s61-10-00.npz": "B", "mdma-s61-10-01.npz": "A", "mdma-s61-10-02.npz": "D", "mdma-s61-10-03.npz": "B", "mdma-s61-10-04.npz": "B", "mdma-s62-10-00.npz": "C", "mdma-s62-10-01.npz": "C", "mdma-s62-10-02.npz": "C", "mdma-s62-10-03.npz": "A", "mdma-s62-10-04.npz": "C", "mdma-s63-10-00.npz": "A", "mdma-s63-10-01.npz": "B", "mdma-s63-10-02.npz": "B", "mdma-s63-10-03.npz": "B", "mdma-s63-10-04.npz": "D", "mdma-s64-10-00.npz": "B", "mdma-s64-10-01.npz": "C", "mdma-s64-10-02.npz": "A", "mdma-s64-10-03.npz": "A", "mdma-s64-10-04.npz": "D", "mdma-s65-10-00.npz": "B", "mdma-s65-10-01.npz": "A", "mdma-s65-10-02.npz": "C", "mdma-s65-10-03.npz": "A", "mdma-s65-10-04.npz": "B", "mdma-s66-10-00.npz": "D", "mdma-s66-10-01.npz": "C", "mdma-s66-10-02.npz": "D", "mdma-s66-10-03.npz": "A", "mdma-s66-10-04.npz": "D", "mdma-s67-10-01.npz": "B", "mdma-s67-10-02.npz": "B", "mdma-s67-10-03.npz": "D", "mdma-s67-10-04.npz": "C", "mdma-s68-10-00.npz": "D", "mdma-s68-10-01.npz": "D", "mdma-s68-10-02.npz": "B", "mdma-s68-10-04.npz": "A", "mdma-s69-10-01.npz": "D", "mdma-s69-10-02.npz": "B", "mdma-s69-10-03.npz": "B", "mdma-s69-10-04.npz": "A", "mdma-s70-10-01.npz": "B", "mdma-s70-10-02.npz": "A", "mdma-s70-10-03.npz": "D", "mdma-s70-10-04.npz": "A", "mdma-s71-10-00.npz": "B", "mdma-s71-10-01.npz": "A", "mdma-s71-10-02.npz": "C", "mdma-s71-10-04.npz": "D", "mdma-s72-10-00.npz": "D", "mdma-s72-10-01.npz": "C", "mdma-s72-10-02.npz": "D", "mdma-s72-10-03.npz": "D", "mdma-s72-10-04.npz": "D", "mdma-s73-10-00.npz": "D", "mdma-s73-10-01.npz": "C", "mdma-s73-10-02.npz": "D", "mdma-s73-10-03.npz": "A", "mdma-s74-10-00.npz": "B", "mdma-s74-10-01.npz": "A", "mdma-s74-10-03.npz": "A", "mdma-s74-10-04.npz": "C", "mdma-s75-10-00.npz": "C", "mdma-s75-10-01.npz": "C", "mdma-s75-10-02.npz": "D", "mdma-s75-10-03.npz": "D", "mdma-s75-10-04.npz": "B", "mdma-s76-10-00.npz": "C", "mdma-s76-10-01.npz": "B", "mdma-s76-10-02.npz": "C", "mdma-s76-10-03.npz": "D", "mdma-s76-10-04.npz": "A", "mdma-s77-10-00.npz": "D", "mdma-s77-10-01.npz": "B", "mdma-s77-10-02.npz": "B", "mdma-s77-10-03.npz": "C", "mdma-s77-10-04.npz": "D", "mdma-s78-10-00.npz": "C", "mdma-s78-10-01.npz": "C", "mdma-s78-10-02.npz": "A", "mdma-s78-10-03.npz": "B", "mdma-s78-10-04.npz": "D", "mdma-s79-10-00.npz": "B", "mdma-s79-10-01.npz": "D", "mdma-s79-10-02.npz": "D", "mdma-s79-10-03.npz": "A", "mdma-s79-10-04.npz": "C", "mdma-s80-10-01.npz": "A", "mdma-s80-10-02.npz": "C", "mdma-s80-10-03.npz": "D", "mdma-s80-10-04.npz": "A", "mdma-s81-10-00.npz": "C", "mdma-s81-10-01.npz": "D", "mdma-s81-10-02.npz": "C", "mdma-s81-10-03.npz": "B", "mdma-s81-10-04.npz": "C", "mdma-s82-10-01.npz": "A", "mdma-s82-10-02.npz": "B", "mdma-s82-10-03.npz": "B", "mdma-s83-10-00.npz": "D", "mdma-s83-10-01.npz": "D", "mdma-s83-10-02.npz": "D", "mdma-s83-10-03.npz": "B", "mdma-s83-10-04.npz": "B", "mdma-s84-10-00.npz": "D", "mdma-s84-10-01.npz": "D", "mdma-s84-10-02.npz": "B", "mdma-s84-10-03.npz": "B", "mdma-s84-10-04.npz": "B", "mdma-s85-10-00.npz": "A", "mdma-s85-10-01.npz": "B", "mdma-s85-10-02.npz": "D", "mdma-s85-10-03.npz": "A", "mdma-s85-10-04.npz": "D", "mdma-s86-10-02.npz": "D", "mdma-s87-10-00.npz": "A", "mdma-s87-10-03.npz": "D", "mdma-s87-10-04.npz": "B", "mdma-s88-10-00.npz": "D", "mdma-s88-10-01.npz": "D", "mdma-s88-10-02.npz": "A", "mdma-s88-10-04.npz": "B", "mdma-s89-10-00.npz": "A", "mdma-s89-10-01.npz": "C", "mdma-s89-10-02.npz": "D", "mdma-s89-10-03.npz": "D", "mdma-s89-10-04.npz": "A", "mdma-s90-10-01.npz": "A", "mdma-s90-10-02.npz": "B", "mdma-s90-10-03.npz": "B", "mdma-s90-10-04.npz": "C", "mdma-s91-10-00.npz": "B", "mdma-s91-10-01.npz": "D", "mdma-s91-10-02.npz": "C", "mdma-s91-10-03.npz": "B", "mdma-s91-10-04.npz": "D", "mdma-s92-10-01.npz": "D", "mdma-s92-10-02.npz": "C", "mdma-s92-10-03.npz": "C", "mdma-s92-10-04.npz": "B", "mdma-s93-10-00.npz": "D", "mdma-s93-10-01.npz": "A", "mdma-s93-10-02.npz": "C", "mdma-s93-10-04.npz": "A", "mdma-s94-10-00.npz": "D", "mdma-s94-10-01.npz": "B", "mdma-s94-10-02.npz": "C", "mdma-s94-10-04.npz": "C", "mdma-s95-10-00.npz": "A", "mdma-s95-10-01.npz": "A", "mdma-s95-10-02.npz": "D", "mdma-s95-10-03.npz": "A", "mdma-s95-10-04.npz": "A", "mdma-s96-10-00.npz": "A", "mdma-s96-10-01.npz": "B", "mdma-s96-10-02.npz": "B", "mdma-s96-10-03.npz": "D", "mdma-s96-10-04.npz": "B", "mdma-s97-10-00.npz": "A", "mdma-s97-10-01.npz": "B", "mdma-s97-10-02.npz": "B", "mdma-s97-10-03.npz": "D", "mdma-s97-10-04.npz": "A", "mdma-s98-10-00.npz": "B", "mdma-s98-10-01.npz": "C", "mdma-s98-10-02.npz": "B", "mdma-s98-10-03.npz": "D", "mdma-s98-10-04.npz": "B", "mdma-s99-10-00.npz": "A", "mdma-s99-10-02.npz": "D", "mdma-s99-10-03.npz": "C", "mdma-s99-10-04.npz": "C"}