{
    "mdmu-117-19-01.npz": "C",
    "mdmu-107-19-00.npz": "C",
    "mdmu-108-19-00.npz": "A",
    "mdmu-101-19-01.npz": "B",
    "mdmu-118-19-01.npz": "B",
    "mdmu-111-19-00.npz": "C",
    "mdmu-116-19-00.npz": "A",
    "mdmu-106-19-01.npz": "B",
    "mdmu-109-19-01.npz": "D",
    "mdmu-100-19-00.npz": "C",
    "mdmu-119-19-00.npz": "A",
    "mdmu-110-19-01.npz": "A",
    "mdmu-117-19-00.npz": "D",
    "mdmu-107-19-01.npz": "D",
    "mdmu-101-19-00.npz": "D",
    "mdmu-108-19-01.npz": "A",
    "mdmu-111-19-01.npz": "D",
    "mdmu-118-19-00.npz": "D",
    "mdmu-165-19-00.npz": "A",
    "mdmu-116-19-01.npz": "C",
    "mdmu-106-19-00.npz": "B",
    "mdmu-100-19-01.npz": "C",
    "mdmu-109-19-00.npz": "B",
    "mdmu-119-19-01.npz": "C",
    "mdmu-105-19-01.npz": "A",
    "mdmu-115-19-00.npz": "A",
    "mdmu-113-19-01.npz": "D",
    "mdmu-103-19-00.npz": "B",
    "mdmu-104-19-00.npz": "D",
    "mdmu-120-19-00.npz": "B",
    "mdmu-114-19-01.npz": "A",
    "mdmu-112-19-00.npz": "C",
    "mdmu-102-19-01.npz": "D",
    "mdmu-105-19-00.npz": "A",
    "mdmu-115-19-01.npz": "D",
    "mdmu-113-19-00.npz": "C",
    "mdmu-103-19-01.npz": "C",
    "mdmu-104-19-01.npz": "C",
    "mdmu-114-19-00.npz": "D",
    "mdmu-120-19-01.npz": "A",
    "mdmu-112-19-01.npz": "C",
    "mdmu-102-19-00.npz": "C"
}