{
    "mdma-s10-02-00.npz": "C",
    "mdma-s10-02-01.npz": "A",
    "mdma-s10-02-02.npz": "A",
    "mdma-s10-02-03.npz": "A",
    "mdma-s10-02-04.npz": "A",
    "mdma-s11-02-00.npz": "C",
    "mdma-s11-02-01.npz": "C",
    "mdma-s11-02-02.npz": "D",
    "mdma-s11-02-03.npz": "C",
    "mdma-s11-02-04.npz": "C",
    "mdma-s12-02-00.npz": "C",
    "mdma-s12-02-01.npz": "C",
    "mdma-s12-02-02.npz": "C",
    "mdma-s12-02-03.npz": "B",
    "mdma-s12-02-04.npz": "B",
    "mdma-s13-02-00.npz": "C",
    "mdma-s13-02-01.npz": "C",
    "mdma-s13-02-02.npz": "A",
    "mdma-s13-02-03.npz": "D",
    "mdma-s13-02-04.npz": "B",
    "mdma-s14-02-00.npz": "D",
    "mdma-s14-02-01.npz": "D",
    "mdma-s14-02-02.npz": "D",
    "mdma-s14-02-03.npz": "B",
    "mdma-s14-02-04.npz": "B",
    "mdma-s15-02-00.npz": "B",
    "mdma-s15-02-01.npz": "C",
    "mdma-s15-02-02.npz": "C",
    "mdma-s15-02-03.npz": "C",
    "mdma-s15-02-04.npz": "C",
    "mdma-s16-02-00.npz": "A",
    "mdma-s16-02-01.npz": "D",
    "mdma-s16-02-02.npz": "A",
    "mdma-s16-02-03.npz": "A",
    "mdma-s16-02-04.npz": "D",
    "mdma-s17-02-00.npz": "A",
    "mdma-s17-02-01.npz": "A",
    "mdma-s17-02-02.npz": "B",
    "mdma-s17-02-03.npz": "B",
    "mdma-s17-02-04.npz": "A",
    "mdma-s18-02-00.npz": "C",
    "mdma-s18-02-01.npz": "B",
    "mdma-s18-02-02.npz": "C",
    "mdma-s18-02-03.npz": "A",
    "mdma-s18-02-04.npz": "C",
    "mdma-s19-02-00.npz": "A",
    "mdma-s19-02-01.npz": "A",
    "mdma-s19-02-02.npz": "C",
    "mdma-s19-02-03.npz": "A",
    "mdma-s19-02-04.npz": "C",
    "mdma-s40-02-01.npz": "A",
    "mdma-s40-02-02.npz": "B",
    "mdma-s40-02-03.npz": "B",
    "mdma-s40-02-04.npz": "C",
    "mdma-s41-02-00.npz": "D",
    "mdma-s41-02-01.npz": "C",
    "mdma-s41-02-02.npz": "D",
    "mdma-s41-02-03.npz": "D",
    "mdma-s41-02-04.npz": "C",
    "mdma-s42-02-00.npz": "D",
    "mdma-s42-02-01.npz": "C",
    "mdma-s42-02-02.npz": "C",
    "mdma-s42-02-03.npz": "C",
    "mdma-s42-02-04.npz": "B",
    "mdma-s43-02-00.npz": "C",
    "mdma-s43-02-01.npz": "A",
    "mdma-s43-02-02.npz": "C",
    "mdma-s43-02-03.npz": "D",
    "mdma-s43-02-04.npz": "B",
    "mdma-s44-02-00.npz": "A",
    "mdma-s44-02-01.npz": "C",
    "mdma-s44-02-02.npz": "C",
    "mdma-s44-02-03.npz": "A",
    "mdma-s44-02-04.npz": "B",
    "mdma-s45-02-00.npz": "B",
    "mdma-s45-02-01.npz": "A",
    "mdma-s45-02-02.npz": "B",
    "mdma-s45-02-03.npz": "C",
    "mdma-s45-02-04.npz": "C",
    "mdma-s46-02-00.npz": "B",
    "mdma-s46-02-01.npz": "D",
    "mdma-s46-02-02.npz": "A",
    "mdma-s46-02-03.npz": "A",
    "mdma-s46-02-04.npz": "C",
    "mdma-s47-02-00.npz": "C",
    "mdma-s47-02-01.npz": "C",
    "mdma-s47-02-02.npz": "C",
    "mdma-s47-02-03.npz": "A",
    "mdma-s47-02-04.npz": "C",
    "mdma-s48-02-00.npz": "A",
    "mdma-s48-02-01.npz": "C",
    "mdma-s48-02-02.npz": "C",
    "mdma-s48-02-03.npz": "A",
    "mdma-s48-02-04.npz": "C",
    "mdma-s49-02-00.npz": "A",
    "mdma-s49-02-01.npz": "A",
    "mdma-s49-02-02.npz": "C",
    "mdma-s49-02-03.npz": "A",
    "mdma-s49-02-04.npz": "B",
    "mdma-s50-02-01.npz": "B",
    "mdma-s50-02-02.npz": "A",
    "mdma-s50-02-03.npz": "C",
    "mdma-s50-02-04.npz": "A",
    "mdma-s51-02-00.npz": "C",
    "mdma-s51-02-01.npz": "A",
    "mdma-s51-02-02.npz": "B",
    "mdma-s51-02-03.npz": "D",
    "mdma-s51-02-04.npz": "A",
    "mdma-s52-02-00.npz": "B",
    "mdma-s52-02-01.npz": "B",
    "mdma-s52-02-02.npz": "D",
    "mdma-s52-02-03.npz": "D",
    "mdma-s52-02-04.npz": "C",
    "mdma-s53-02-00.npz": "A",
    "mdma-s53-02-01.npz": "C",
    "mdma-s53-02-02.npz": "B",
    "mdma-s53-02-03.npz": "D",
    "mdma-s53-02-04.npz": "C",
    "mdma-s54-02-00.npz": "B",
    "mdma-s54-02-01.npz": "allbad",
    "mdma-s54-02-02.npz": "C",
    "mdma-s54-02-03.npz": "D",
    "mdma-s54-02-04.npz": "B",
    "mdma-s55-02-00.npz": "B",
    "mdma-s55-02-01.npz": "C",
    "mdma-s55-02-02.npz": "D",
    "mdma-s55-02-03.npz": "C",
    "mdma-s55-02-04.npz": "C",
    "mdma-s56-02-00.npz": "allbad",
    "mdma-s56-02-01.npz": "B",
    "mdma-s56-02-02.npz": "A",
    "mdma-s56-02-03.npz": "A",
    "mdma-s56-02-04.npz": "B",
    "mdma-s57-02-00.npz": "B",
    "mdma-s57-02-01.npz": "C",
    "mdma-s57-02-02.npz": "B",
    "mdma-s57-02-03.npz": "C",
    "mdma-s57-02-04.npz": "C",
    "mdma-s58-02-00.npz": "D",
    "mdma-s58-02-01.npz": "B",
    "mdma-s58-02-02.npz": "B",
    "mdma-s58-02-03.npz": "C",
    "mdma-s58-02-04.npz": "C",
    "mdma-s59-02-00.npz": "B",
    "mdma-s59-02-01.npz": "A",
    "mdma-s59-02-02.npz": "C",
    "mdma-s59-02-03.npz": "B",
    "mdma-s59-02-04.npz": "A",
    "mdma-s60-02-01.npz": "D",
    "mdma-s60-02-02.npz": "A",
    "mdma-s60-02-03.npz": "A",
    "mdma-s60-02-04.npz": "B",
    "mdma-s61-02-00.npz": "D",
    "mdma-s61-02-01.npz": "A",
    "mdma-s61-02-02.npz": "A",
    "mdma-s61-02-03.npz": "B",
    "mdma-s61-02-04.npz": "B",
    "mdma-s62-02-00.npz": "D",
    "mdma-s62-02-01.npz": "C",
    "mdma-s62-02-02.npz": "A",
    "mdma-s62-02-03.npz": "A",
    "mdma-s62-02-04.npz": "C",
    "mdma-s63-02-00.npz": "C",
    "mdma-s63-02-01.npz": "C",
    "mdma-s63-02-02.npz": "A",
    "mdma-s63-02-03.npz": "D",
    "mdma-s63-02-04.npz": "D",
    "mdma-s64-02-00.npz": "B",
    "mdma-s64-02-01.npz": "A",
    "mdma-s64-02-02.npz": "A",
    "mdma-s64-02-03.npz": "A",
    "mdma-s64-02-04.npz": "A",
    "mdma-s65-02-00.npz": "A",
    "mdma-s65-02-01.npz": "D",
    "mdma-s65-02-02.npz": "B",
    "mdma-s65-02-03.npz": "B",
    "mdma-s65-02-04.npz": "D",
    "mdma-s66-02-00.npz": "D",
    "mdma-s66-02-01.npz": "A",
    "mdma-s66-02-02.npz": "B",
    "mdma-s66-02-03.npz": "B",
    "mdma-s66-02-04.npz": "A",
    "mdma-s67-02-01.npz": "C",
    "mdma-s67-02-02.npz": "A",
    "mdma-s67-02-03.npz": "A",
    "mdma-s67-02-04.npz": "D",
    "mdma-s68-02-00.npz": "A",
    "mdma-s68-02-01.npz": "A",
    "mdma-s68-02-02.npz": "B",
    "mdma-s68-02-03.npz": "B",
    "mdma-s69-02-00.npz": "C",
    "mdma-s69-02-01.npz": "D",
    "mdma-s69-02-02.npz": "D",
    "mdma-s70-02-01.npz": "B",
    "mdma-s70-02-02.npz": "A",
    "mdma-s70-02-03.npz": "C",
    "mdma-s71-02-00.npz": "A",
    "mdma-s71-02-01.npz": "B",
    "mdma-s71-02-02.npz": "B",
    "mdma-s71-02-03.npz": "A",
    "mdma-s71-02-04.npz": "A",
    "mdma-s72-02-00.npz": "B",
    "mdma-s72-02-01.npz": "D",
    "mdma-s72-02-02.npz": "A",
    "mdma-s72-02-03.npz": "A",
    "mdma-s72-02-04.npz": "C",
    "mdma-s73-02-00.npz": "D",
    "mdma-s73-02-01.npz": "A",
    "mdma-s73-02-02.npz": "B",
    "mdma-s73-02-03.npz": "D",
    "mdma-s73-02-04.npz": "D",
    "mdma-s74-02-00.npz": "A",
    "mdma-s74-02-01.npz": "A",
    "mdma-s74-02-02.npz": "A",
    "mdma-s74-02-03.npz": "A",
    "mdma-s74-02-04.npz": "D",
    "mdma-s75-02-00.npz": "D",
    "mdma-s75-02-01.npz": "B",
    "mdma-s75-02-02.npz": "C",
    "mdma-s75-02-03.npz": "D",
    "mdma-s75-02-04.npz": "D",
    "mdma-s76-02-00.npz": "D",
    "mdma-s76-02-01.npz": "A",
    "mdma-s76-02-02.npz": "D",
    "mdma-s76-02-03.npz": "C",
    "mdma-s76-02-04.npz": "B",
    "mdma-s77-02-00.npz": "A",
    "mdma-s77-02-01.npz": "C",
    "mdma-s77-02-02.npz": "D",
    "mdma-s77-02-03.npz": "B",
    "mdma-s78-02-00.npz": "B",
    "mdma-s78-02-01.npz": "B",
    "mdma-s78-02-02.npz": "B",
    "mdma-s78-02-03.npz": "A",
    "mdma-s78-02-04.npz": "B",
    "mdma-s79-02-00.npz": "C",
    "mdma-s79-02-01.npz": "A",
    "mdma-s79-02-02.npz": "allbad",
    "mdma-s79-02-03.npz": "C",
    "mdma-s79-02-04.npz": "A",
    "mdma-s80-02-01.npz": "A",
    "mdma-s80-02-02.npz": "B",
    "mdma-s80-02-03.npz": "B",
    "mdma-s80-02-04.npz": "A",
    "mdma-s81-02-00.npz": "D",
    "mdma-s81-02-02.npz": "C",
    "mdma-s81-02-03.npz": "A",
    "mdma-s81-02-04.npz": "C",
    "mdma-s82-02-00.npz": "B",
    "mdma-s82-02-01.npz": "D",
    "mdma-s82-02-02.npz": "B",
    "mdma-s82-02-03.npz": "D",
    "mdma-s83-02-00.npz": "A",
    "mdma-s83-02-01.npz": "C",
    "mdma-s83-02-02.npz": "C",
    "mdma-s83-02-03.npz": "D",
    "mdma-s83-02-04.npz": "B",
    "mdma-s84-02-00.npz": "A",
    "mdma-s84-02-01.npz": "C",
    "mdma-s84-02-02.npz": "A",
    "mdma-s84-02-03.npz": "A",
    "mdma-s84-02-04.npz": "D",
    "mdma-s85-02-01.npz": "D",
    "mdma-s85-02-03.npz": "C",
    "mdma-s85-02-04.npz": "B",
    "mdma-s86-02-00.npz": "C",
    "mdma-s86-02-01.npz": "A",
    "mdma-s86-02-02.npz": "A",
    "mdma-s86-02-03.npz": "A",
    "mdma-s86-02-04.npz": "B",
    "mdma-s87-02-00.npz": "B",
    "mdma-s87-02-02.npz": "A",
    "mdma-s87-02-03.npz": "A",
    "mdma-s87-02-04.npz": "B",
    "mdma-s88-02-00.npz": "B",
    "mdma-s88-02-01.npz": "D",
    "mdma-s88-02-02.npz": "C",
    "mdma-s88-02-03.npz": "B",
    "mdma-s88-02-04.npz": "C",
    "mdma-s89-02-00.npz": "D",
    "mdma-s89-02-01.npz": "A",
    "mdma-s89-02-02.npz": "C",
    "mdma-s89-02-03.npz": "A",
    "mdma-s89-02-04.npz": "A",
    "mdma-s90-02-01.npz": "C",
    "mdma-s90-02-02.npz": "A",
    "mdma-s90-02-03.npz": "A",
    "mdma-s90-02-04.npz": "D",
    "mdma-s91-02-00.npz": "A",
    "mdma-s91-02-01.npz": "B",
    "mdma-s91-02-02.npz": "A",
    "mdma-s91-02-03.npz": "A",
    "mdma-s91-02-04.npz": "D",
    "mdma-s92-02-00.npz": "A",
    "mdma-s92-02-02.npz": "C",
    "mdma-s92-02-03.npz": "A",
    "mdma-s92-02-04.npz": "A",
    "mdma-s93-02-00.npz": "D",
    "mdma-s93-02-01.npz": "A",
    "mdma-s93-02-02.npz": "A",
    "mdma-s93-02-03.npz": "B",
    "mdma-s93-02-04.npz": "D",
    "mdma-s94-02-00.npz": "A",
    "mdma-s94-02-01.npz": "D",
    "mdma-s94-02-02.npz": "B",
    "mdma-s94-02-03.npz": "A",
    "mdma-s94-02-04.npz": "B",
    "mdma-s95-02-00.npz": "B",
    "mdma-s95-02-01.npz": "A",
    "mdma-s95-02-02.npz": "B",
    "mdma-s95-02-03.npz": "B",
    "mdma-s95-02-04.npz": "B",
    "mdma-s96-02-00.npz": "D",
    "mdma-s96-02-01.npz": "D",
    "mdma-s96-02-02.npz": "B",
    "mdma-s96-02-04.npz": "D",
    "mdma-s97-02-00.npz": "allbad",
    "mdma-s97-02-01.npz": "B",
    "mdma-s97-02-02.npz": "B",
    "mdma-s97-02-03.npz": "D",
    "mdma-s97-02-04.npz": "C",
    "mdma-s98-02-00.npz": "C",
    "mdma-s98-02-01.npz": "A",
    "mdma-s98-02-02.npz": "B",
    "mdma-s98-02-03.npz": "D",
    "mdma-s98-02-04.npz": "C",
    "mdma-s99-02-00.npz": "C",
    "mdma-s99-02-01.npz": "B",
    "mdma-s99-02-02.npz": "A",
    "mdma-s99-02-03.npz": "A",
    "mdma-s99-02-04.npz": "A"
}