{
    "mdmu-s12-04-00.npz": "A",
    "mdmu-s31-04-00.npz": "A",
    "mdmu-113-04-01.npz": "D",
    "mdmu-103-04-00.npz": "B",
    "mdmu-105-04-01.npz": "D",
    "mdmu-115-04-00.npz": "C",
    "mdmu-112-04-00.npz": "D",
    "mdmu-102-04-01.npz": "C",
    "mdmu-104-04-00.npz": "D",
    "mdmu-114-04-01.npz": "A",
    "mdmu-120-04-00.npz": "C",
    "mdmu-113-04-00.npz": "B",
    "mdmu-103-04-01.npz": "A",
    "mdmu-105-04-00.npz": "D",
    "mdmu-115-04-01.npz": "C",
    "mdmu-112-04-01.npz": "D",
    "mdmu-102-04-00.npz": "B",
    "mdmu-177-04-00.npz": "C",
    "mdmu-104-04-01.npz": "A",
    "mdmu-120-04-01.npz": "B",
    "mdmu-114-04-00.npz": "A",
    "mdmu-101-04-01.npz": "A",
    "mdmu-108-04-00.npz": "C",
    "mdmu-193-04-00.npz": "B",
    "mdmu-111-04-00.npz": "C",
    "mdmu-118-04-01.npz": "A",
    "mdmu-117-04-01.npz": "C",
    "mdmu-107-04-00.npz": "A",
    "mdmu-100-04-00.npz": "B",
    "mdmu-109-04-01.npz": "A",
    "mdmu-110-04-01.npz": "D",
    "mdmu-119-04-00.npz": "B",
    "mdmu-116-04-00.npz": "B",
    "mdmu-106-04-01.npz": "C",
    "mdmu-108-04-01.npz": "C",
    "mdmu-101-04-00.npz": "A",
    "mdmu-118-04-00.npz": "A",
    "mdmu-111-04-01.npz": "C",
    "mdmu-117-04-00.npz": "B",
    "mdmu-107-04-01.npz": "A",
    "mdmu-109-04-00.npz": "A",
    "mdmu-100-04-01.npz": "C",
    "mdmu-119-04-01.npz": "C",
    "mdmu-110-04-00.npz": "A",
    "mdmu-116-04-01.npz": "B",
    "mdmu-106-04-00.npz": "D"
}