{
    "mdmu-112-10-00.npz": "B",
    "mdmu-102-10-01.npz": "C",
    "mdmu-104-10-00.npz": "D",
    "mdmu-114-10-01.npz": "D",
    "mdmu-120-10-00.npz": "C",
    "mdmu-113-10-01.npz": "C",
    "mdmu-103-10-00.npz": "B",
    "mdmu-105-10-01.npz": "C",
    "mdmu-115-10-00.npz": "C",
    "mdmu-112-10-01.npz": "D",
    "mdmu-102-10-00.npz": "C",
    "mdmu-104-10-01.npz": "B",
    "mdmu-120-10-01.npz": "A",
    "mdmu-114-10-00.npz": "C",
    "mdmu-113-10-00.npz": "D",
    "mdmu-103-10-01.npz": "D",
    "mdmu-105-10-00.npz": "C",
    "mdmu-115-10-01.npz": "C",
    "mdmu-100-10-00.npz": "B",
    "mdmu-109-10-01.npz": "B",
    "mdmu-110-10-01.npz": "B",
    "mdmu-119-10-00.npz": "C",
    "mdmu-116-10-00.npz": "D",
    "mdmu-106-10-01.npz": "A",
    "mdmu-101-10-01.npz": "B",
    "mdmu-108-10-00.npz": "D",
    "mdmu-111-10-00.npz": "D",
    "mdmu-118-10-01.npz": "C",
    "mdmu-117-10-01.npz": "B",
    "mdmu-107-10-00.npz": "C",
    "mdmu-109-10-00.npz": "B",
    "mdmu-100-10-01.npz": "A",
    "mdmu-119-10-01.npz": "C",
    "mdmu-110-10-00.npz": "D",
    "mdmu-116-10-01.npz": "C",
    "mdmu-106-10-00.npz": "C",
    "mdmu-108-10-01.npz": "B",
    "mdmu-101-10-00.npz": "A",
    "mdmu-118-10-00.npz": "D",
    "mdmu-111-10-01.npz": "C",
    "mdmu-117-10-00.npz": "C",
    "mdmu-107-10-01.npz": "B"
}