{
    "mdmu-s00-08-00.npz": "D",
    "mdmu-s00-08-01.npz": "B",
    "mdmu-s01-08-00.npz": "A",
    "mdmu-s01-08-01.npz": "B",
    "mdmu-s02-08-00.npz": "B",
    "mdmu-s02-08-01.npz": "B",
    "mdmu-s03-08-00.npz": "D",
    "mdmu-s03-08-01.npz": "C",
    "mdmu-s04-08-00.npz": "D",
    "mdmu-s04-08-01.npz": "B",
    "mdmu-s05-08-00.npz": "D",
    "mdmu-s05-08-01.npz": "C",
    "mdmu-s06-08-00.npz": "C",
    "mdmu-s06-08-01.npz": "C",
    "mdmu-s07-08-00.npz": "D",
    "mdmu-s07-08-01.npz": "C",
    "mdmu-s08-08-00.npz": "D",
    "mdmu-s08-08-01.npz": "D",
    "mdmu-s09-08-00.npz": "C",
    "mdmu-s09-08-01.npz": "B",
    "mdmu-s10-08-00.npz": "D",
    "mdmu-s10-08-01.npz": "D",
    "mdmu-s11-08-00.npz": "A",
    "mdmu-s11-08-01.npz": "D",
    "mdmu-s12-08-00.npz": "D",
    "mdmu-s12-08-01.npz": "A",
    "mdmu-s13-08-00.npz": "C",
    "mdmu-s13-08-01.npz": "D",
    "mdmu-s14-08-00.npz": "D",
    "mdmu-s14-08-01.npz": "A",
    "mdmu-s15-08-00.npz": "C",
    "mdmu-s15-08-01.npz": "A",
    "mdmu-s16-08-00.npz": "D",
    "mdmu-s16-08-01.npz": "B",
    "mdmu-s17-08-00.npz": "C",
    "mdmu-s17-08-01.npz": "C",
    "mdmu-s18-08-00.npz": "C",
    "mdmu-s18-08-01.npz": "B",
    "mdmu-s19-08-00.npz": "B",
    "mdmu-s19-08-01.npz": "A",
    "mdmu-s20-08-00.npz": "C",
    "mdmu-s20-08-01.npz": "B",
    "mdmu-s21-08-00.npz": "D",
    "mdmu-s21-08-01.npz": "D",
    "mdmu-s22-08-00.npz": "B",
    "mdmu-s22-08-01.npz": "D",
    "mdmu-s23-08-00.npz": "D",
    "mdmu-s23-08-01.npz": "A",
    "mdmu-s24-08-00.npz": "A",
    "mdmu-s24-08-01.npz": "D",
    "mdmu-s25-08-00.npz": "D",
    "mdmu-s25-08-01.npz": "B",
    "mdmu-s26-08-00.npz": "B",
    "mdmu-s26-08-01.npz": "B",
    "mdmu-s27-08-00.npz": "C",
    "mdmu-s27-08-01.npz": "C",
    "mdmu-s28-08-00.npz": "C",
    "mdmu-s28-08-01.npz": "D",
    "mdmu-s29-08-00.npz": "C",
    "mdmu-s29-08-01.npz": "B",
    "mdmu-s30-08-00.npz": "C",
    "mdmu-s30-08-01.npz": "A",
    "mdmu-s31-08-00.npz": "B",
    "mdmu-s31-08-01.npz": "A",
    "mdmu-s32-08-00.npz": "D",
    "mdmu-s32-08-01.npz": "B",
    "mdmu-s33-08-00.npz": "C",
    "mdmu-s33-08-01.npz": "A",
    "mdmu-s34-08-00.npz": "C",
    "mdmu-s34-08-01.npz": "A",
    "mdmu-s35-08-00.npz": "B",
    "mdmu-s35-08-01.npz": "A",
    "mdmu-s36-08-00.npz": "B",
    "mdmu-s36-08-01.npz": "D",
    "mdmu-s37-08-00.npz": "C",
    "mdmu-s37-08-01.npz": "D",
    "mdmu-s38-08-00.npz": "B",
    "mdmu-s38-08-01.npz": "A",
    "mdmu-s39-08-00.npz": "A",
    "mdmu-s39-08-01.npz": "D",
    "mdmu-s40-08-01.npz": "C",
    "mdmu-s41-08-00.npz": "C",
    "mdmu-s41-08-01.npz": "B",
    "mdmu-s42-08-00.npz": "C",
    "mdmu-s42-08-01.npz": "B",
    "mdmu-s43-08-00.npz": "C",
    "mdmu-s43-08-01.npz": "B",
    "mdmu-s44-08-00.npz": "A",
    "mdmu-s44-08-01.npz": "C",
    "mdmu-s45-08-00.npz": "D",
    "mdmu-s45-08-01.npz": "A",
    "mdmu-s46-08-00.npz": "D",
    "mdmu-s46-08-01.npz": "C",
    "mdmu-s47-08-00.npz": "B",
    "mdmu-s47-08-01.npz": "B",
    "mdmu-s48-08-00.npz": "D",
    "mdmu-s48-08-01.npz": "C",
    "mdmu-s49-08-00.npz": "D",
    "mdmu-s49-08-01.npz": "C",
    "mdmu-s50-08-01.npz": "C",
    "mdmu-s51-08-00.npz": "D",
    "mdmu-s51-08-01.npz": "B",
    "mdmu-s52-08-00.npz": "D",
    "mdmu-s52-08-01.npz": "B",
    "mdmu-s53-08-00.npz": "B",
    "mdmu-s53-08-01.npz": "A",
    "mdmu-s54-08-00.npz": "C",
    "mdmu-s54-08-01.npz": "B",
    "mdmu-s55-08-00.npz": "B",
    "mdmu-s55-08-01.npz": "D",
    "mdmu-s56-08-00.npz": "D",
    "mdmu-s56-08-01.npz": "B",
    "mdmu-s57-08-00.npz": "B",
    "mdmu-s57-08-01.npz": "D",
    "mdmu-s58-08-00.npz": "A",
    "mdmu-s58-08-01.npz": "C",
    "mdmu-s59-08-00.npz": "B",
    "mdmu-s59-08-01.npz": "A",
    "mdmu-s60-08-01.npz": "A",
    "mdmu-s61-08-00.npz": "B",
    "mdmu-s61-08-01.npz": "D",
    "mdmu-s62-08-00.npz": "C",
    "mdmu-s62-08-01.npz": "allgood",
    "mdmu-s63-08-00.npz": "C",
    "mdmu-s63-08-01.npz": "C",
    "mdmu-s64-08-00.npz": "C",
    "mdmu-s64-08-01.npz": "C",
    "mdmu-s65-08-00.npz": "A",
    "mdmu-s65-08-01.npz": "A",
    "mdmu-s66-08-00.npz": "C",
    "mdmu-s66-08-01.npz": "D",
    "mdmu-s67-08-00.npz": "D",
    "mdmu-s67-08-01.npz": "D",
    "mdmu-s68-08-00.npz": "A",
    "mdmu-s68-08-01.npz": "B",
    "mdmu-s69-08-00.npz": "A",
    "mdmu-s69-08-01.npz": "B",
    "mdmu-s70-08-01.npz": "D",
    "mdmu-s71-08-00.npz": "D",
    "mdmu-s71-08-01.npz": "A",
    "mdmu-s72-08-00.npz": "C",
    "mdmu-s72-08-01.npz": "C",
    "mdmu-s73-08-00.npz": "A",
    "mdmu-s73-08-01.npz": "B",
    "mdmu-s74-08-00.npz": "A",
    "mdmu-s74-08-01.npz": "C",
    "mdmu-s75-08-00.npz": "D",
    "mdmu-s75-08-01.npz": "B",
    "mdmu-s76-08-00.npz": "D",
    "mdmu-s76-08-01.npz": "B",
    "mdmu-s77-08-00.npz": "A",
    "mdmu-s77-08-01.npz": "B",
    "mdmu-s78-08-00.npz": "B",
    "mdmu-s78-08-01.npz": "A",
    "mdmu-s79-08-00.npz": "C",
    "mdmu-s79-08-01.npz": "C",
    "mdmu-s80-08-01.npz": "C",
    "mdmu-s81-08-00.npz": "C",
    "mdmu-s81-08-01.npz": "B",
    "mdmu-s82-08-00.npz": "B",
    "mdmu-s82-08-01.npz": "A",
    "mdmu-s83-08-00.npz": "D",
    "mdmu-s83-08-01.npz": "C",
    "mdmu-s84-08-00.npz": "C",
    "mdmu-s84-08-01.npz": "D",
    "mdmu-s85-08-00.npz": "C",
    "mdmu-s85-08-01.npz": "A",
    "mdmu-s86-08-00.npz": "A",
    "mdmu-s86-08-01.npz": "A",
    "mdmu-s87-08-00.npz": "C",
    "mdmu-s87-08-01.npz": "D",
    "mdmu-s88-08-00.npz": "B",
    "mdmu-s88-08-01.npz": "A",
    "mdmu-s89-08-00.npz": "A",
    "mdmu-s89-08-01.npz": "C",
    "mdmu-s90-08-01.npz": "C",
    "mdmu-s91-08-00.npz": "A",
    "mdmu-s91-08-01.npz": "A",
    "mdmu-s92-08-00.npz": "B",
    "mdmu-s92-08-01.npz": "A",
    "mdmu-s93-08-00.npz": "B",
    "mdmu-s93-08-01.npz": "A",
    "mdmu-s94-08-00.npz": "B",
    "mdmu-s94-08-01.npz": "C",
    "mdmu-s95-08-00.npz": "A",
    "mdmu-s95-08-01.npz": "D",
    "mdmu-s96-08-00.npz": "C",
    "mdmu-s96-08-01.npz": "A",
    "mdmu-s97-08-00.npz": "D",
    "mdmu-s97-08-01.npz": "B",
    "mdmu-s98-08-00.npz": "D",
    "mdmu-s98-08-01.npz": "B",
    "mdmu-s99-08-00.npz": "A",
    "mdmu-s99-08-01.npz": "A"
}