{
    "mdmu-s00-02-00.npz": "allbad",
    "mdmu-s00-02-01.npz": "A",
    "mdmu-s01-02-00.npz": "D",
    "mdmu-s01-02-01.npz": "B",
    "mdmu-s02-02-00.npz": "B",
    "mdmu-s03-02-00.npz": "A",
    "mdmu-s03-02-01.npz": "A",
    "mdmu-s04-02-00.npz": "A",
    "mdmu-s04-02-01.npz": "D",
    "mdmu-s05-02-00.npz": "C",
    "mdmu-s05-02-01.npz": "B",
    "mdmu-s06-02-00.npz": "C",
    "mdmu-s06-02-01.npz": "C",
    "mdmu-s07-02-00.npz": "B",
    "mdmu-s07-02-01.npz": "B",
    "mdmu-s08-02-00.npz": "D",
    "mdmu-s08-02-01.npz": "C",
    "mdmu-s09-02-00.npz": "B",
    "mdmu-s09-02-01.npz": "B",
    "mdmu-s10-02-00.npz": "A",
    "mdmu-s10-02-01.npz": "D",
    "mdmu-s11-02-00.npz": "D",
    "mdmu-s11-02-01.npz": "C",
    "mdmu-s12-02-00.npz": "A",
    "mdmu-s12-02-01.npz": "B",
    "mdmu-s13-02-00.npz": "A",
    "mdmu-s13-02-01.npz": "C",
    "mdmu-s14-02-00.npz": "D",
    "mdmu-s14-02-01.npz": "D",
    "mdmu-s15-02-00.npz": "B",
    "mdmu-s15-02-01.npz": "C",
    "mdmu-s16-02-00.npz": "C",
    "mdmu-s16-02-01.npz": "D",
    "mdmu-s17-02-00.npz": "C",
    "mdmu-s17-02-01.npz": "C",
    "mdmu-s18-02-00.npz": "A",
    "mdmu-s18-02-01.npz": "B",
    "mdmu-s19-02-00.npz": "C",
    "mdmu-s19-02-01.npz": "D",
    "mdmu-s20-02-00.npz": "B",
    "mdmu-s20-02-01.npz": "D",
    "mdmu-s21-02-00.npz": "C",
    "mdmu-s21-02-01.npz": "C",
    "mdmu-s22-02-00.npz": "B",
    "mdmu-s22-02-01.npz": "A",
    "mdmu-s23-02-00.npz": "D",
    "mdmu-s23-02-01.npz": "C",
    "mdmu-s24-02-00.npz": "B",
    "mdmu-s24-02-01.npz": "D",
    "mdmu-s25-02-00.npz": "A",
    "mdmu-s25-02-01.npz": "A",
    "mdmu-s26-02-00.npz": "A",
    "mdmu-s26-02-01.npz": "B",
    "mdmu-s27-02-00.npz": "D",
    "mdmu-s27-02-01.npz": "A",
    "mdmu-s28-02-00.npz": "B",
    "mdmu-s28-02-01.npz": "B",
    "mdmu-s29-02-00.npz": "A",
    "mdmu-s29-02-01.npz": "C",
    "mdmu-s30-02-00.npz": "A",
    "mdmu-s30-02-01.npz": "A",
    "mdmu-s31-02-00.npz": "C",
    "mdmu-s31-02-01.npz": "B",
    "mdmu-s32-02-00.npz": "D",
    "mdmu-s32-02-01.npz": "D",
    "mdmu-s33-02-00.npz": "D",
    "mdmu-s33-02-01.npz": "A",
    "mdmu-s34-02-00.npz": "B",
    "mdmu-s34-02-01.npz": "D",
    "mdmu-s35-02-00.npz": "A",
    "mdmu-s35-02-01.npz": "B",
    "mdmu-s36-02-00.npz": "A",
    "mdmu-s36-02-01.npz": "A",
    "mdmu-s37-02-00.npz": "C",
    "mdmu-s37-02-01.npz": "A",
    "mdmu-s38-02-00.npz": "D",
    "mdmu-s38-02-01.npz": "A",
    "mdmu-s39-02-00.npz": "D",
    "mdmu-s39-02-01.npz": "A",
    "mdmu-s40-02-01.npz": "D",
    "mdmu-s41-02-00.npz": "C",
    "mdmu-s41-02-01.npz": "A",
    "mdmu-s42-02-00.npz": "B",
    "mdmu-s42-02-01.npz": "C",
    "mdmu-s43-02-00.npz": "B",
    "mdmu-s43-02-01.npz": "A",
    "mdmu-s44-02-00.npz": "B",
    "mdmu-s44-02-01.npz": "D",
    "mdmu-s45-02-00.npz": "D",
    "mdmu-s45-02-01.npz": "D",
    "mdmu-s46-02-00.npz": "C",
    "mdmu-s46-02-01.npz": "D",
    "mdmu-s47-02-00.npz": "C",
    "mdmu-s47-02-01.npz": "A",
    "mdmu-s48-02-00.npz": "D",
    "mdmu-s48-02-01.npz": "B",
    "mdmu-s49-02-00.npz": "B",
    "mdmu-s49-02-01.npz": "B",
    "mdmu-s50-02-01.npz": "D",
    "mdmu-s51-02-00.npz": "B",
    "mdmu-s51-02-01.npz": "B",
    "mdmu-s52-02-00.npz": "C",
    "mdmu-s52-02-01.npz": "C",
    "mdmu-s53-02-00.npz": "A",
    "mdmu-s53-02-01.npz": "C",
    "mdmu-s54-02-00.npz": "C",
    "mdmu-s54-02-01.npz": "C",
    "mdmu-s55-02-00.npz": "D",
    "mdmu-s55-02-01.npz": "D",
    "mdmu-s56-02-00.npz": "C",
    "mdmu-s56-02-01.npz": "A",
    "mdmu-s57-02-00.npz": "C",
    "mdmu-s57-02-01.npz": "A",
    "mdmu-s58-02-00.npz": "B",
    "mdmu-s58-02-01.npz": "A",
    "mdmu-s59-02-00.npz": "C",
    "mdmu-s59-02-01.npz": "D",
    "mdmu-s60-02-01.npz": "D",
    "mdmu-s61-02-00.npz": "C",
    "mdmu-s61-02-01.npz": "B",
    "mdmu-s62-02-00.npz": "B",
    "mdmu-s62-02-01.npz": "D",
    "mdmu-s63-02-00.npz": "C",
    "mdmu-s63-02-01.npz": "C",
    "mdmu-s64-02-00.npz": "C",
    "mdmu-s64-02-01.npz": "A",
    "mdmu-s65-02-00.npz": "B",
    "mdmu-s65-02-01.npz": "A",
    "mdmu-s66-02-00.npz": "B",
    "mdmu-s66-02-01.npz": "A",
    "mdmu-s67-02-00.npz": "D",
    "mdmu-s67-02-01.npz": "A",
    "mdmu-s68-02-00.npz": "B",
    "mdmu-s68-02-01.npz": "B",
    "mdmu-s69-02-00.npz": "allbad",
    "mdmu-s69-02-01.npz": "B",
    "mdmu-s70-02-01.npz": "B",
    "mdmu-s71-02-00.npz": "D",
    "mdmu-s71-02-01.npz": "C",
    "mdmu-s72-02-00.npz": "D",
    "mdmu-s72-02-01.npz": "A",
    "mdmu-s73-02-00.npz": "D",
    "mdmu-s73-02-01.npz": "C",
    "mdmu-s74-02-00.npz": "B",
    "mdmu-s74-02-01.npz": "A",
    "mdmu-s75-02-00.npz": "C",
    "mdmu-s75-02-01.npz": "A",
    "mdmu-s76-02-00.npz": "C",
    "mdmu-s76-02-01.npz": "B",
    "mdmu-s77-02-00.npz": "C",
    "mdmu-s77-02-01.npz": "C",
    "mdmu-s78-02-00.npz": "B",
    "mdmu-s78-02-01.npz": "D",
    "mdmu-s79-02-00.npz": "D",
    "mdmu-s79-02-01.npz": "B",
    "mdmu-s80-02-01.npz": "A",
    "mdmu-s81-02-00.npz": "A",
    "mdmu-s81-02-01.npz": "C",
    "mdmu-s82-02-00.npz": "B",
    "mdmu-s82-02-01.npz": "A",
    "mdmu-s83-02-00.npz": "A",
    "mdmu-s83-02-01.npz": "B",
    "mdmu-s84-02-00.npz": "C",
    "mdmu-s84-02-01.npz": "A",
    "mdmu-s85-02-00.npz": "B",
    "mdmu-s85-02-01.npz": "B",
    "mdmu-s86-02-00.npz": "D",
    "mdmu-s86-02-01.npz": "B",
    "mdmu-s87-02-00.npz": "B",
    "mdmu-s87-02-01.npz": "B",
    "mdmu-s88-02-00.npz": "C",
    "mdmu-s88-02-01.npz": "C",
    "mdmu-s89-02-00.npz": "D",
    "mdmu-s89-02-01.npz": "A",
    "mdmu-s90-02-01.npz": "C",
    "mdmu-s91-02-00.npz": "D",
    "mdmu-s91-02-01.npz": "A",
    "mdmu-s92-02-00.npz": "C",
    "mdmu-s92-02-01.npz": "B",
    "mdmu-s93-02-00.npz": "C",
    "mdmu-s93-02-01.npz": "C",
    "mdmu-s94-02-00.npz": "A",
    "mdmu-s94-02-01.npz": "B",
    "mdmu-s95-02-00.npz": "C",
    "mdmu-s95-02-01.npz": "C",
    "mdmu-s96-02-00.npz": "D",
    "mdmu-s96-02-01.npz": "D",
    "mdmu-s97-02-00.npz": "C",
    "mdmu-s97-02-01.npz": "C",
    "mdmu-s98-02-00.npz": "C",
    "mdmu-s98-02-01.npz": "D",
    "mdmu-s99-02-00.npz": "C",
    "mdmu-s99-02-01.npz": "C"
}