{"mdmu-s00-00-00.npz": "A", "mdmu-s00-00-01.npz": "D", "mdmu-s01-00-00.npz": "A", "mdmu-s01-00-01.npz": "D", "mdmu-s02-00-00.npz": "D", "mdmu-s02-00-01.npz": "D", "mdmu-s03-00-00.npz": "C", "mdmu-s03-00-01.npz": "B", "mdmu-s04-00-00.npz": "B", "mdmu-s04-00-01.npz": "B", "mdmu-s05-00-00.npz": "D", "mdmu-s05-00-01.npz": "C", "mdmu-s06-00-00.npz": "B", "mdmu-s06-00-01.npz": "A", "mdmu-s07-00-00.npz": "C", "mdmu-s07-00-01.npz": "D", "mdmu-s08-00-00.npz": "B", "mdmu-s09-00-00.npz": "B", "mdmu-s09-00-01.npz": "C", "mdmu-s10-00-01.npz": "A", "mdmu-s11-00-00.npz": "D", "mdmu-s11-00-01.npz": "B", "mdmu-s12-00-00.npz": "D", "mdmu-s12-00-01.npz": "C", "mdmu-s13-00-00.npz": "A", "mdmu-s13-00-01.npz": "A", "mdmu-s14-00-00.npz": "B", "mdmu-s14-00-01.npz": "C", "mdmu-s15-00-00.npz": "C", "mdmu-s15-00-01.npz": "B", "mdmu-s16-00-00.npz": "A", "mdmu-s16-00-01.npz": "C", "mdmu-s17-00-00.npz": "B", "mdmu-s17-00-01.npz": "D", "mdmu-s18-00-00.npz": "C", "mdmu-s18-00-01.npz": "B", "mdmu-s19-00-00.npz": "C", "mdmu-s19-00-01.npz": "A", "mdmu-s20-00-00.npz": "A", "mdmu-s20-00-01.npz": "A", "mdmu-s21-00-00.npz": "C", "mdmu-s21-00-01.npz": "B", "mdmu-s22-00-00.npz": "A", "mdmu-s22-00-01.npz": "A", "mdmu-s23-00-00.npz": "B", "mdmu-s23-00-01.npz": "D", "mdmu-s24-00-00.npz": "B", "mdmu-s24-00-01.npz": "C", "mdmu-s25-00-00.npz": "D", "mdmu-s25-00-01.npz": "D", "mdmu-s26-00-00.npz": "D", "mdmu-s26-00-01.npz": "C", "mdmu-s27-00-00.npz": "B", "mdmu-s28-00-00.npz": "D", "mdmu-s28-00-01.npz": "C", "mdmu-s29-00-00.npz": "D", "mdmu-s29-00-01.npz": "D", "mdmu-s30-00-00.npz": "C", "mdmu-s30-00-01.npz": "C", "mdmu-s31-00-00.npz": "C", "mdmu-s31-00-01.npz": "C", "mdmu-s32-00-00.npz": "B", "mdmu-s32-00-01.npz": "C", "mdmu-s33-00-00.npz": "C", "mdmu-s33-00-01.npz": "D", "mdmu-s34-00-00.npz": "D", "mdmu-s34-00-01.npz": "C", "mdmu-s35-00-00.npz": "A", "mdmu-s35-00-01.npz": "A", "mdmu-s36-00-00.npz": "B", "mdmu-s36-00-01.npz": "D", "mdmu-s37-00-00.npz": "D", "mdmu-s37-00-01.npz": "B", "mdmu-s38-00-00.npz": "C", "mdmu-s38-00-01.npz": "A", "mdmu-s39-00-00.npz": "A", "mdmu-s39-00-01.npz": "D", "mdmu-s40-00-01.npz": "D", "mdmu-s41-00-00.npz": "B", "mdmu-s41-00-01.npz": "D", "mdmu-s42-00-00.npz": "B", "mdmu-s42-00-01.npz": "C", "mdmu-s43-00-00.npz": "A", "mdmu-s43-00-01.npz": "C", "mdmu-s44-00-00.npz": "A", "mdmu-s44-00-01.npz": "D", "mdmu-s45-00-00.npz": "D", "mdmu-s45-00-01.npz": "B", "mdmu-s46-00-00.npz": "D", "mdmu-s46-00-01.npz": "C", "mdmu-s47-00-00.npz": "C", "mdmu-s47-00-01.npz": "D", "mdmu-s48-00-00.npz": "B", "mdmu-s48-00-01.npz": "A", "mdmu-s49-00-00.npz": "B", "mdmu-s49-00-01.npz": "B", "mdmu-s50-00-01.npz": "C", "mdmu-s51-00-00.npz": "B", "mdmu-s51-00-01.npz": "A", "mdmu-s52-00-00.npz": "A", "mdmu-s52-00-01.npz": "C", "mdmu-s53-00-00.npz": "C", "mdmu-s53-00-01.npz": "D", "mdmu-s54-00-00.npz": "C", "mdmu-s54-00-01.npz": "C", "mdmu-s55-00-00.npz": "D", "mdmu-s55-00-01.npz": "D", "mdmu-s56-00-00.npz": "C", "mdmu-s56-00-01.npz": "C", "mdmu-s57-00-00.npz": "A", "mdmu-s57-00-01.npz": "B", "mdmu-s58-00-00.npz": "A", "mdmu-s58-00-01.npz": "A", "mdmu-s59-00-00.npz": "D", "mdmu-s59-00-01.npz": "D", "mdmu-s60-00-01.npz": "A", "mdmu-s61-00-00.npz": "D", "mdmu-s61-00-01.npz": "B", "mdmu-s62-00-00.npz": "B", "mdmu-s62-00-01.npz": "B", "mdmu-s63-00-00.npz": "C", "mdmu-s63-00-01.npz": "C", "mdmu-s64-00-00.npz": "D", "mdmu-s64-00-01.npz": "D", "mdmu-s65-00-00.npz": "B", "mdmu-s65-00-01.npz": "B", "mdmu-s66-00-00.npz": "A", "mdmu-s66-00-01.npz": "B", "mdmu-s67-00-00.npz": "D", "mdmu-s67-00-01.npz": "C", "mdmu-s68-00-00.npz": "A", "mdmu-s68-00-01.npz": "B", "mdmu-s69-00-00.npz": "D", "mdmu-s69-00-01.npz": "C", "mdmu-s70-00-01.npz": "B", "mdmu-s71-00-00.npz": "C", "mdmu-s71-00-01.npz": "B", "mdmu-s72-00-00.npz": "D", "mdmu-s72-00-01.npz": "D", "mdmu-s73-00-00.npz": "D", "mdmu-s73-00-01.npz": "D", "mdmu-s74-00-00.npz": "A", "mdmu-s74-00-01.npz": "D", "mdmu-s75-00-00.npz": "B", "mdmu-s75-00-01.npz": "B", "mdmu-s76-00-00.npz": "C", "mdmu-s76-00-01.npz": "D", "mdmu-s77-00-00.npz": "A", "mdmu-s77-00-01.npz": "D", "mdmu-s78-00-00.npz": "A", "mdmu-s78-00-01.npz": "C", "mdmu-s79-00-00.npz": "D", "mdmu-s79-00-01.npz": "A", "mdmu-s80-00-01.npz": "C", "mdmu-s81-00-00.npz": "D", "mdmu-s81-00-01.npz": "C", "mdmu-s82-00-00.npz": "A", "mdmu-s82-00-01.npz": "D", "mdmu-s83-00-00.npz": "C", "mdmu-s83-00-01.npz": "A", "mdmu-s84-00-00.npz": "C", "mdmu-s84-00-01.npz": "B", "mdmu-s85-00-00.npz": "B", "mdmu-s85-00-01.npz": "B", "mdmu-s86-00-00.npz": "C", "mdmu-s86-00-01.npz": "C", "mdmu-s87-00-00.npz": "D", "mdmu-s87-00-01.npz": "A", "mdmu-s88-00-00.npz": "D", "mdmu-s88-00-01.npz": "B", "mdmu-s89-00-00.npz": "D", "mdmu-s89-00-01.npz": "D", "mdmu-s90-00-01.npz": "D", "mdmu-s91-00-00.npz": "B", "mdmu-s91-00-01.npz": "C", "mdmu-s92-00-00.npz": "B", "mdmu-s92-00-01.npz": "A", "mdmu-s93-00-00.npz": "B", "mdmu-s93-00-01.npz": "D", "mdmu-s94-00-00.npz": "A", "mdmu-s94-00-01.npz": "C", "mdmu-s95-00-00.npz": "A", "mdmu-s95-00-01.npz": "A", "mdmu-s96-00-00.npz": "C", "mdmu-s96-00-01.npz": "C", "mdmu-s97-00-00.npz": "B", "mdmu-s97-00-01.npz": "C", "mdmu-s98-00-00.npz": "A", "mdmu-s98-00-01.npz": "B", "mdmu-s99-00-00.npz": "B", "mdmu-s99-00-01.npz": "C"}