{"mdmu-s00-14-01.npz": "A", "mdmu-s01-14-00.npz": "B", "mdmu-s01-14-01.npz": "A", "mdmu-s03-14-00.npz": "B", "mdmu-s04-14-00.npz": "D", "mdmu-s04-14-01.npz": "D", "mdmu-s05-14-00.npz": "D", "mdmu-s06-14-00.npz": "D", "mdmu-s06-14-01.npz": "C", "mdmu-s08-14-00.npz": "D", "mdmu-s09-14-00.npz": "C", "mdmu-s10-14-00.npz": "B", "mdmu-s10-14-01.npz": "C", "mdmu-s11-14-00.npz": "C", "mdmu-s11-14-01.npz": "A", "mdmu-s12-14-00.npz": "B", "mdmu-s12-14-01.npz": "A", "mdmu-s13-14-00.npz": "D", "mdmu-s13-14-01.npz": "D", "mdmu-s14-14-00.npz": "B", "mdmu-s14-14-01.npz": "D", "mdmu-s15-14-00.npz": "C", "mdmu-s15-14-01.npz": "B", "mdmu-s16-14-00.npz": "A", "mdmu-s16-14-01.npz": "B", "mdmu-s17-14-00.npz": "C", "mdmu-s17-14-01.npz": "A", "mdmu-s18-14-00.npz": "B", "mdmu-s18-14-01.npz": "A", "mdmu-s19-14-00.npz": "D", "mdmu-s19-14-01.npz": "C", "mdmu-s20-14-00.npz": "B", "mdmu-s20-14-01.npz": "C", "mdmu-s21-14-00.npz": "A", "mdmu-s21-14-01.npz": "B", "mdmu-s22-14-00.npz": "A", "mdmu-s22-14-01.npz": "D", "mdmu-s23-14-00.npz": "C", "mdmu-s23-14-01.npz": "B", "mdmu-s24-14-01.npz": "B", "mdmu-s25-14-00.npz": "A", "mdmu-s26-14-01.npz": "D", "mdmu-s27-14-01.npz": "B", "mdmu-s28-14-00.npz": "D", "mdmu-s28-14-01.npz": "C", "mdmu-s29-14-00.npz": "C", "mdmu-s29-14-01.npz": "C", "mdmu-s30-14-00.npz": "B", "mdmu-s30-14-01.npz": "D", "mdmu-s31-14-00.npz": "A", "mdmu-s31-14-01.npz": "D", "mdmu-s32-14-00.npz": "C", "mdmu-s32-14-01.npz": "B", "mdmu-s33-14-00.npz": "C", "mdmu-s33-14-01.npz": "D", "mdmu-s34-14-00.npz": "C", "mdmu-s34-14-01.npz": "B", "mdmu-s35-14-00.npz": "D", "mdmu-s35-14-01.npz": "C", "mdmu-s36-14-00.npz": "D", "mdmu-s36-14-01.npz": "C", "mdmu-s37-14-00.npz": "C", "mdmu-s37-14-01.npz": "D", "mdmu-s38-14-00.npz": "D", "mdmu-s38-14-01.npz": "B", "mdmu-s39-14-00.npz": "D", "mdmu-s39-14-01.npz": "B", "mdmu-s40-14-01.npz": "A", "mdmu-s41-14-00.npz": "B", "mdmu-s41-14-01.npz": "A", "mdmu-s42-14-00.npz": "C", "mdmu-s42-14-01.npz": "C", "mdmu-s43-14-00.npz": "C", "mdmu-s43-14-01.npz": "A", "mdmu-s44-14-00.npz": "C", "mdmu-s45-14-00.npz": "D", "mdmu-s45-14-01.npz": "B", "mdmu-s46-14-00.npz": "B", "mdmu-s46-14-01.npz": "C", "mdmu-s47-14-00.npz": "D", "mdmu-s47-14-01.npz": "B", "mdmu-s48-14-00.npz": "B", "mdmu-s48-14-01.npz": "D", "mdmu-s49-14-00.npz": "B", "mdmu-s49-14-01.npz": "D", "mdmu-s50-14-01.npz": "A", "mdmu-s51-14-00.npz": "C", "mdmu-s51-14-01.npz": "C", "mdmu-s52-14-00.npz": "C", "mdmu-s52-14-01.npz": "B", "mdmu-s53-14-00.npz": "B", "mdmu-s53-14-01.npz": "D", "mdmu-s54-14-00.npz": "C", "mdmu-s54-14-01.npz": "D", "mdmu-s55-14-00.npz": "D", "mdmu-s55-14-01.npz": "C", "mdmu-s56-14-00.npz": "A", "mdmu-s56-14-01.npz": "B", "mdmu-s57-14-00.npz": "A", "mdmu-s57-14-01.npz": "C", "mdmu-s58-14-00.npz": "C", "mdmu-s58-14-01.npz": "A", "mdmu-s59-14-00.npz": "D", "mdmu-s59-14-01.npz": "B", "mdmu-s60-14-01.npz": "D", "mdmu-s61-14-00.npz": "B", "mdmu-s61-14-01.npz": "B", "mdmu-s62-14-00.npz": "B", "mdmu-s62-14-01.npz": "D", "mdmu-s63-14-00.npz": "C", "mdmu-s63-14-01.npz": "C", "mdmu-s64-14-00.npz": "A", "mdmu-s64-14-01.npz": "C", "mdmu-s65-14-00.npz": "D", "mdmu-s65-14-01.npz": "B", "mdmu-s66-14-00.npz": "A", "mdmu-s66-14-01.npz": "C", "mdmu-s67-14-00.npz": "D", "mdmu-s67-14-01.npz": "C", "mdmu-s68-14-00.npz": "B", "mdmu-s68-14-01.npz": "D", "mdmu-s69-14-01.npz": "D", "mdmu-s70-14-01.npz": "D", "mdmu-s71-14-00.npz": "C", "mdmu-s71-14-01.npz": "D", "mdmu-s72-14-00.npz": "B", "mdmu-s73-14-00.npz": "D", "mdmu-s73-14-01.npz": "C", "mdmu-s74-14-00.npz": "A", "mdmu-s74-14-01.npz": "B", "mdmu-s75-14-00.npz": "A", "mdmu-s75-14-01.npz": "D", "mdmu-s76-14-00.npz": "D", "mdmu-s76-14-01.npz": "B", "mdmu-s77-14-00.npz": "D", "mdmu-s77-14-01.npz": "B", "mdmu-s78-14-00.npz": "A", "mdmu-s78-14-01.npz": "D", "mdmu-s79-14-00.npz": "A", "mdmu-s79-14-01.npz": "D", "mdmu-s80-14-01.npz": "D", "mdmu-s81-14-00.npz": "C", "mdmu-s81-14-01.npz": "C", "mdmu-s82-14-00.npz": "D", "mdmu-s82-14-01.npz": "C", "mdmu-s83-14-00.npz": "D", "mdmu-s83-14-01.npz": "B", "mdmu-s84-14-00.npz": "A", "mdmu-s84-14-01.npz": "B", "mdmu-s85-14-00.npz": "C", "mdmu-s85-14-01.npz": "C", "mdmu-s86-14-00.npz": "A", "mdmu-s86-14-01.npz": "D", "mdmu-s87-14-00.npz": "D", "mdmu-s87-14-01.npz": "B", "mdmu-s88-14-00.npz": "C", "mdmu-s88-14-01.npz": "D", "mdmu-s89-14-00.npz": "A", "mdmu-s89-14-01.npz": "A", "mdmu-s90-14-01.npz": "C", "mdmu-s91-14-00.npz": "A", "mdmu-s91-14-01.npz": "A", "mdmu-s92-14-00.npz": "D", "mdmu-s92-14-01.npz": "A", "mdmu-s93-14-00.npz": "C", "mdmu-s93-14-01.npz": "D", "mdmu-s94-14-00.npz": "C", "mdmu-s94-14-01.npz": "D", "mdmu-s95-14-00.npz": "C", "mdmu-s95-14-01.npz": "A", "mdmu-s96-14-00.npz": "B", "mdmu-s96-14-01.npz": "D", "mdmu-s97-14-00.npz": "B", "mdmu-s97-14-01.npz": "D", "mdmu-s98-14-00.npz": "A", "mdmu-s98-14-01.npz": "C", "mdmu-s99-14-00.npz": "D", "mdmu-s99-14-01.npz": "D"}