{
    "mdma-127-05-00.npz": "C",
    "mdma-181-05-00.npz": "C",
    "mdma-154-05-01.npz": "D",
    "mdma-111-05-02.npz": "B",
    "mdma-100-05-04.npz": "C",
    "mdma-125-05-03.npz": "B",
    "mdma-147-05-04.npz": "B",
    "mdma-188-05-01.npz": "C",
    "mdma-183-05-03.npz": "B",
    "mdma-156-05-02.npz": "D",
    "mdma-118-05-03.npz": "C",
    "mdma-113-05-01.npz": "B",
    "mdma-137-05-01.npz": "A",
    "mdma-101-05-03.npz": "A",
    "mdma-191-05-01.npz": "C",
    "mdma-144-05-00.npz": "B",
    "mdma-124-05-04.npz": "B",
    "mdma-135-05-02.npz": "B",
    "mdma-182-05-04.npz": "B",
    "mdma-119-05-04.npz": "B",
    "mdma-103-05-00.npz": "C",
    "mdma-108-05-02.npz": "B",
    "mdma-193-05-02.npz": "D",
    "mdma-198-05-00.npz": "B",
    "mdma-146-05-03.npz": "B",
    "mdma-140-05-02.npz": "A",
    "mdma-195-05-03.npz": "A",
    "mdma-105-05-01.npz": "A",
    "mdma-151-05-04.npz": "C",
    "mdma-133-05-03.npz": "C",
    "mdma-138-05-01.npz": "C",
    "mdma-116-05-04.npz": "D",
    "mdma-142-05-01.npz": "C",
    "mdma-149-05-03.npz": "D",
    "mdma-197-05-00.npz": "D",
    "mdma-107-05-02.npz": "C",
    "mdma-131-05-00.npz": "C",
    "mdma-115-05-00.npz": "D",
    "mdma-150-05-03.npz": "C",
    "mdma-185-05-02.npz": "D",
    "mdma-194-05-04.npz": "B",
    "mdma-128-05-00.npz": "B",
    "mdma-123-05-02.npz": "B",
    "mdma-132-05-04.npz": "D",
    "mdma-148-05-04.npz": "C",
    "mdma-117-05-03.npz": "A",
    "mdma-159-05-02.npz": "C",
    "mdma-152-05-00.npz": "C",
    "mdma-187-05-01.npz": "D",
    "mdma-121-05-01.npz": "A",
    "mdma-126-05-01.npz": "C",
    "mdma-180-05-01.npz": "A",
    "mdma-155-05-00.npz": "C",
    "mdma-110-05-03.npz": "B",
    "mdma-135-05-04.npz": "D",
    "mdma-124-05-02.npz": "C",
    "mdma-108-05-04.npz": "C",
    "mdma-193-05-04.npz": "B",
    "mdma-189-05-00.npz": "D",
    "mdma-182-05-02.npz": "A",
    "mdma-157-05-03.npz": "C",
    "mdma-119-05-02.npz": "D",
    "mdma-112-05-00.npz": "C",
    "mdma-136-05-00.npz": "C",
    "mdma-100-05-02.npz": "A",
    "mdma-190-05-00.npz": "D",
    "mdma-145-05-01.npz": "C",
    "mdma-111-05-04.npz": "B",
    "mdma-134-05-03.npz": "B",
    "mdma-156-05-04.npz": "A",
    "mdma-102-05-01.npz": "A",
    "mdma-109-05-03.npz": "B",
    "mdma-192-05-03.npz": "C",
    "mdma-199-05-01.npz": "C",
    "mdma-147-05-02.npz": "B",
    "mdma-141-05-03.npz": "D",
    "mdma-194-05-02.npz": "A",
    "mdma-104-05-00.npz": "D",
    "mdma-185-05-04.npz": "C",
    "mdma-132-05-02.npz": "B",
    "mdma-139-05-00.npz": "A",
    "mdma-123-05-04.npz": "C",
    "mdma-159-05-04.npz": "C",
    "mdma-143-05-00.npz": "A",
    "mdma-148-05-02.npz": "A",
    "mdma-196-05-01.npz": "B",
    "mdma-106-05-03.npz": "B",
    "mdma-130-05-01.npz": "B",
    "mdma-114-05-01.npz": "B",
    "mdma-151-05-02.npz": "A",
    "mdma-184-05-03.npz": "A",
    "mdma-140-05-04.npz": "D",
    "mdma-129-05-01.npz": "D",
    "mdma-122-05-03.npz": "D",
    "mdma-107-05-04.npz": "B",
    "mdma-116-05-02.npz": "D",
    "mdma-158-05-03.npz": "D",
    "mdma-153-05-01.npz": "D",
    "mdma-186-05-00.npz": "C",
    "mdma-120-05-00.npz": "D",
    "mdma-125-05-02.npz": "D",
    "mdma-134-05-04.npz": "B",
    "mdma-183-05-02.npz": "A",
    "mdma-188-05-00.npz": "C",
    "mdma-156-05-03.npz": "D",
    "mdma-113-05-00.npz": "D",
    "mdma-118-05-02.npz": "B",
    "mdma-109-05-04.npz": "B",
    "mdma-192-05-04.npz": "D",
    "mdma-127-05-01.npz": "D",
    "mdma-181-05-01.npz": "C",
    "mdma-154-05-00.npz": "C",
    "mdma-111-05-03.npz": "C",
    "mdma-135-05-03.npz": "C",
    "mdma-108-05-03.npz": "B",
    "mdma-103-05-01.npz": "B",
    "mdma-198-05-01.npz": "A",
    "mdma-193-05-03.npz": "D",
    "mdma-146-05-02.npz": "D",
    "mdma-157-05-04.npz": "A",
    "mdma-137-05-00.npz": "B",
    "mdma-110-05-04.npz": "A",
    "mdma-101-05-02.npz": "A",
    "mdma-191-05-00.npz": "A",
    "mdma-144-05-01.npz": "D",
    "mdma-149-05-02.npz": "B",
    "mdma-142-05-00.npz": "A",
    "mdma-197-05-01.npz": "C",
    "mdma-107-05-03.npz": "A",
    "mdma-158-05-04.npz": "C",
    "mdma-131-05-01.npz": "D",
    "mdma-184-05-04.npz": "C",
    "mdma-140-05-03.npz": "D",
    "mdma-195-05-02.npz": "A",
    "mdma-105-05-00.npz": "D",
    "mdma-122-05-04.npz": "A",
    "mdma-138-05-00.npz": "A",
    "mdma-133-05-02.npz": "D",
    "mdma-117-05-02.npz": "A",
    "mdma-152-05-01.npz": "C",
    "mdma-159-05-03.npz": "D",
    "mdma-187-05-00.npz": "A",
    "mdma-106-05-04.npz": "B",
    "mdma-121-05-00.npz": "A",
    "mdma-141-05-04.npz": "C",
    "mdma-115-05-01.npz": "C",
    "mdma-150-05-02.npz": "A",
    "mdma-185-05-03.npz": "C",
    "mdma-123-05-03.npz": "A",
    "mdma-128-05-01.npz": "B",
    "mdma-124-05-03.npz": "D",
    "mdma-182-05-03.npz": "A",
    "mdma-189-05-01.npz": "D",
    "mdma-157-05-02.npz": "D",
    "mdma-112-05-01.npz": "C",
    "mdma-119-05-03.npz": "A",
    "mdma-146-05-04.npz": "C",
    "mdma-126-05-00.npz": "A",
    "mdma-101-05-04.npz": "D",
    "mdma-180-05-00.npz": "A",
    "mdma-155-05-01.npz": "B",
    "mdma-110-05-02.npz": "C",
    "mdma-134-05-02.npz": "B",
    "mdma-125-05-04.npz": "D",
    "mdma-109-05-02.npz": "C",
    "mdma-102-05-00.npz": "B",
    "mdma-199-05-00.npz": "C",
    "mdma-192-05-02.npz": "C",
    "mdma-147-05-03.npz": "A",
    "mdma-183-05-04.npz": "A",
    "mdma-118-05-04.npz": "C",
    "mdma-136-05-01.npz": "C",
    "mdma-100-05-03.npz": "A",
    "mdma-190-05-01.npz": "B",
    "mdma-145-05-00.npz": "C",
    "mdma-148-05-03.npz": "B",
    "mdma-143-05-01.npz": "A",
    "mdma-196-05-00.npz": "B",
    "mdma-106-05-02.npz": "A",
    "mdma-117-05-04.npz": "D",
    "mdma-130-05-00.npz": "C",
    "mdma-150-05-04.npz": "C",
    "mdma-141-05-02.npz": "D",
    "mdma-194-05-03.npz": "B",
    "mdma-104-05-01.npz": "A",
    "mdma-139-05-01.npz": "D",
    "mdma-132-05-03.npz": "C",
    "mdma-116-05-03.npz": "A",
    "mdma-153-05-00.npz": "D",
    "mdma-158-05-02.npz": "D",
    "mdma-186-05-01.npz": "A",
    "mdma-149-05-04.npz": "B",
    "mdma-120-05-01.npz": "D",
    "mdma-195-05-04.npz": "A",
    "mdma-114-05-00.npz": "C",
    "mdma-151-05-03.npz": "D",
    "mdma-184-05-02.npz": "A",
    "mdma-133-05-04.npz": "A",
    "mdma-122-05-02.npz": "B",
    "mdma-129-05-00.npz": "A",
    "mdma-101-05-01.npz": "B",
    "mdma-144-05-02.npz": "B",
    "mdma-191-05-03.npz": "C",
    "mdma-155-05-04.npz": "A",
    "mdma-137-05-03.npz": "A",
    "mdma-189-05-04.npz": "A",
    "mdma-112-05-04.npz": "A",
    "mdma-103-05-02.npz": "C",
    "mdma-108-05-00.npz": "A",
    "mdma-146-05-01.npz": "C",
    "mdma-193-05-00.npz": "B",
    "mdma-198-05-02.npz": "C",
    "mdma-135-05-00.npz": "D",
    "mdma-154-05-03.npz": "A",
    "mdma-181-05-02.npz": "B",
    "mdma-111-05-00.npz": "C",
    "mdma-190-05-04.npz": "B",
    "mdma-127-05-02.npz": "C",
    "mdma-136-05-04.npz": "B",
    "mdma-156-05-00.npz": "D",
    "mdma-188-05-03.npz": "A",
    "mdma-183-05-01.npz": "D",
    "mdma-118-05-01.npz": "D",
    "mdma-113-05-03.npz": "D",
    "mdma-125-05-01.npz": "A",
    "mdma-128-05-02.npz": "A",
    "mdma-123-05-00.npz": "A",
    "mdma-139-05-04.npz": "D",
    "mdma-115-05-02.npz": "A",
    "mdma-185-05-00.npz": "B",
    "mdma-150-05-01.npz": "D",
    "mdma-104-05-04.npz": "D",
    "mdma-121-05-03.npz": "C",
    "mdma-143-05-04.npz": "D",
    "mdma-117-05-01.npz": "D",
    "mdma-187-05-03.npz": "C",
    "mdma-159-05-00.npz": "B",
    "mdma-152-05-02.npz": "D",
    "mdma-133-05-01.npz": "D",
    "mdma-138-05-03.npz": "C",
    "mdma-195-05-01.npz": "A",
    "mdma-140-05-00.npz": "C",
    "mdma-105-05-03.npz": "D",
    "mdma-120-05-04.npz": "D",
    "mdma-131-05-02.npz": "B",
    "mdma-186-05-04.npz": "A",
    "mdma-197-05-02.npz": "C",
    "mdma-142-05-03.npz": "B",
    "mdma-149-05-01.npz": "D",
    "mdma-107-05-00.npz": "B",
    "mdma-100-05-00.npz": "B",
    "mdma-145-05-03.npz": "C",
    "mdma-190-05-02.npz": "B",
    "mdma-181-05-04.npz": "D",
    "mdma-136-05-02.npz": "A",
    "mdma-127-05-04.npz": "D",
    "mdma-102-05-03.npz": "D",
    "mdma-109-05-01.npz": "C",
    "mdma-147-05-00.npz": "A",
    "mdma-192-05-01.npz": "A",
    "mdma-199-05-03.npz": "A",
    "mdma-134-05-01.npz": "A",
    "mdma-155-05-02.npz": "A",
    "mdma-180-05-03.npz": "A",
    "mdma-110-05-01.npz": "C",
    "mdma-144-05-04.npz": "A",
    "mdma-126-05-03.npz": "A",
    "mdma-103-05-04.npz": "B",
    "mdma-198-05-04.npz": "D",
    "mdma-157-05-01.npz": "B",
    "mdma-189-05-02.npz": "C",
    "mdma-182-05-00.npz": "A",
    "mdma-119-05-00.npz": "B",
    "mdma-112-05-02.npz": "A",
    "mdma-124-05-00.npz": "C",
    "mdma-129-05-03.npz": "A",
    "mdma-122-05-01.npz": "D",
    "mdma-114-05-03.npz": "C",
    "mdma-184-05-01.npz": "A",
    "mdma-151-05-00.npz": "B",
    "mdma-131-05-04.npz": "B",
    "mdma-120-05-02.npz": "C",
    "mdma-197-05-04.npz": "B",
    "mdma-116-05-00.npz": "C",
    "mdma-186-05-02.npz": "D",
    "mdma-158-05-01.npz": "B",
    "mdma-153-05-03.npz": "A",
    "mdma-132-05-00.npz": "C",
    "mdma-139-05-02.npz": "B",
    "mdma-128-05-04.npz": "A",
    "mdma-194-05-00.npz": "B",
    "mdma-141-05-01.npz": "B",
    "mdma-104-05-02.npz": "C",
    "mdma-115-05-04.npz": "B",
    "mdma-130-05-03.npz": "B",
    "mdma-152-05-04.npz": "A",
    "mdma-196-05-03.npz": "D",
    "mdma-143-05-02.npz": "A",
    "mdma-148-05-00.npz": "D",
    "mdma-106-05-01.npz": "D",
    "mdma-108-05-01.npz": "D",
    "mdma-103-05-03.npz": "C",
    "mdma-146-05-00.npz": "D",
    "mdma-198-05-03.npz": "C",
    "mdma-193-05-01.npz": "B",
    "mdma-135-05-01.npz": "C",
    "mdma-180-05-04.npz": "B",
    "mdma-101-05-00.npz": "C",
    "mdma-144-05-03.npz": "B",
    "mdma-191-05-02.npz": "A",
    "mdma-126-05-04.npz": "D",
    "mdma-137-05-02.npz": "C",
    "mdma-156-05-01.npz": "B",
    "mdma-183-05-00.npz": "D",
    "mdma-188-05-02.npz": "D",
    "mdma-113-05-02.npz": "C",
    "mdma-118-05-00.npz": "C",
    "mdma-102-05-04.npz": "D",
    "mdma-199-05-04.npz": "A",
    "mdma-125-05-00.npz": "C",
    "mdma-145-05-04.npz": "A",
    "mdma-154-05-02.npz": "D",
    "mdma-181-05-03.npz": "A",
    "mdma-111-05-01.npz": "B",
    "mdma-127-05-03.npz": "D",
    "mdma-121-05-02.npz": "B",
    "mdma-130-05-04.npz": "A",
    "mdma-117-05-00.npz": "A",
    "mdma-187-05-02.npz": "A",
    "mdma-152-05-03.npz": "C",
    "mdma-159-05-01.npz": "C",
    "mdma-196-05-04.npz": "D",
    "mdma-123-05-01.npz": "B",
    "mdma-128-05-03.npz": "C",
    "mdma-115-05-03.npz": "D",
    "mdma-185-05-01.npz": "C",
    "mdma-150-05-00.npz": "C",
    "mdma-131-05-03.npz": "C",
    "mdma-197-05-03.npz": "C",
    "mdma-149-05-00.npz": "C",
    "mdma-142-05-02.npz": "C",
    "mdma-107-05-01.npz": "C",
    "mdma-153-05-04.npz": "B",
    "mdma-129-05-04.npz": "C",
    "mdma-138-05-02.npz": "C",
    "mdma-133-05-00.npz": "D",
    "mdma-114-05-04.npz": "A",
    "mdma-195-05-00.npz": "D",
    "mdma-140-05-01.npz": "A",
    "mdma-105-05-02.npz": "A",
    "mdma-109-05-00.npz": "C",
    "mdma-102-05-02.npz": "D",
    "mdma-147-05-01.npz": "D",
    "mdma-199-05-02.npz": "B",
    "mdma-192-05-00.npz": "B",
    "mdma-188-05-04.npz": "A",
    "mdma-113-05-04.npz": "D",
    "mdma-134-05-00.npz": "B",
    "mdma-154-05-04.npz": "A",
    "mdma-100-05-01.npz": "C",
    "mdma-145-05-02.npz": "C",
    "mdma-190-05-03.npz": "D",
    "mdma-136-05-03.npz": "D",
    "mdma-157-05-00.npz": "C",
    "mdma-182-05-01.npz": "D",
    "mdma-189-05-03.npz": "C",
    "mdma-112-05-03.npz": "D",
    "mdma-119-05-01.npz": "B",
    "mdma-124-05-01.npz": "A",
    "mdma-191-05-04.npz": "C",
    "mdma-155-05-03.npz": "D",
    "mdma-180-05-02.npz": "D",
    "mdma-110-05-00.npz": "D",
    "mdma-137-05-04.npz": "B",
    "mdma-126-05-02.npz": "C",
    "mdma-120-05-03.npz": "C",
    "mdma-116-05-01.npz": "B",
    "mdma-186-05-03.npz": "A",
    "mdma-153-05-02.npz": "B",
    "mdma-158-05-00.npz": "D",
    "mdma-142-05-04.npz": "C",
    "mdma-138-05-04.npz": "A",
    "mdma-122-05-00.npz": "C",
    "mdma-129-05-02.npz": "D",
    "mdma-105-05-04.npz": "B",
    "mdma-114-05-02.npz": "B",
    "mdma-184-05-00.npz": "A",
    "mdma-151-05-01.npz": "C",
    "mdma-130-05-02.npz": "B",
    "mdma-121-05-04.npz": "A",
    "mdma-196-05-02.npz": "A",
    "mdma-148-05-01.npz": "B",
    "mdma-143-05-03.npz": "A",
    "mdma-106-05-00.npz": "D",
    "mdma-187-05-04.npz": "A",
    "mdma-139-05-03.npz": "B",
    "mdma-132-05-01.npz": "D",
    "mdma-194-05-01.npz": "A",
    "mdma-141-05-00.npz": "D",
    "mdma-104-05-03.npz": "C"
}