{
    "mdmu-s00-16-00.npz": "A",
    "mdmu-s00-16-01.npz": "B",
    "mdmu-s01-16-00.npz": "A",
    "mdmu-s02-16-01.npz": "D",
    "mdmu-s05-16-00.npz": "D",
    "mdmu-s06-16-01.npz": "A",
    "mdmu-s07-16-00.npz": "C",
    "mdmu-s07-16-01.npz": "C",
    "mdmu-s08-16-00.npz": "D",
    "mdmu-s08-16-01.npz": "A",
    "mdmu-s09-16-01.npz": "A",
    "mdmu-s10-16-00.npz": "C",
    "mdmu-s10-16-01.npz": "A",
    "mdmu-s11-16-00.npz": "D",
    "mdmu-s11-16-01.npz": "D",
    "mdmu-s12-16-00.npz": "B",
    "mdmu-s12-16-01.npz": "A",
    "mdmu-s13-16-00.npz": "A",
    "mdmu-s13-16-01.npz": "A",
    "mdmu-s14-16-00.npz": "A",
    "mdmu-s14-16-01.npz": "C",
    "mdmu-s15-16-01.npz": "D",
    "mdmu-s16-16-00.npz": "C",
    "mdmu-s16-16-01.npz": "D",
    "mdmu-s17-16-00.npz": "A",
    "mdmu-s17-16-01.npz": "C",
    "mdmu-s18-16-00.npz": "C",
    "mdmu-s18-16-01.npz": "B",
    "mdmu-s19-16-00.npz": "C",
    "mdmu-s19-16-01.npz": "B",
    "mdmu-s20-16-00.npz": "B",
    "mdmu-s20-16-01.npz": "D",
    "mdmu-s21-16-00.npz": "C",
    "mdmu-s21-16-01.npz": "A",
    "mdmu-s22-16-00.npz": "B",
    "mdmu-s22-16-01.npz": "A",
    "mdmu-s23-16-00.npz": "B",
    "mdmu-s24-16-00.npz": "A",
    "mdmu-s24-16-01.npz": "A",
    "mdmu-s27-16-01.npz": "D",
    "mdmu-s28-16-01.npz": "D",
    "mdmu-s29-16-00.npz": "C",
    "mdmu-s29-16-01.npz": "B",
    "mdmu-s30-16-00.npz": "B",
    "mdmu-s30-16-01.npz": "C",
    "mdmu-s31-16-00.npz": "B",
    "mdmu-s31-16-01.npz": "A",
    "mdmu-s32-16-00.npz": "B",
    "mdmu-s32-16-01.npz": "D",
    "mdmu-s33-16-00.npz": "D",
    "mdmu-s33-16-01.npz": "A",
    "mdmu-s34-16-00.npz": "A",
    "mdmu-s34-16-01.npz": "C",
    "mdmu-s35-16-00.npz": "A",
    "mdmu-s35-16-01.npz": "B",
    "mdmu-s36-16-00.npz": "C",
    "mdmu-s36-16-01.npz": "B",
    "mdmu-s37-16-00.npz": "A",
    "mdmu-s37-16-01.npz": "B",
    "mdmu-s38-16-00.npz": "C",
    "mdmu-s38-16-01.npz": "C",
    "mdmu-s39-16-00.npz": "A",
    "mdmu-s39-16-01.npz": "D",
    "mdmu-s40-16-01.npz": "A",
    "mdmu-s41-16-00.npz": "C",
    "mdmu-s41-16-01.npz": "B",
    "mdmu-s42-16-00.npz": "B",
    "mdmu-s42-16-01.npz": "A",
    "mdmu-s43-16-00.npz": "allbad",
    "mdmu-s43-16-01.npz": "C",
    "mdmu-s44-16-00.npz": "C",
    "mdmu-s44-16-01.npz": "C",
    "mdmu-s45-16-00.npz": "B",
    "mdmu-s45-16-01.npz": "D",
    "mdmu-s46-16-00.npz": "B",
    "mdmu-s46-16-01.npz": "B",
    "mdmu-s47-16-00.npz": "D",
    "mdmu-s47-16-01.npz": "B",
    "mdmu-s48-16-00.npz": "D",
    "mdmu-s48-16-01.npz": "D",
    "mdmu-s49-16-00.npz": "B",
    "mdmu-s49-16-01.npz": "A",
    "mdmu-s50-16-01.npz": "A",
    "mdmu-s51-16-00.npz": "D",
    "mdmu-s51-16-01.npz": "D",
    "mdmu-s52-16-01.npz": "B",
    "mdmu-s53-16-00.npz": "B",
    "mdmu-s53-16-01.npz": "B",
    "mdmu-s54-16-00.npz": "D",
    "mdmu-s54-16-01.npz": "B",
    "mdmu-s55-16-00.npz": "C",
    "mdmu-s55-16-01.npz": "A",
    "mdmu-s56-16-00.npz": "C",
    "mdmu-s56-16-01.npz": "B",
    "mdmu-s57-16-00.npz": "D",
    "mdmu-s57-16-01.npz": "C",
    "mdmu-s58-16-00.npz": "C",
    "mdmu-s58-16-01.npz": "B",
    "mdmu-s59-16-00.npz": "B",
    "mdmu-s59-16-01.npz": "B",
    "mdmu-s60-16-01.npz": "A",
    "mdmu-s61-16-00.npz": "C",
    "mdmu-s61-16-01.npz": "B",
    "mdmu-s62-16-00.npz": "D",
    "mdmu-s62-16-01.npz": "D",
    "mdmu-s63-16-00.npz": "B",
    "mdmu-s63-16-01.npz": "B",
    "mdmu-s64-16-00.npz": "D",
    "mdmu-s64-16-01.npz": "C",
    "mdmu-s65-16-00.npz": "A",
    "mdmu-s65-16-01.npz": "B",
    "mdmu-s66-16-00.npz": "A",
    "mdmu-s66-16-01.npz": "D",
    "mdmu-s67-16-00.npz": "B",
    "mdmu-s67-16-01.npz": "D",
    "mdmu-s68-16-00.npz": "D",
    "mdmu-s68-16-01.npz": "B",
    "mdmu-s69-16-00.npz": "A",
    "mdmu-s69-16-01.npz": "C",
    "mdmu-s70-16-01.npz": "B",
    "mdmu-s71-16-00.npz": "D",
    "mdmu-s71-16-01.npz": "D",
    "mdmu-s72-16-00.npz": "B",
    "mdmu-s72-16-01.npz": "B",
    "mdmu-s73-16-00.npz": "D",
    "mdmu-s73-16-01.npz": "C",
    "mdmu-s74-16-00.npz": "C",
    "mdmu-s74-16-01.npz": "A",
    "mdmu-s75-16-00.npz": "C",
    "mdmu-s75-16-01.npz": "B",
    "mdmu-s76-16-00.npz": "B",
    "mdmu-s76-16-01.npz": "D",
    "mdmu-s77-16-00.npz": "B",
    "mdmu-s77-16-01.npz": "D",
    "mdmu-s78-16-00.npz": "A",
    "mdmu-s78-16-01.npz": "C",
    "mdmu-s79-16-00.npz": "C",
    "mdmu-s79-16-01.npz": "A",
    "mdmu-s80-16-01.npz": "C",
    "mdmu-s81-16-00.npz": "C",
    "mdmu-s81-16-01.npz": "C",
    "mdmu-s82-16-00.npz": "A",
    "mdmu-s82-16-01.npz": "A",
    "mdmu-s83-16-00.npz": "B",
    "mdmu-s83-16-01.npz": "A",
    "mdmu-s84-16-00.npz": "D",
    "mdmu-s84-16-01.npz": "B",
    "mdmu-s85-16-00.npz": "D",
    "mdmu-s85-16-01.npz": "C",
    "mdmu-s86-16-00.npz": "C",
    "mdmu-s86-16-01.npz": "D",
    "mdmu-s87-16-00.npz": "C",
    "mdmu-s87-16-01.npz": "B",
    "mdmu-s88-16-00.npz": "B",
    "mdmu-s88-16-01.npz": "C",
    "mdmu-s89-16-00.npz": "D",
    "mdmu-s89-16-01.npz": "C",
    "mdmu-s90-16-01.npz": "C",
    "mdmu-s91-16-00.npz": "D",
    "mdmu-s91-16-01.npz": "A",
    "mdmu-s92-16-00.npz": "B",
    "mdmu-s92-16-01.npz": "B",
    "mdmu-s93-16-00.npz": "C",
    "mdmu-s93-16-01.npz": "A",
    "mdmu-s94-16-00.npz": "A",
    "mdmu-s94-16-01.npz": "C",
    "mdmu-s95-16-00.npz": "A",
    "mdmu-s95-16-01.npz": "D",
    "mdmu-s96-16-00.npz": "D",
    "mdmu-s96-16-01.npz": "C",
    "mdmu-s97-16-00.npz": "A",
    "mdmu-s97-16-01.npz": "C",
    "mdmu-s98-16-00.npz": "C",
    "mdmu-s98-16-01.npz": "D",
    "mdmu-s99-16-00.npz": "B",
    "mdmu-s99-16-01.npz": "A"
}