{
    "mdmu-s42-23-00.npz": "C",
    "mdmu-107-23-01.npz": "C",
    "mdmu-117-23-00.npz": "B",
    "mdmu-111-23-01.npz": "D",
    "mdmu-118-23-00.npz": "D",
    "mdmu-101-23-00.npz": "B",
    "mdmu-108-23-01.npz": "A",
    "mdmu-106-23-00.npz": "B",
    "mdmu-116-23-01.npz": "D",
    "mdmu-110-23-00.npz": "C",
    "mdmu-119-23-01.npz": "A",
    "mdmu-100-23-01.npz": "D",
    "mdmu-109-23-00.npz": "B",
    "mdmu-107-23-00.npz": "C",
    "mdmu-117-23-01.npz": "B",
    "mdmu-118-23-01.npz": "D",
    "mdmu-111-23-00.npz": "A",
    "mdmu-108-23-00.npz": "A",
    "mdmu-101-23-01.npz": "A",
    "mdmu-106-23-01.npz": "B",
    "mdmu-116-23-00.npz": "D",
    "mdmu-110-23-01.npz": "A",
    "mdmu-109-23-01.npz": "D",
    "mdmu-100-23-00.npz": "D",
    "mdmu-115-23-01.npz": "A",
    "mdmu-105-23-00.npz": "C",
    "mdmu-103-23-01.npz": "D",
    "mdmu-113-23-00.npz": "D",
    "mdmu-114-23-00.npz": "A",
    "mdmu-104-23-01.npz": "D",
    "mdmu-102-23-00.npz": "C",
    "mdmu-112-23-01.npz": "B",
    "mdmu-115-23-00.npz": "A",
    "mdmu-105-23-01.npz": "D",
    "mdmu-103-23-00.npz": "A",
    "mdmu-113-23-01.npz": "B",
    "mdmu-114-23-01.npz": "C",
    "mdmu-104-23-00.npz": "B",
    "mdmu-102-23-01.npz": "D",
    "mdmu-112-23-00.npz": "D"
}