{
    "mdmu-s00-05-00.npz": "D",
    "mdmu-s00-05-01.npz": "A",
    "mdmu-s01-05-00.npz": "B",
    "mdmu-s01-05-01.npz": "B",
    "mdmu-s02-05-00.npz": "C",
    "mdmu-s03-05-00.npz": "D",
    "mdmu-s03-05-01.npz": "D",
    "mdmu-s04-05-00.npz": "A",
    "mdmu-s04-05-01.npz": "D",
    "mdmu-s05-05-00.npz": "D",
    "mdmu-s05-05-01.npz": "C",
    "mdmu-s06-05-00.npz": "D",
    "mdmu-s06-05-01.npz": "B",
    "mdmu-s07-05-00.npz": "D",
    "mdmu-s07-05-01.npz": "B",
    "mdmu-s08-05-00.npz": "A",
    "mdmu-s08-05-01.npz": "A",
    "mdmu-s09-05-00.npz": "A",
    "mdmu-s09-05-01.npz": "B",
    "mdmu-s10-05-00.npz": "C",
    "mdmu-s10-05-01.npz": "D",
    "mdmu-s11-05-00.npz": "D",
    "mdmu-s11-05-01.npz": "B",
    "mdmu-s12-05-00.npz": "A",
    "mdmu-s12-05-01.npz": "B",
    "mdmu-s13-05-00.npz": "B",
    "mdmu-s13-05-01.npz": "A",
    "mdmu-s14-05-00.npz": "D",
    "mdmu-s14-05-01.npz": "A",
    "mdmu-s15-05-00.npz": "C",
    "mdmu-s15-05-01.npz": "D",
    "mdmu-s16-05-00.npz": "A",
    "mdmu-s16-05-01.npz": "C",
    "mdmu-s17-05-00.npz": "A",
    "mdmu-s17-05-01.npz": "C",
    "mdmu-s18-05-00.npz": "C",
    "mdmu-s18-05-01.npz": "A",
    "mdmu-s19-05-00.npz": "A",
    "mdmu-s19-05-01.npz": "A",
    "mdmu-s20-05-00.npz": "A",
    "mdmu-s20-05-01.npz": "A",
    "mdmu-s21-05-00.npz": "A",
    "mdmu-s21-05-01.npz": "A",
    "mdmu-s22-05-00.npz": "A",
    "mdmu-s22-05-01.npz": "B",
    "mdmu-s23-05-01.npz": "C",
    "mdmu-s24-05-00.npz": "B",
    "mdmu-s24-05-01.npz": "B",
    "mdmu-s25-05-00.npz": "A",
    "mdmu-s25-05-01.npz": "B",
    "mdmu-s26-05-00.npz": "B",
    "mdmu-s26-05-01.npz": "C",
    "mdmu-s27-05-00.npz": "A",
    "mdmu-s27-05-01.npz": "D",
    "mdmu-s28-05-00.npz": "C",
    "mdmu-s28-05-01.npz": "B",
    "mdmu-s29-05-00.npz": "D",
    "mdmu-s29-05-01.npz": "C",
    "mdmu-s30-05-00.npz": "B",
    "mdmu-s30-05-01.npz": "D",
    "mdmu-s31-05-00.npz": "D",
    "mdmu-s31-05-01.npz": "A",
    "mdmu-s32-05-00.npz": "C",
    "mdmu-s32-05-01.npz": "B",
    "mdmu-s33-05-00.npz": "C",
    "mdmu-s33-05-01.npz": "B",
    "mdmu-s34-05-00.npz": "A",
    "mdmu-s34-05-01.npz": "C",
    "mdmu-s35-05-00.npz": "B",
    "mdmu-s35-05-01.npz": "A",
    "mdmu-s36-05-00.npz": "B",
    "mdmu-s36-05-01.npz": "D",
    "mdmu-s37-05-00.npz": "D",
    "mdmu-s37-05-01.npz": "C",
    "mdmu-s38-05-00.npz": "A",
    "mdmu-s38-05-01.npz": "D",
    "mdmu-s39-05-00.npz": "D",
    "mdmu-s39-05-01.npz": "D",
    "mdmu-s40-05-01.npz": "D",
    "mdmu-s41-05-00.npz": "D",
    "mdmu-s41-05-01.npz": "C",
    "mdmu-s42-05-00.npz": "A",
    "mdmu-s42-05-01.npz": "A",
    "mdmu-s43-05-00.npz": "D",
    "mdmu-s43-05-01.npz": "D",
    "mdmu-s44-05-00.npz": "A",
    "mdmu-s44-05-01.npz": "B",
    "mdmu-s45-05-00.npz": "B",
    "mdmu-s45-05-01.npz": "C",
    "mdmu-s46-05-00.npz": "D",
    "mdmu-s46-05-01.npz": "A",
    "mdmu-s47-05-00.npz": "C",
    "mdmu-s47-05-01.npz": "D",
    "mdmu-s48-05-00.npz": "A",
    "mdmu-s48-05-01.npz": "B",
    "mdmu-s49-05-00.npz": "D",
    "mdmu-s49-05-01.npz": "D",
    "mdmu-s50-05-01.npz": "D",
    "mdmu-s51-05-00.npz": "B",
    "mdmu-s51-05-01.npz": "C",
    "mdmu-s52-05-00.npz": "C",
    "mdmu-s52-05-01.npz": "allgood",
    "mdmu-s53-05-00.npz": "C",
    "mdmu-s53-05-01.npz": "D",
    "mdmu-s54-05-00.npz": "A",
    "mdmu-s54-05-01.npz": "A",
    "mdmu-s55-05-00.npz": "D",
    "mdmu-s55-05-01.npz": "A",
    "mdmu-s56-05-00.npz": "D",
    "mdmu-s56-05-01.npz": "B",
    "mdmu-s57-05-00.npz": "C",
    "mdmu-s57-05-01.npz": "A",
    "mdmu-s58-05-00.npz": "B",
    "mdmu-s58-05-01.npz": "C",
    "mdmu-s59-05-00.npz": "A",
    "mdmu-s59-05-01.npz": "D",
    "mdmu-s60-05-01.npz": "A",
    "mdmu-s61-05-00.npz": "D",
    "mdmu-s61-05-01.npz": "D",
    "mdmu-s62-05-00.npz": "D",
    "mdmu-s62-05-01.npz": "B",
    "mdmu-s63-05-00.npz": "C",
    "mdmu-s63-05-01.npz": "B",
    "mdmu-s64-05-00.npz": "A",
    "mdmu-s64-05-01.npz": "C",
    "mdmu-s65-05-00.npz": "A",
    "mdmu-s65-05-01.npz": "A",
    "mdmu-s66-05-00.npz": "A",
    "mdmu-s66-05-01.npz": "D",
    "mdmu-s67-05-00.npz": "A",
    "mdmu-s67-05-01.npz": "C",
    "mdmu-s68-05-00.npz": "D",
    "mdmu-s68-05-01.npz": "C",
    "mdmu-s69-05-00.npz": "D",
    "mdmu-s69-05-01.npz": "B",
    "mdmu-s70-05-01.npz": "B",
    "mdmu-s71-05-00.npz": "B",
    "mdmu-s71-05-01.npz": "A",
    "mdmu-s72-05-00.npz": "A",
    "mdmu-s72-05-01.npz": "D",
    "mdmu-s73-05-00.npz": "B",
    "mdmu-s73-05-01.npz": "D",
    "mdmu-s74-05-00.npz": "A",
    "mdmu-s74-05-01.npz": "C",
    "mdmu-s75-05-00.npz": "B",
    "mdmu-s75-05-01.npz": "A",
    "mdmu-s76-05-00.npz": "C",
    "mdmu-s76-05-01.npz": "D",
    "mdmu-s77-05-00.npz": "C",
    "mdmu-s77-05-01.npz": "B",
    "mdmu-s78-05-00.npz": "A",
    "mdmu-s78-05-01.npz": "C",
    "mdmu-s79-05-00.npz": "A",
    "mdmu-s79-05-01.npz": "A",
    "mdmu-s80-05-01.npz": "B",
    "mdmu-s81-05-00.npz": "D",
    "mdmu-s81-05-01.npz": "C",
    "mdmu-s82-05-00.npz": "D",
    "mdmu-s82-05-01.npz": "B",
    "mdmu-s83-05-00.npz": "B",
    "mdmu-s83-05-01.npz": "D",
    "mdmu-s84-05-00.npz": "A",
    "mdmu-s84-05-01.npz": "A",
    "mdmu-s85-05-00.npz": "A",
    "mdmu-s85-05-01.npz": "A",
    "mdmu-s86-05-00.npz": "C",
    "mdmu-s86-05-01.npz": "A",
    "mdmu-s87-05-00.npz": "B",
    "mdmu-s87-05-01.npz": "D",
    "mdmu-s88-05-00.npz": "A",
    "mdmu-s88-05-01.npz": "A",
    "mdmu-s89-05-00.npz": "A",
    "mdmu-s89-05-01.npz": "A",
    "mdmu-s90-05-01.npz": "A",
    "mdmu-s91-05-00.npz": "D",
    "mdmu-s91-05-01.npz": "B",
    "mdmu-s92-05-00.npz": "B",
    "mdmu-s92-05-01.npz": "A",
    "mdmu-s93-05-00.npz": "D",
    "mdmu-s93-05-01.npz": "D",
    "mdmu-s94-05-00.npz": "B",
    "mdmu-s94-05-01.npz": "D",
    "mdmu-s95-05-00.npz": "A",
    "mdmu-s95-05-01.npz": "A",
    "mdmu-s96-05-00.npz": "D",
    "mdmu-s96-05-01.npz": "C",
    "mdmu-s97-05-00.npz": "B",
    "mdmu-s97-05-01.npz": "A",
    "mdmu-s98-05-00.npz": "A",
    "mdmu-s98-05-01.npz": "C",
    "mdmu-s99-05-00.npz": "A",
    "mdmu-s99-05-01.npz": "A"
}