{
    "mdma-s10-07-00.npz": "C",
    "mdma-s10-07-01.npz": "D",
    "mdma-s10-07-02.npz": "D",
    "mdma-s10-07-03.npz": "C",
    "mdma-s10-07-04.npz": "D",
    "mdma-s11-07-00.npz": "A",
    "mdma-s11-07-01.npz": "D",
    "mdma-s11-07-02.npz": "B",
    "mdma-s11-07-03.npz": "C",
    "mdma-s11-07-04.npz": "A",
    "mdma-s12-07-00.npz": "B",
    "mdma-s12-07-01.npz": "C",
    "mdma-s12-07-02.npz": "C",
    "mdma-s12-07-03.npz": "A",
    "mdma-s12-07-04.npz": "D",
    "mdma-s13-07-00.npz": "B",
    "mdma-s13-07-01.npz": "B",
    "mdma-s13-07-02.npz": "B",
    "mdma-s13-07-03.npz": "C",
    "mdma-s13-07-04.npz": "B",
    "mdma-s14-07-00.npz": "D",
    "mdma-s14-07-01.npz": "C",
    "mdma-s14-07-02.npz": "D",
    "mdma-s14-07-03.npz": "D",
    "mdma-s14-07-04.npz": "B",
    "mdma-s15-07-00.npz": "A",
    "mdma-s15-07-01.npz": "D",
    "mdma-s15-07-02.npz": "D",
    "mdma-s15-07-03.npz": "B",
    "mdma-s15-07-04.npz": "D",
    "mdma-s16-07-00.npz": "B",
    "mdma-s16-07-01.npz": "D",
    "mdma-s16-07-02.npz": "D",
    "mdma-s16-07-03.npz": "D",
    "mdma-s16-07-04.npz": "B",
    "mdma-s17-07-00.npz": "B",
    "mdma-s17-07-01.npz": "C",
    "mdma-s17-07-02.npz": "B",
    "mdma-s17-07-03.npz": "C",
    "mdma-s17-07-04.npz": "D",
    "mdma-s18-07-00.npz": "A",
    "mdma-s18-07-01.npz": "C",
    "mdma-s18-07-02.npz": "C",
    "mdma-s18-07-03.npz": "B",
    "mdma-s18-07-04.npz": "B",
    "mdma-s19-07-00.npz": "A",
    "mdma-s19-07-01.npz": "B",
    "mdma-s19-07-02.npz": "D",
    "mdma-s19-07-03.npz": "C",
    "mdma-s19-07-04.npz": "A",
    "mdma-s40-07-01.npz": "B",
    "mdma-s40-07-02.npz": "D",
    "mdma-s40-07-03.npz": "A",
    "mdma-s40-07-04.npz": "C",
    "mdma-s41-07-00.npz": "B",
    "mdma-s41-07-01.npz": "D",
    "mdma-s41-07-02.npz": "D",
    "mdma-s41-07-03.npz": "C",
    "mdma-s41-07-04.npz": "C",
    "mdma-s42-07-00.npz": "B",
    "mdma-s42-07-01.npz": "C",
    "mdma-s42-07-02.npz": "C",
    "mdma-s42-07-03.npz": "C",
    "mdma-s42-07-04.npz": "B",
    "mdma-s43-07-00.npz": "D",
    "mdma-s43-07-01.npz": "D",
    "mdma-s43-07-02.npz": "D",
    "mdma-s43-07-03.npz": "B",
    "mdma-s43-07-04.npz": "A",
    "mdma-s44-07-00.npz": "C",
    "mdma-s44-07-01.npz": "A",
    "mdma-s44-07-02.npz": "B",
    "mdma-s44-07-03.npz": "B",
    "mdma-s44-07-04.npz": "A",
    "mdma-s45-07-00.npz": "C",
    "mdma-s45-07-01.npz": "B",
    "mdma-s45-07-02.npz": "A",
    "mdma-s45-07-03.npz": "A",
    "mdma-s45-07-04.npz": "C",
    "mdma-s46-07-00.npz": "B",
    "mdma-s46-07-01.npz": "A",
    "mdma-s46-07-02.npz": "C",
    "mdma-s46-07-03.npz": "C",
    "mdma-s46-07-04.npz": "B",
    "mdma-s47-07-00.npz": "D",
    "mdma-s47-07-01.npz": "D",
    "mdma-s47-07-02.npz": "D",
    "mdma-s47-07-03.npz": "B",
    "mdma-s47-07-04.npz": "D",
    "mdma-s48-07-00.npz": "C",
    "mdma-s48-07-01.npz": "B",
    "mdma-s48-07-02.npz": "B",
    "mdma-s48-07-03.npz": "A",
    "mdma-s48-07-04.npz": "D",
    "mdma-s49-07-00.npz": "D",
    "mdma-s49-07-01.npz": "A",
    "mdma-s49-07-02.npz": "C",
    "mdma-s49-07-03.npz": "A",
    "mdma-s49-07-04.npz": "D",
    "mdma-s50-07-01.npz": "C",
    "mdma-s50-07-02.npz": "B",
    "mdma-s50-07-03.npz": "A",
    "mdma-s50-07-04.npz": "A",
    "mdma-s51-07-00.npz": "C",
    "mdma-s51-07-01.npz": "D",
    "mdma-s51-07-02.npz": "A",
    "mdma-s51-07-03.npz": "B",
    "mdma-s51-07-04.npz": "B",
    "mdma-s52-07-00.npz": "B",
    "mdma-s52-07-01.npz": "A",
    "mdma-s52-07-02.npz": "B",
    "mdma-s52-07-03.npz": "A",
    "mdma-s52-07-04.npz": "B",
    "mdma-s53-07-00.npz": "A",
    "mdma-s53-07-01.npz": "D",
    "mdma-s53-07-02.npz": "A",
    "mdma-s53-07-03.npz": "D",
    "mdma-s53-07-04.npz": "C",
    "mdma-s54-07-00.npz": "B",
    "mdma-s54-07-01.npz": "D",
    "mdma-s54-07-02.npz": "D",
    "mdma-s54-07-03.npz": "B",
    "mdma-s54-07-04.npz": "B",
    "mdma-s55-07-00.npz": "B",
    "mdma-s55-07-01.npz": "B",
    "mdma-s55-07-02.npz": "A",
    "mdma-s55-07-03.npz": "B",
    "mdma-s55-07-04.npz": "D",
    "mdma-s56-07-00.npz": "A",
    "mdma-s56-07-01.npz": "B",
    "mdma-s56-07-02.npz": "B",
    "mdma-s56-07-03.npz": "D",
    "mdma-s56-07-04.npz": "A",
    "mdma-s57-07-00.npz": "C",
    "mdma-s57-07-01.npz": "C",
    "mdma-s57-07-02.npz": "B",
    "mdma-s57-07-03.npz": "B",
    "mdma-s57-07-04.npz": "A",
    "mdma-s58-07-00.npz": "B",
    "mdma-s58-07-01.npz": "B",
    "mdma-s58-07-02.npz": "A",
    "mdma-s58-07-03.npz": "D",
    "mdma-s58-07-04.npz": "D",
    "mdma-s59-07-00.npz": "C",
    "mdma-s59-07-01.npz": "D",
    "mdma-s59-07-02.npz": "B",
    "mdma-s59-07-03.npz": "C",
    "mdma-s59-07-04.npz": "D",
    "mdma-s60-07-01.npz": "A",
    "mdma-s60-07-02.npz": "A",
    "mdma-s60-07-03.npz": "A",
    "mdma-s60-07-04.npz": "A",
    "mdma-s61-07-00.npz": "A",
    "mdma-s61-07-01.npz": "B",
    "mdma-s61-07-02.npz": "A",
    "mdma-s61-07-03.npz": "A",
    "mdma-s61-07-04.npz": "B",
    "mdma-s62-07-00.npz": "A",
    "mdma-s62-07-01.npz": "A",
    "mdma-s62-07-02.npz": "B",
    "mdma-s62-07-03.npz": "C",
    "mdma-s62-07-04.npz": "B",
    "mdma-s63-07-00.npz": "C",
    "mdma-s63-07-01.npz": "A",
    "mdma-s63-07-02.npz": "A",
    "mdma-s63-07-03.npz": "C",
    "mdma-s63-07-04.npz": "B",
    "mdma-s64-07-00.npz": "A",
    "mdma-s64-07-01.npz": "B",
    "mdma-s64-07-02.npz": "A",
    "mdma-s64-07-03.npz": "A",
    "mdma-s64-07-04.npz": "A",
    "mdma-s65-07-00.npz": "A",
    "mdma-s65-07-01.npz": "B",
    "mdma-s65-07-02.npz": "A",
    "mdma-s65-07-03.npz": "C",
    "mdma-s65-07-04.npz": "C",
    "mdma-s66-07-00.npz": "B",
    "mdma-s66-07-01.npz": "B",
    "mdma-s66-07-02.npz": "A",
    "mdma-s66-07-03.npz": "A",
    "mdma-s66-07-04.npz": "B",
    "mdma-s67-07-00.npz": "C",
    "mdma-s67-07-01.npz": "B",
    "mdma-s67-07-03.npz": "B",
    "mdma-s67-07-04.npz": "D",
    "mdma-s68-07-00.npz": "B",
    "mdma-s68-07-01.npz": "B",
    "mdma-s68-07-02.npz": "C",
    "mdma-s68-07-03.npz": "B",
    "mdma-s68-07-04.npz": "B",
    "mdma-s69-07-00.npz": "A",
    "mdma-s69-07-01.npz": "D",
    "mdma-s69-07-02.npz": "C",
    "mdma-s69-07-03.npz": "D",
    "mdma-s69-07-04.npz": "C",
    "mdma-s70-07-01.npz": "C",
    "mdma-s70-07-02.npz": "A",
    "mdma-s70-07-03.npz": "D",
    "mdma-s71-07-00.npz": "D",
    "mdma-s71-07-02.npz": "A",
    "mdma-s71-07-03.npz": "B",
    "mdma-s71-07-04.npz": "A",
    "mdma-s72-07-00.npz": "B",
    "mdma-s72-07-01.npz": "D",
    "mdma-s72-07-02.npz": "B",
    "mdma-s72-07-03.npz": "D",
    "mdma-s72-07-04.npz": "A",
    "mdma-s73-07-00.npz": "C",
    "mdma-s73-07-01.npz": "B",
    "mdma-s73-07-02.npz": "D",
    "mdma-s73-07-03.npz": "B",
    "mdma-s73-07-04.npz": "B",
    "mdma-s74-07-00.npz": "C",
    "mdma-s74-07-01.npz": "A",
    "mdma-s74-07-02.npz": "A",
    "mdma-s74-07-03.npz": "D",
    "mdma-s74-07-04.npz": "B",
    "mdma-s75-07-00.npz": "C",
    "mdma-s75-07-01.npz": "C",
    "mdma-s75-07-02.npz": "B",
    "mdma-s75-07-03.npz": "A",
    "mdma-s75-07-04.npz": "B",
    "mdma-s76-07-00.npz": "A",
    "mdma-s76-07-01.npz": "A",
    "mdma-s76-07-02.npz": "B",
    "mdma-s76-07-03.npz": "B",
    "mdma-s76-07-04.npz": "D",
    "mdma-s77-07-00.npz": "A",
    "mdma-s77-07-01.npz": "A",
    "mdma-s77-07-02.npz": "B",
    "mdma-s77-07-03.npz": "B",
    "mdma-s77-07-04.npz": "B",
    "mdma-s78-07-00.npz": "B",
    "mdma-s78-07-01.npz": "B",
    "mdma-s78-07-02.npz": "D",
    "mdma-s78-07-03.npz": "B",
    "mdma-s78-07-04.npz": "C",
    "mdma-s79-07-00.npz": "C",
    "mdma-s79-07-02.npz": "A",
    "mdma-s79-07-03.npz": "C",
    "mdma-s79-07-04.npz": "B",
    "mdma-s80-07-01.npz": "C",
    "mdma-s80-07-02.npz": "D",
    "mdma-s80-07-03.npz": "B",
    "mdma-s80-07-04.npz": "C",
    "mdma-s81-07-00.npz": "A",
    "mdma-s81-07-01.npz": "B",
    "mdma-s81-07-02.npz": "B",
    "mdma-s81-07-03.npz": "D",
    "mdma-s81-07-04.npz": "D",
    "mdma-s82-07-00.npz": "B",
    "mdma-s82-07-01.npz": "B",
    "mdma-s82-07-02.npz": "B",
    "mdma-s82-07-03.npz": "C",
    "mdma-s82-07-04.npz": "A",
    "mdma-s83-07-00.npz": "A",
    "mdma-s83-07-01.npz": "B",
    "mdma-s83-07-02.npz": "B",
    "mdma-s83-07-03.npz": "A",
    "mdma-s83-07-04.npz": "A",
    "mdma-s84-07-00.npz": "A",
    "mdma-s84-07-01.npz": "C",
    "mdma-s84-07-02.npz": "C",
    "mdma-s84-07-03.npz": "A",
    "mdma-s84-07-04.npz": "B",
    "mdma-s85-07-00.npz": "D",
    "mdma-s85-07-01.npz": "B",
    "mdma-s85-07-02.npz": "C",
    "mdma-s85-07-03.npz": "B",
    "mdma-s85-07-04.npz": "C",
    "mdma-s86-07-00.npz": "B",
    "mdma-s86-07-01.npz": "A",
    "mdma-s86-07-02.npz": "B",
    "mdma-s86-07-04.npz": "D",
    "mdma-s87-07-00.npz": "B",
    "mdma-s87-07-01.npz": "D",
    "mdma-s87-07-02.npz": "B",
    "mdma-s87-07-03.npz": "C",
    "mdma-s87-07-04.npz": "B",
    "mdma-s88-07-00.npz": "D",
    "mdma-s88-07-01.npz": "D",
    "mdma-s88-07-02.npz": "C",
    "mdma-s88-07-03.npz": "D",
    "mdma-s88-07-04.npz": "B",
    "mdma-s89-07-00.npz": "B",
    "mdma-s89-07-01.npz": "B",
    "mdma-s89-07-02.npz": "C",
    "mdma-s89-07-04.npz": "B",
    "mdma-s90-07-01.npz": "A",
    "mdma-s90-07-02.npz": "B",
    "mdma-s90-07-03.npz": "A",
    "mdma-s90-07-04.npz": "allgood",
    "mdma-s91-07-00.npz": "D",
    "mdma-s91-07-01.npz": "C",
    "mdma-s91-07-02.npz": "C",
    "mdma-s91-07-03.npz": "D",
    "mdma-s91-07-04.npz": "D",
    "mdma-s92-07-00.npz": "A",
    "mdma-s92-07-01.npz": "A",
    "mdma-s92-07-02.npz": "B",
    "mdma-s92-07-03.npz": "A",
    "mdma-s92-07-04.npz": "A",
    "mdma-s93-07-00.npz": "B",
    "mdma-s93-07-01.npz": "C",
    "mdma-s93-07-02.npz": "B",
    "mdma-s93-07-03.npz": "C",
    "mdma-s93-07-04.npz": "B",
    "mdma-s94-07-00.npz": "C",
    "mdma-s94-07-01.npz": "B",
    "mdma-s94-07-02.npz": "D",
    "mdma-s94-07-03.npz": "D",
    "mdma-s94-07-04.npz": "A",
    "mdma-s95-07-00.npz": "A",
    "mdma-s95-07-01.npz": "C",
    "mdma-s95-07-02.npz": "B",
    "mdma-s95-07-03.npz": "A",
    "mdma-s95-07-04.npz": "C",
    "mdma-s96-07-00.npz": "B",
    "mdma-s96-07-01.npz": "B",
    "mdma-s96-07-02.npz": "D",
    "mdma-s96-07-03.npz": "A",
    "mdma-s96-07-04.npz": "C",
    "mdma-s97-07-00.npz": "D",
    "mdma-s97-07-01.npz": "B",
    "mdma-s97-07-02.npz": "A",
    "mdma-s97-07-03.npz": "C",
    "mdma-s97-07-04.npz": "A",
    "mdma-s98-07-00.npz": "B",
    "mdma-s98-07-01.npz": "D",
    "mdma-s98-07-02.npz": "A",
    "mdma-s98-07-03.npz": "A",
    "mdma-s98-07-04.npz": "B",
    "mdma-s99-07-00.npz": "D",
    "mdma-s99-07-01.npz": "C",
    "mdma-s99-07-02.npz": "A",
    "mdma-s99-07-03.npz": "B",
    "mdma-s99-07-04.npz": "C"
}