{
    "mdmu-s00-09-00.npz": "D",
    "mdmu-s00-09-01.npz": "B",
    "mdmu-s01-09-00.npz": "B",
    "mdmu-s01-09-01.npz": "A",
    "mdmu-s02-09-00.npz": "A",
    "mdmu-s03-09-00.npz": "C",
    "mdmu-s03-09-01.npz": "A",
    "mdmu-s04-09-00.npz": "D",
    "mdmu-s04-09-01.npz": "D",
    "mdmu-s05-09-00.npz": "B",
    "mdmu-s05-09-01.npz": "A",
    "mdmu-s06-09-00.npz": "B",
    "mdmu-s06-09-01.npz": "C",
    "mdmu-s07-09-00.npz": "B",
    "mdmu-s07-09-01.npz": "B",
    "mdmu-s08-09-00.npz": "C",
    "mdmu-s08-09-01.npz": "C",
    "mdmu-s09-09-00.npz": "D",
    "mdmu-s09-09-01.npz": "D",
    "mdmu-s10-09-00.npz": "D",
    "mdmu-s10-09-01.npz": "B",
    "mdmu-s11-09-00.npz": "D",
    "mdmu-s11-09-01.npz": "D",
    "mdmu-s12-09-00.npz": "C",
    "mdmu-s12-09-01.npz": "D",
    "mdmu-s13-09-00.npz": "D",
    "mdmu-s13-09-01.npz": "B",
    "mdmu-s14-09-00.npz": "B",
    "mdmu-s14-09-01.npz": "A",
    "mdmu-s15-09-00.npz": "A",
    "mdmu-s15-09-01.npz": "B",
    "mdmu-s16-09-00.npz": "B",
    "mdmu-s16-09-01.npz": "D",
    "mdmu-s17-09-00.npz": "D",
    "mdmu-s17-09-01.npz": "B",
    "mdmu-s18-09-00.npz": "C",
    "mdmu-s18-09-01.npz": "D",
    "mdmu-s19-09-00.npz": "A",
    "mdmu-s20-09-00.npz": "C",
    "mdmu-s20-09-01.npz": "D",
    "mdmu-s21-09-00.npz": "B",
    "mdmu-s21-09-01.npz": "A",
    "mdmu-s22-09-00.npz": "A",
    "mdmu-s22-09-01.npz": "A",
    "mdmu-s23-09-00.npz": "D",
    "mdmu-s23-09-01.npz": "A",
    "mdmu-s24-09-00.npz": "D",
    "mdmu-s24-09-01.npz": "B",
    "mdmu-s25-09-00.npz": "B",
    "mdmu-s25-09-01.npz": "C",
    "mdmu-s26-09-00.npz": "D",
    "mdmu-s26-09-01.npz": "C",
    "mdmu-s27-09-00.npz": "A",
    "mdmu-s27-09-01.npz": "A",
    "mdmu-s28-09-00.npz": "B",
    "mdmu-s28-09-01.npz": "D",
    "mdmu-s29-09-00.npz": "D",
    "mdmu-s29-09-01.npz": "A",
    "mdmu-s30-09-00.npz": "B",
    "mdmu-s30-09-01.npz": "B",
    "mdmu-s31-09-00.npz": "B",
    "mdmu-s31-09-01.npz": "B",
    "mdmu-s32-09-00.npz": "B",
    "mdmu-s32-09-01.npz": "C",
    "mdmu-s33-09-00.npz": "A",
    "mdmu-s33-09-01.npz": "B",
    "mdmu-s34-09-00.npz": "D",
    "mdmu-s34-09-01.npz": "A",
    "mdmu-s35-09-00.npz": "C",
    "mdmu-s35-09-01.npz": "D",
    "mdmu-s36-09-00.npz": "B",
    "mdmu-s36-09-01.npz": "C",
    "mdmu-s37-09-00.npz": "A",
    "mdmu-s37-09-01.npz": "B",
    "mdmu-s38-09-00.npz": "C",
    "mdmu-s38-09-01.npz": "A",
    "mdmu-s39-09-00.npz": "D",
    "mdmu-s39-09-01.npz": "D",
    "mdmu-s40-09-01.npz": "C",
    "mdmu-s41-09-00.npz": "D",
    "mdmu-s41-09-01.npz": "B",
    "mdmu-s42-09-00.npz": "B",
    "mdmu-s42-09-01.npz": "B",
    "mdmu-s43-09-00.npz": "A",
    "mdmu-s43-09-01.npz": "A",
    "mdmu-s44-09-00.npz": "C",
    "mdmu-s44-09-01.npz": "B",
    "mdmu-s45-09-00.npz": "B",
    "mdmu-s45-09-01.npz": "A",
    "mdmu-s46-09-00.npz": "B",
    "mdmu-s46-09-01.npz": "A",
    "mdmu-s47-09-00.npz": "B",
    "mdmu-s47-09-01.npz": "B",
    "mdmu-s48-09-00.npz": "B",
    "mdmu-s48-09-01.npz": "A",
    "mdmu-s49-09-00.npz": "B",
    "mdmu-s49-09-01.npz": "B",
    "mdmu-s50-09-01.npz": "C",
    "mdmu-s51-09-00.npz": "D",
    "mdmu-s51-09-01.npz": "C",
    "mdmu-s52-09-00.npz": "A",
    "mdmu-s52-09-01.npz": "A",
    "mdmu-s53-09-00.npz": "B",
    "mdmu-s53-09-01.npz": "D",
    "mdmu-s54-09-00.npz": "B",
    "mdmu-s54-09-01.npz": "D",
    "mdmu-s55-09-00.npz": "C",
    "mdmu-s55-09-01.npz": "B",
    "mdmu-s56-09-00.npz": "B",
    "mdmu-s56-09-01.npz": "B",
    "mdmu-s57-09-00.npz": "B",
    "mdmu-s57-09-01.npz": "B",
    "mdmu-s58-09-00.npz": "D",
    "mdmu-s58-09-01.npz": "C",
    "mdmu-s59-09-00.npz": "D",
    "mdmu-s59-09-01.npz": "allbad",
    "mdmu-s60-09-01.npz": "A",
    "mdmu-s61-09-00.npz": "A",
    "mdmu-s61-09-01.npz": "C",
    "mdmu-s62-09-00.npz": "C",
    "mdmu-s62-09-01.npz": "B",
    "mdmu-s63-09-00.npz": "A",
    "mdmu-s63-09-01.npz": "A",
    "mdmu-s64-09-00.npz": "C",
    "mdmu-s64-09-01.npz": "A",
    "mdmu-s65-09-00.npz": "D",
    "mdmu-s65-09-01.npz": "B",
    "mdmu-s66-09-00.npz": "D",
    "mdmu-s66-09-01.npz": "A",
    "mdmu-s67-09-00.npz": "C",
    "mdmu-s67-09-01.npz": "B",
    "mdmu-s68-09-00.npz": "A",
    "mdmu-s68-09-01.npz": "C",
    "mdmu-s69-09-00.npz": "C",
    "mdmu-s69-09-01.npz": "D",
    "mdmu-s70-09-01.npz": "C",
    "mdmu-s71-09-00.npz": "B",
    "mdmu-s71-09-01.npz": "D",
    "mdmu-s72-09-00.npz": "A",
    "mdmu-s72-09-01.npz": "D",
    "mdmu-s73-09-00.npz": "D",
    "mdmu-s73-09-01.npz": "B",
    "mdmu-s74-09-00.npz": "D",
    "mdmu-s74-09-01.npz": "D",
    "mdmu-s75-09-00.npz": "C",
    "mdmu-s75-09-01.npz": "D",
    "mdmu-s76-09-00.npz": "A",
    "mdmu-s76-09-01.npz": "B",
    "mdmu-s77-09-00.npz": "B",
    "mdmu-s77-09-01.npz": "D",
    "mdmu-s78-09-00.npz": "C",
    "mdmu-s78-09-01.npz": "C",
    "mdmu-s79-09-00.npz": "C",
    "mdmu-s79-09-01.npz": "C",
    "mdmu-s80-09-01.npz": "B",
    "mdmu-s81-09-00.npz": "A",
    "mdmu-s81-09-01.npz": "D",
    "mdmu-s82-09-00.npz": "B",
    "mdmu-s82-09-01.npz": "B",
    "mdmu-s83-09-00.npz": "A",
    "mdmu-s83-09-01.npz": "A",
    "mdmu-s84-09-00.npz": "B",
    "mdmu-s84-09-01.npz": "B",
    "mdmu-s85-09-00.npz": "B",
    "mdmu-s85-09-01.npz": "C",
    "mdmu-s86-09-00.npz": "C",
    "mdmu-s86-09-01.npz": "D",
    "mdmu-s87-09-00.npz": "A",
    "mdmu-s87-09-01.npz": "D",
    "mdmu-s88-09-00.npz": "B",
    "mdmu-s88-09-01.npz": "A",
    "mdmu-s89-09-00.npz": "C",
    "mdmu-s89-09-01.npz": "A",
    "mdmu-s90-09-01.npz": "D",
    "mdmu-s91-09-00.npz": "D",
    "mdmu-s91-09-01.npz": "D",
    "mdmu-s92-09-00.npz": "C",
    "mdmu-s92-09-01.npz": "C",
    "mdmu-s93-09-00.npz": "D",
    "mdmu-s93-09-01.npz": "D",
    "mdmu-s94-09-00.npz": "D",
    "mdmu-s94-09-01.npz": "D",
    "mdmu-s95-09-00.npz": "B",
    "mdmu-s95-09-01.npz": "B",
    "mdmu-s96-09-00.npz": "D",
    "mdmu-s96-09-01.npz": "A",
    "mdmu-s97-09-00.npz": "B",
    "mdmu-s97-09-01.npz": "A",
    "mdmu-s98-09-00.npz": "A",
    "mdmu-s98-09-01.npz": "A",
    "mdmu-s99-09-00.npz": "B",
    "mdmu-s99-09-01.npz": "B"
}