{
    "mdma-101-10-03.npz": "D",
    "mdma-191-10-01.npz": "D",
    "mdma-144-10-00.npz": "C",
    "mdma-137-10-01.npz": "C",
    "mdma-103-10-00.npz": "allbad",
    "mdma-108-10-02.npz": "C",
    "mdma-193-10-02.npz": "D",
    "mdma-198-10-00.npz": "B",
    "mdma-146-10-03.npz": "C",
    "mdma-182-10-04.npz": "D",
    "mdma-119-10-04.npz": "A",
    "mdma-135-10-02.npz": "C",
    "mdma-124-10-04.npz": "C",
    "mdma-100-10-04.npz": "C",
    "mdma-181-10-00.npz": "C",
    "mdma-154-10-01.npz": "C",
    "mdma-111-10-02.npz": "D",
    "mdma-127-10-00.npz": "C",
    "mdma-188-10-01.npz": "C",
    "mdma-183-10-03.npz": "C",
    "mdma-156-10-02.npz": "B",
    "mdma-118-10-03.npz": "A",
    "mdma-113-10-01.npz": "D",
    "mdma-147-10-04.npz": "D",
    "mdma-125-10-03.npz": "A",
    "mdma-132-10-04.npz": "C",
    "mdma-128-10-00.npz": "D",
    "mdma-123-10-02.npz": "C",
    "mdma-194-10-04.npz": "C",
    "mdma-115-10-00.npz": "B",
    "mdma-150-10-03.npz": "C",
    "mdma-185-10-02.npz": "A",
    "mdma-121-10-01.npz": "D",
    "mdma-117-10-03.npz": "B",
    "mdma-159-10-02.npz": "D",
    "mdma-152-10-00.npz": "A",
    "mdma-187-10-01.npz": "D",
    "mdma-148-10-04.npz": "B",
    "mdma-133-10-03.npz": "D",
    "mdma-138-10-01.npz": "B",
    "mdma-151-10-04.npz": "D",
    "mdma-140-10-02.npz": "C",
    "mdma-195-10-03.npz": "C",
    "mdma-105-10-01.npz": "D",
    "mdma-131-10-00.npz": "B",
    "mdma-142-10-01.npz": "A",
    "mdma-149-10-03.npz": "C",
    "mdma-197-10-00.npz": "A",
    "mdma-107-10-02.npz": "D",
    "mdma-116-10-04.npz": "B",
    "mdma-111-10-04.npz": "C",
    "mdma-100-10-02.npz": "B",
    "mdma-190-10-00.npz": "C",
    "mdma-145-10-01.npz": "C",
    "mdma-136-10-00.npz": "A",
    "mdma-102-10-01.npz": "B",
    "mdma-109-10-03.npz": "D",
    "mdma-192-10-03.npz": "B",
    "mdma-199-10-01.npz": "C",
    "mdma-147-10-02.npz": "D",
    "mdma-156-10-04.npz": "D",
    "mdma-134-10-03.npz": "C",
    "mdma-180-10-01.npz": "B",
    "mdma-155-10-00.npz": "B",
    "mdma-110-10-03.npz": "C",
    "mdma-126-10-01.npz": "C",
    "mdma-189-10-00.npz": "A",
    "mdma-182-10-02.npz": "D",
    "mdma-157-10-03.npz": "D",
    "mdma-119-10-02.npz": "C",
    "mdma-112-10-00.npz": "B",
    "mdma-108-10-04.npz": "C",
    "mdma-193-10-04.npz": "A",
    "mdma-124-10-02.npz": "B",
    "mdma-135-10-04.npz": "A",
    "mdma-129-10-01.npz": "C",
    "mdma-122-10-03.npz": "C",
    "mdma-140-10-04.npz": "C",
    "mdma-114-10-01.npz": "B",
    "mdma-151-10-02.npz": "B",
    "mdma-184-10-03.npz": "C",
    "mdma-120-10-00.npz": "B",
    "mdma-116-10-02.npz": "A",
    "mdma-158-10-03.npz": "D",
    "mdma-153-10-01.npz": "A",
    "mdma-186-10-00.npz": "D",
    "mdma-107-10-04.npz": "allbad",
    "mdma-123-10-04.npz": "C",
    "mdma-132-10-02.npz": "allbad",
    "mdma-139-10-00.npz": "C",
    "mdma-185-10-04.npz": "B",
    "mdma-141-10-03.npz": "A",
    "mdma-194-10-02.npz": "D",
    "mdma-104-10-00.npz": "C",
    "mdma-130-10-01.npz": "A",
    "mdma-143-10-00.npz": "B",
    "mdma-148-10-02.npz": "C",
    "mdma-196-10-01.npz": "B",
    "mdma-106-10-03.npz": "C",
    "mdma-159-10-04.npz": "B",
    "mdma-157-10-04.npz": "B",
    "mdma-108-10-03.npz": "B",
    "mdma-103-10-01.npz": "D",
    "mdma-198-10-01.npz": "A",
    "mdma-193-10-03.npz": "C",
    "mdma-146-10-02.npz": "allbad",
    "mdma-135-10-03.npz": "B",
    "mdma-101-10-02.npz": "C",
    "mdma-191-10-00.npz": "B",
    "mdma-144-10-01.npz": "A",
    "mdma-110-10-04.npz": "C",
    "mdma-137-10-00.npz": "D",
    "mdma-109-10-04.npz": "D",
    "mdma-192-10-04.npz": "B",
    "mdma-183-10-02.npz": "C",
    "mdma-188-10-00.npz": "A",
    "mdma-156-10-03.npz": "D",
    "mdma-113-10-00.npz": "B",
    "mdma-118-10-02.npz": "D",
    "mdma-134-10-04.npz": "B",
    "mdma-125-10-02.npz": "C",
    "mdma-181-10-01.npz": "A",
    "mdma-154-10-00.npz": "A",
    "mdma-111-10-03.npz": "C",
    "mdma-127-10-01.npz": "A",
    "mdma-121-10-00.npz": "B",
    "mdma-106-10-04.npz": "C",
    "mdma-117-10-02.npz": "A",
    "mdma-152-10-01.npz": "B",
    "mdma-159-10-03.npz": "C",
    "mdma-187-10-00.npz": "C",
    "mdma-123-10-03.npz": "A",
    "mdma-128-10-01.npz": "A",
    "mdma-115-10-01.npz": "C",
    "mdma-150-10-02.npz": "B",
    "mdma-185-10-03.npz": "D",
    "mdma-141-10-04.npz": "allbad",
    "mdma-131-10-01.npz": "C",
    "mdma-158-10-04.npz": "B",
    "mdma-149-10-02.npz": "D",
    "mdma-142-10-00.npz": "B",
    "mdma-197-10-01.npz": "A",
    "mdma-107-10-03.npz": "A",
    "mdma-138-10-00.npz": "A",
    "mdma-133-10-02.npz": "A",
    "mdma-122-10-04.npz": "B",
    "mdma-140-10-03.npz": "B",
    "mdma-195-10-02.npz": "C",
    "mdma-105-10-00.npz": "C",
    "mdma-184-10-04.npz": "B",
    "mdma-183-10-04.npz": "C",
    "mdma-118-10-04.npz": "A",
    "mdma-109-10-02.npz": "B",
    "mdma-102-10-00.npz": "allbad",
    "mdma-199-10-00.npz": "allbad",
    "mdma-192-10-02.npz": "B",
    "mdma-147-10-03.npz": "A",
    "mdma-125-10-04.npz": "A",
    "mdma-134-10-02.npz": "B",
    "mdma-100-10-03.npz": "D",
    "mdma-190-10-01.npz": "A",
    "mdma-145-10-00.npz": "D",
    "mdma-136-10-01.npz": "D",
    "mdma-146-10-04.npz": "A",
    "mdma-182-10-03.npz": "A",
    "mdma-189-10-01.npz": "C",
    "mdma-157-10-02.npz": "A",
    "mdma-112-10-01.npz": "C",
    "mdma-119-10-03.npz": "C",
    "mdma-124-10-03.npz": "B",
    "mdma-180-10-00.npz": "B",
    "mdma-155-10-01.npz": "C",
    "mdma-110-10-02.npz": "C",
    "mdma-101-10-04.npz": "C",
    "mdma-126-10-00.npz": "B",
    "mdma-120-10-01.npz": "B",
    "mdma-149-10-04.npz": "B",
    "mdma-116-10-03.npz": "D",
    "mdma-153-10-00.npz": "C",
    "mdma-158-10-02.npz": "B",
    "mdma-186-10-01.npz": "B",
    "mdma-122-10-02.npz": "D",
    "mdma-129-10-00.npz": "D",
    "mdma-133-10-04.npz": "C",
    "mdma-114-10-00.npz": "B",
    "mdma-151-10-03.npz": "A",
    "mdma-184-10-02.npz": "A",
    "mdma-195-10-04.npz": "B",
    "mdma-130-10-00.npz": "A",
    "mdma-117-10-04.npz": "C",
    "mdma-148-10-03.npz": "A",
    "mdma-143-10-01.npz": "B",
    "mdma-196-10-00.npz": "A",
    "mdma-106-10-02.npz": "C",
    "mdma-139-10-01.npz": "D",
    "mdma-132-10-03.npz": "D",
    "mdma-141-10-02.npz": "A",
    "mdma-194-10-03.npz": "B",
    "mdma-104-10-01.npz": "A",
    "mdma-150-10-04.npz": "B",
    "mdma-136-10-04.npz": "C",
    "mdma-127-10-02.npz": "D",
    "mdma-190-10-04.npz": "C",
    "mdma-154-10-03.npz": "A",
    "mdma-181-10-02.npz": "A",
    "mdma-111-10-00.npz": "C",
    "mdma-125-10-01.npz": "C",
    "mdma-156-10-00.npz": "C",
    "mdma-188-10-03.npz": "B",
    "mdma-183-10-01.npz": "A",
    "mdma-118-10-01.npz": "D",
    "mdma-113-10-03.npz": "B",
    "mdma-137-10-03.npz": "A",
    "mdma-155-10-04.npz": "C",
    "mdma-101-10-01.npz": "A",
    "mdma-144-10-02.npz": "C",
    "mdma-191-10-03.npz": "B",
    "mdma-135-10-00.npz": "D",
    "mdma-103-10-02.npz": "B",
    "mdma-108-10-00.npz": "B",
    "mdma-146-10-01.npz": "A",
    "mdma-193-10-00.npz": "D",
    "mdma-198-10-02.npz": "D",
    "mdma-189-10-04.npz": "C",
    "mdma-112-10-04.npz": "C",
    "mdma-195-10-01.npz": "C",
    "mdma-140-10-00.npz": "B",
    "mdma-105-10-03.npz": "D",
    "mdma-133-10-01.npz": "C",
    "mdma-138-10-03.npz": "D",
    "mdma-197-10-02.npz": "A",
    "mdma-142-10-03.npz": "A",
    "mdma-149-10-01.npz": "D",
    "mdma-107-10-00.npz": "A",
    "mdma-186-10-04.npz": "C",
    "mdma-131-10-02.npz": "allbad",
    "mdma-120-10-04.npz": "B",
    "mdma-104-10-04.npz": "A",
    "mdma-115-10-02.npz": "C",
    "mdma-185-10-00.npz": "D",
    "mdma-150-10-01.npz": "B",
    "mdma-139-10-04.npz": "A",
    "mdma-128-10-02.npz": "D",
    "mdma-123-10-00.npz": "D",
    "mdma-117-10-01.npz": "D",
    "mdma-187-10-03.npz": "A",
    "mdma-159-10-00.npz": "A",
    "mdma-152-10-02.npz": "B",
    "mdma-143-10-04.npz": "C",
    "mdma-121-10-03.npz": "A",
    "mdma-126-10-03.npz": "A",
    "mdma-144-10-04.npz": "A",
    "mdma-155-10-02.npz": "A",
    "mdma-180-10-03.npz": "C",
    "mdma-110-10-01.npz": "C",
    "mdma-124-10-00.npz": "C",
    "mdma-157-10-01.npz": "A",
    "mdma-189-10-02.npz": "B",
    "mdma-182-10-00.npz": "A",
    "mdma-119-10-00.npz": "B",
    "mdma-112-10-02.npz": "B",
    "mdma-103-10-04.npz": "B",
    "mdma-198-10-04.npz": "D",
    "mdma-127-10-04.npz": "C",
    "mdma-136-10-02.npz": "B",
    "mdma-181-10-04.npz": "D",
    "mdma-100-10-00.npz": "A",
    "mdma-145-10-03.npz": "A",
    "mdma-190-10-02.npz": "D",
    "mdma-134-10-01.npz": "B",
    "mdma-102-10-03.npz": "A",
    "mdma-109-10-01.npz": "B",
    "mdma-147-10-00.npz": "A",
    "mdma-192-10-01.npz": "B",
    "mdma-199-10-03.npz": "D",
    "mdma-115-10-04.npz": "B",
    "mdma-194-10-00.npz": "A",
    "mdma-141-10-01.npz": "B",
    "mdma-104-10-02.npz": "A",
    "mdma-128-10-04.npz": "A",
    "mdma-132-10-00.npz": "allbad",
    "mdma-139-10-02.npz": "C",
    "mdma-196-10-03.npz": "D",
    "mdma-143-10-02.npz": "A",
    "mdma-148-10-00.npz": "D",
    "mdma-106-10-01.npz": "C",
    "mdma-152-10-04.npz": "A",
    "mdma-130-10-03.npz": "allbad",
    "mdma-114-10-03.npz": "D",
    "mdma-184-10-01.npz": "C",
    "mdma-151-10-00.npz": "B",
    "mdma-129-10-03.npz": "B",
    "mdma-122-10-01.npz": "A",
    "mdma-116-10-00.npz": "B",
    "mdma-186-10-02.npz": "C",
    "mdma-158-10-01.npz": "B",
    "mdma-153-10-03.npz": "A",
    "mdma-197-10-04.npz": "B",
    "mdma-120-10-02.npz": "B",
    "mdma-131-10-04.npz": "C",
    "mdma-125-10-00.npz": "C",
    "mdma-102-10-04.npz": "D",
    "mdma-199-10-04.npz": "C",
    "mdma-156-10-01.npz": "B",
    "mdma-183-10-00.npz": "A",
    "mdma-188-10-02.npz": "A",
    "mdma-113-10-02.npz": "B",
    "mdma-118-10-00.npz": "A",
    "mdma-127-10-03.npz": "B",
    "mdma-154-10-02.npz": "D",
    "mdma-181-10-03.npz": "B",
    "mdma-111-10-01.npz": "A",
    "mdma-145-10-04.npz": "C",
    "mdma-135-10-01.npz": "C",
    "mdma-108-10-01.npz": "B",
    "mdma-103-10-03.npz": "B",
    "mdma-146-10-00.npz": "allbad",
    "mdma-198-10-03.npz": "B",
    "mdma-193-10-01.npz": "B",
    "mdma-137-10-02.npz": "C",
    "mdma-126-10-04.npz": "B",
    "mdma-101-10-00.npz": "C",
    "mdma-144-10-03.npz": "D",
    "mdma-191-10-02.npz": "A",
    "mdma-180-10-04.npz": "B",
    "mdma-153-10-04.npz": "D",
    "mdma-197-10-03.npz": "A",
    "mdma-149-10-00.npz": "C",
    "mdma-142-10-02.npz": "C",
    "mdma-107-10-01.npz": "A",
    "mdma-131-10-03.npz": "C",
    "mdma-195-10-00.npz": "A",
    "mdma-140-10-01.npz": "B",
    "mdma-105-10-02.npz": "D",
    "mdma-114-10-04.npz": "C",
    "mdma-138-10-02.npz": "A",
    "mdma-133-10-00.npz": "B",
    "mdma-129-10-04.npz": "A",
    "mdma-196-10-04.npz": "C",
    "mdma-117-10-00.npz": "A",
    "mdma-187-10-02.npz": "D",
    "mdma-152-10-03.npz": "B",
    "mdma-159-10-01.npz": "C",
    "mdma-130-10-04.npz": "A",
    "mdma-121-10-02.npz": "C",
    "mdma-115-10-03.npz": "D",
    "mdma-185-10-01.npz": "D",
    "mdma-150-10-00.npz": "C",
    "mdma-123-10-01.npz": "B",
    "mdma-128-10-03.npz": "D",
    "mdma-124-10-01.npz": "A",
    "mdma-157-10-00.npz": "C",
    "mdma-182-10-01.npz": "B",
    "mdma-189-10-03.npz": "B",
    "mdma-112-10-03.npz": "A",
    "mdma-119-10-01.npz": "C",
    "mdma-126-10-02.npz": "A",
    "mdma-137-10-04.npz": "D",
    "mdma-155-10-03.npz": "D",
    "mdma-180-10-02.npz": "D",
    "mdma-110-10-00.npz": "C",
    "mdma-191-10-04.npz": "C",
    "mdma-134-10-00.npz": "A",
    "mdma-188-10-04.npz": "B",
    "mdma-113-10-04.npz": "B",
    "mdma-109-10-00.npz": "B",
    "mdma-102-10-02.npz": "A",
    "mdma-147-10-01.npz": "B",
    "mdma-199-10-02.npz": "A",
    "mdma-192-10-00.npz": "C",
    "mdma-136-10-03.npz": "A",
    "mdma-100-10-01.npz": "D",
    "mdma-145-10-02.npz": "B",
    "mdma-190-10-03.npz": "A",
    "mdma-154-10-04.npz": "C",
    "mdma-187-10-04.npz": "B",
    "mdma-196-10-02.npz": "C",
    "mdma-148-10-01.npz": "B",
    "mdma-143-10-03.npz": "A",
    "mdma-106-10-00.npz": "B",
    "mdma-121-10-04.npz": "D",
    "mdma-130-10-02.npz": "D",
    "mdma-194-10-01.npz": "D",
    "mdma-141-10-00.npz": "A",
    "mdma-104-10-03.npz": "C",
    "mdma-139-10-03.npz": "A",
    "mdma-132-10-01.npz": "C",
    "mdma-142-10-04.npz": "allbad",
    "mdma-116-10-01.npz": "A",
    "mdma-186-10-03.npz": "B",
    "mdma-153-10-02.npz": "A",
    "mdma-158-10-00.npz": "A",
    "mdma-120-10-03.npz": "D",
    "mdma-114-10-02.npz": "A",
    "mdma-184-10-00.npz": "A",
    "mdma-151-10-01.npz": "A",
    "mdma-105-10-04.npz": "B",
    "mdma-122-10-00.npz": "A",
    "mdma-129-10-02.npz": "B",
    "mdma-138-10-04.npz": "C"
}