{
    "mdma-s48-01-01.npz": "B",
    "mdma-s70-04-01.npz": "C",
    "mdma-102-05-03.npz": "D",
    "mdmu-105-11-00.npz": "A",
    "mdmu-s97-21-01.npz": "B",
    "mdmu-s13-22-00.npz": "C",
    "mdma-s83-04-04.npz": "D",
    "mdmu-s65-13-01.npz": "D",
    "mdma-s14-01-03.npz": "A",
    "mdma-139-03-02.npz": "B",
    "mdma-s70-10-01.npz": "B",
    "mdmu-104-22-00.npz": "B",
    "mdmu-106-21-01.npz": "D",
    "mdmu-s72-33-01.npz": "D",
    "mdma-121-11-01.npz": "D",
    "mdmu-s77-26-00.npz": "C",
    "mdma-s17-08-04.npz": "D",
    "mdmu-s58-03-00.npz": "B",
    "mdmu-s58-21-01.npz": "B",
    "mdma-s69-10-02.npz": "B",
    "mdma-131-10-00.npz": "B",
    "mdmu-s68-03-01.npz": "A",
    "mdmu-113-05-01.npz": "A",
    "mdma-134-11-04.npz": "A",
    "mdma-s66-00-01.npz": "A",
    "mdma-197-11-02.npz": "C",
    "mdmu-s18-33-00.npz": "B",
    "mdmu-s51-21-00.npz": "A",
    "mdmu-s14-07-00.npz": "B",
    "mdmu-s62-15-00.npz": "D",
    "mdmu-s34-08-00.npz": "C",
    "mdmu-s76-25-00.npz": "C",
    "mdma-s83-03-01.npz": "B",
    "mdma-s95-08-00.npz": "C",
    "mdmu-s98-29-01.npz": "B",
    "mdma-s55-03-01.npz": "C",
    "mdma-s91-01-02.npz": "B",
    "mdmu-s88-23-01.npz": "C",
    "mdma-195-11-02.npz": "A",
    "mdma-111-01-04.npz": "D",
    "mdmu-s07-12-01.npz": "D",
    "mdmu-107-28-01.npz": "C",
    "mdmu-s45-39-00.npz": "D",
    "mdmu-s62-04-00.npz": "B",
    "mdmu-117-22-01.npz": "D",
    "mdmu-113-37-00.npz": "A",
    "mdma-127-08-00.npz": "A",
    "mdmu-s83-30-00.npz": "allbad",
    "mdmu-s72-09-00.npz": "A",
    "mdma-s88-00-04.npz": "D",
    "mdma-104-03-04.npz": "D",
    "mdmu-s69-31-01.npz": "A",
    "mdma-195-11-01.npz": "D",
    "mdmu-107-24-00.npz": "D",
    "mdma-s53-02-03.npz": "D",
    "mdma-134-03-00.npz": "C",
    "mdmu-s50-18-01.npz": "B",
    "mdma-128-03-01.npz": "A",
    "mdmu-s83-23-00.npz": "A",
    "mdma-192-07-01.npz": "D",
    "mdmu-s48-18-01.npz": "B",
    "mdmu-s96-29-01.npz": "A",
    "mdma-184-01-00.npz": "B",
    "mdmu-s44-09-00.npz": "C",
    "mdmu-s79-20-00.npz": "C",
    "mdma-121-00-01.npz": "D",
    "mdma-121-05-00.npz": "A",
    "mdma-108-10-00.npz": "B",
    "mdma-130-04-03.npz": "A",
    "mdma-s85-00-04.npz": "A",
    "mdma-101-01-00.npz": "allbad",
    "mdma-s19-00-01.npz": "C",
    "mdma-142-00-04.npz": "A",
    "mdmu-s64-11-01.npz": "C",
    "mdma-131-06-01.npz": "C",
    "mdma-s19-09-01.npz": "C",
    "mdma-110-11-01.npz": "B",
    "mdma-157-04-03.npz": "B",
    "mdmu-s32-23-00.npz": "B",
    "mdma-s43-10-00.npz": "C",
    "mdma-s70-08-02.npz": "A",
    "mdma-107-06-02.npz": "A",
    "mdmu-120-06-00.npz": "D",
    "mdmu-s19-39-01.npz": "B",
    "mdma-s67-00-02.npz": "C",
    "mdma-s88-05-03.npz": "C",
    "mdmu-s48-11-01.npz": "A",
    "mdma-122-03-01.npz": "A",
    "mdma-114-02-00.npz": "A",
    "mdma-s64-04-02.npz": "A",
    "mdmu-s43-16-01.npz": "C",
    "mdma-111-07-03.npz": "D",
    "mdma-138-04-02.npz": "C",
    "mdma-143-01-03.npz": "D",
    "mdmu-s70-37-01.npz": "C",
    "mdma-s14-11-02.npz": "C",
    "mdma-s63-00-03.npz": "D",
    "mdma-112-01-01.npz": "D",
    "mdmu-s25-39-00.npz": "D",
    "mdmu-s45-23-00.npz": "D",
    "mdmu-s58-12-00.npz": "B",
    "mdma-s14-10-03.npz": "A",
    "mdmu-s56-14-01.npz": "B",
    "mdmu-s10-39-01.npz": "D",
    "mdmu-s93-05-00.npz": "D",
    "mdmu-s95-37-00.npz": "D",
    "mdmu-s60-16-01.npz": "A",
    "mdma-111-09-03.npz": "D",
    "mdma-145-11-01.npz": "A",
    "mdmu-s77-36-01.npz": "C",
    "mdmu-s55-26-01.npz": "A",
    "mdmu-s10-21-00.npz": "C",
    "mdma-112-06-04.npz": "B",
    "mdma-s14-08-02.npz": "C",
    "mdma-s53-11-00.npz": "B",
    "mdma-s50-10-02.npz": "A",
    "mdmu-s45-22-00.npz": "D",
    "mdma-153-03-02.npz": "A",
    "mdmu-100-10-00.npz": "B",
    "mdma-110-04-00.npz": "D",
    "mdma-s45-02-04.npz": "C",
    "mdmu-s15-05-01.npz": "D",
    "mdma-s82-05-00.npz": "B",
    "mdma-s49-06-01.npz": "B",
    "mdmu-s01-22-00.npz": "A",
    "mdmu-s15-14-00.npz": "C",
    "mdma-120-03-01.npz": "A",
    "mdmu-127-28-01.npz": "D",
    "mdma-s71-10-01.npz": "A",
    "mdma-s82-11-02.npz": "C",
    "mdmu-s23-07-01.npz": "D",
    "mdmu-s29-34-01.npz": "D",
    "mdmu-s76-21-00.npz": "D",
    "mdma-131-06-00.npz": "C",
    "mdma-110-04-02.npz": "A",
    "mdma-191-08-01.npz": "A",
    "mdma-129-00-03.npz": "B",
    "mdma-145-08-03.npz": "D",
    "mdmu-s62-08-00.npz": "C",
    "mdmu-s47-36-00.npz": "A",
    "mdma-198-00-04.npz": "A",
    "mdmu-s74-18-00.npz": "D",
    "mdma-187-09-02.npz": "D",
    "mdma-s54-10-02.npz": "B",
    "mdma-s45-09-01.npz": "B",
    "mdmu-s81-00-00.npz": "D",
    "mdmu-s78-25-00.npz": "A",
    "mdma-139-05-00.npz": "A",
    "mdma-186-05-03.npz": "A",
    "mdmu-s89-35-00.npz": "B",
    "mdma-152-05-04.npz": "A",
    "mdma-138-05-04.npz": "A",
    "mdmu-108-08-00.npz": "A",
    "mdma-140-01-00.npz": "B",
    "mdmu-s23-05-01.npz": "C",
    "mdma-182-02-00.npz": "A",
    "mdmu-s45-32-01.npz": "D",
    "mdmu-s78-18-01.npz": "C",
    "mdmu-107-37-01.npz": "C",
    "mdma-118-09-03.npz": "D",
    "mdma-s55-00-02.npz": "B",
    "mdma-s67-03-03.npz": "C",
    "mdmu-s23-35-01.npz": "A",
    "mdma-117-08-03.npz": "C",
    "mdmu-s08-16-01.npz": "A",
    "mdmu-s79-01-00.npz": "A",
    "mdmu-s68-39-01.npz": "B",
    "mdma-s51-11-03.npz": "D",
    "mdmu-s69-04-00.npz": "B",
    "mdma-100-11-04.npz": "C",
    "mdma-s67-10-03.npz": "D",
    "mdmu-s93-25-00.npz": "A",
    "mdma-197-05-02.npz": "C",
    "mdmu-s64-23-00.npz": "A",
    "mdma-s78-02-02.npz": "B",
    "mdmu-s41-09-01.npz": "B",
    "mdmu-180-38-00.npz": "A",
    "mdmu-s97-08-01.npz": "B",
    "mdmu-100-26-01.npz": "A",
    "mdma-s73-11-03.npz": "A",
    "mdma-s16-09-00.npz": "allbad",
    "mdma-s16-00-03.npz": "D",
    "mdma-s53-05-03.npz": "B",
    "mdma-122-05-01.npz": "D",
    "mdma-s13-02-00.npz": "C",
    "mdma-s61-04-03.npz": "B",
    "mdma-s88-01-02.npz": "C",
    "mdma-s58-08-01.npz": "A",
    "mdmu-s24-03-00.npz": "C",
    "mdma-s89-09-04.npz": "D",
    "mdmu-s75-04-01.npz": "A",
    "mdmu-s35-16-00.npz": "A",
    "mdma-130-05-03.npz": "B",
    "mdmu-s53-19-00.npz": "A",
    "mdmu-118-27-01.npz": "B",
    "mdmu-s53-14-01.npz": "D",
    "mdma-189-03-01.npz": "D",
    "mdmu-s34-33-01.npz": "A",
    "mdma-158-02-04.npz": "A",
    "mdma-s95-06-01.npz": "D",
    "mdmu-s44-00-01.npz": "D",
    "mdma-109-11-01.npz": "B",
    "mdma-139-07-02.npz": "B",
    "mdmu-s43-32-00.npz": "D",
    "mdmu-115-20-00.npz": "D",
    "mdmu-s45-27-00.npz": "allbad",
    "mdmu-s02-34-01.npz": "A",
    "mdma-113-08-01.npz": "D",
    "mdma-115-11-03.npz": "B",
    "mdmu-s59-15-01.npz": "B",
    "mdmu-117-25-00.npz": "D",
    "mdmu-s32-32-00.npz": "D",
    "mdmu-s77-12-01.npz": "B",
    "mdmu-s17-21-01.npz": "A",
    "mdma-145-03-01.npz": "D",
    "mdma-130-11-03.npz": "D",
    "mdmu-s32-21-01.npz": "A",
    "mdma-134-03-03.npz": "D",
    "mdma-s96-11-04.npz": "C",
    "mdmu-s99-37-01.npz": "A",
    "mdma-s87-02-03.npz": "A",
    "mdma-s84-11-02.npz": "B",
    "mdmu-s05-09-00.npz": "B",
    "mdma-197-01-00.npz": "C",
    "mdmu-109-32-01.npz": "C",
    "mdmu-s37-02-01.npz": "A",
    "mdma-s53-11-02.npz": "A",
    "mdmu-111-17-00.npz": "C",
    "mdmu-s44-34-01.npz": "A",
    "mdma-s53-00-01.npz": "C",
    "mdmu-s56-19-01.npz": "B",
    "mdma-s68-11-00.npz": "D",
    "mdma-s66-05-03.npz": "C",
    "mdmu-s91-32-01.npz": "B",
    "mdmu-s76-06-00.npz": "C",
    "mdma-131-00-02.npz": "B",
    "mdmu-s90-34-01.npz": "A",
    "mdmu-s24-12-00.npz": "B",
    "mdmu-s17-25-01.npz": "A",
    "mdmu-s76-29-01.npz": "C",
    "mdmu-s46-21-00.npz": "B",
    "mdma-s16-09-02.npz": "A",
    "mdma-s56-02-03.npz": "A",
    "mdmu-s33-09-01.npz": "B",
    "mdmu-s76-33-01.npz": "C",
    "mdmu-s12-03-01.npz": "A",
    "mdmu-s00-25-00.npz": "allbad",
    "mdmu-104-06-01.npz": "D",
    "mdma-154-00-04.npz": "C",
    "mdmu-s82-35-01.npz": "D",
    "mdmu-113-22-00.npz": "D",
    "mdmu-s14-04-01.npz": "B",
    "mdmu-s70-02-01.npz": "B",
    "mdma-s43-01-03.npz": "B",
    "mdmu-s65-26-01.npz": "D",
    "mdma-118-04-04.npz": "D",
    "mdma-s57-06-02.npz": "C",
    "mdmu-118-02-01.npz": "A",
    "mdma-195-11-04.npz": "C",
    "mdma-102-01-04.npz": "B",
    "mdma-s52-07-01.npz": "A",
    "mdmu-102-12-00.npz": "A",
    "mdma-104-03-02.npz": "B",
    "mdma-143-07-02.npz": "D",
    "mdmu-103-34-01.npz": "A",
    "mdma-157-04-00.npz": "D",
    "mdmu-s25-08-00.npz": "D",
    "mdmu-s54-00-00.npz": "C",
    "mdma-117-06-02.npz": "D",
    "mdmu-s88-25-01.npz": "allbad",
    "mdma-s94-01-00.npz": "A",
    "mdmu-s59-17-01.npz": "D",
    "mdmu-s61-12-00.npz": "B",
    "mdma-147-00-04.npz": "A",
    "mdma-102-08-00.npz": "D",
    "mdmu-s86-12-01.npz": "D",
    "mdma-s73-11-02.npz": "B",
    "mdmu-s24-13-01.npz": "C",
    "mdmu-s91-21-01.npz": "A",
    "mdmu-s96-06-00.npz": "B",
    "mdmu-s10-26-01.npz": "C",
    "mdmu-s36-27-01.npz": "B",
    "mdma-189-00-00.npz": "B",
    "mdmu-s31-25-01.npz": "D",
    "mdma-146-00-03.npz": "B",
    "mdmu-s33-27-01.npz": "D",
    "mdmu-s27-39-00.npz": "A",
    "mdma-184-02-02.npz": "A",
    "mdmu-s50-31-01.npz": "allbad",
    "mdma-s41-02-02.npz": "D",
    "mdmu-s69-02-01.npz": "B",
    "mdmu-s88-15-00.npz": "C",
    "mdma-116-08-03.npz": "A",
    "mdma-s99-10-02.npz": "D",
    "mdma-102-06-02.npz": "B",
    "mdmu-103-27-01.npz": "A",
    "mdma-s95-07-00.npz": "A",
    "mdmu-s92-05-01.npz": "A",
    "mdma-s78-08-02.npz": "B",
    "mdmu-112-09-00.npz": "D",
    "mdma-s87-11-00.npz": "C",
    "mdmu-117-35-00.npz": "C",
    "mdma-s76-05-02.npz": "A",
    "mdma-147-09-02.npz": "B",
    "mdma-116-05-02.npz": "D",
    "mdma-123-01-03.npz": "B",
    "mdmu-s19-33-00.npz": "A",
    "mdmu-s04-14-00.npz": "D",
    "mdmu-s22-35-01.npz": "B",
    "mdmu-s36-30-01.npz": "C",
    "mdmu-s13-29-00.npz": "C",
    "mdma-s49-08-03.npz": "C",
    "mdma-s94-05-03.npz": "A",
    "mdmu-111-21-00.npz": "C",
    "mdmu-s10-15-00.npz": "A",
    "mdma-s62-10-03.npz": "A",
    "mdmu-s98-00-00.npz": "A",
    "mdma-195-04-00.npz": "B",
    "mdmu-s95-39-01.npz": "D",
    "mdma-116-07-03.npz": "allgood",
    "mdma-s11-09-04.npz": "C",
    "mdma-s66-06-02.npz": "D",
    "mdma-188-10-01.npz": "C",
    "mdmu-111-25-01.npz": "D",
    "mdmu-s23-23-01.npz": "A",
    "mdma-151-05-03.npz": "D",
    "mdma-s17-02-03.npz": "B",
    "mdma-s50-05-04.npz": "D",
    "mdmu-s51-37-01.npz": "A",
    "mdma-s55-03-03.npz": "B",
    "mdma-s46-04-03.npz": "A",
    "mdma-s65-06-03.npz": "B",
    "mdma-146-04-03.npz": "C",
    "mdma-s11-08-00.npz": "A",
    "mdma-s45-07-03.npz": "A",
    "mdmu-s68-30-01.npz": "C",
    "mdma-107-09-00.npz": "C",
    "mdmu-s73-25-01.npz": "A",
    "mdma-s47-09-00.npz": "B",
    "mdmu-109-20-01.npz": "A",
    "mdmu-s68-25-00.npz": "allbad",
    "mdmu-s21-03-00.npz": "C",
    "mdma-s69-08-04.npz": "D",
    "mdmu-s04-07-00.npz": "C",
    "mdmu-110-16-01.npz": "A",
    "mdma-s95-08-04.npz": "D",
    "mdma-152-11-01.npz": "B",
    "mdma-111-09-01.npz": "B",
    "mdma-s54-01-03.npz": "allbad",
    "mdmu-s33-18-00.npz": "D",
    "mdma-116-05-04.npz": "D",
    "mdma-s14-04-02.npz": "B",
    "mdmu-s18-06-00.npz": "B",
    "mdmu-s63-08-00.npz": "C",
    "mdmu-s84-24-00.npz": "A",
    "mdma-109-02-01.npz": "A",
    "mdmu-s57-09-01.npz": "B",
    "mdma-127-10-01.npz": "A",
    "mdma-s76-07-00.npz": "A",
    "mdmu-113-38-00.npz": "C",
    "mdma-s16-01-02.npz": "B",
    "mdmu-100-12-01.npz": "C",
    "mdmu-s44-22-00.npz": "A",
    "mdmu-104-34-01.npz": "C",
    "mdma-s86-08-02.npz": "B",
    "mdmu-s59-17-00.npz": "B",
    "mdmu-s99-22-01.npz": "D",
    "mdma-127-00-04.npz": "C",
    "mdmu-s56-01-00.npz": "A",
    "mdma-115-00-01.npz": "allbad",
    "mdmu-s03-38-00.npz": "A",
    "mdma-109-00-04.npz": "D",
    "mdmu-s24-01-01.npz": "D",
    "mdma-s45-01-03.npz": "B",
    "mdma-129-10-01.npz": "C",
    "mdma-180-01-04.npz": "C",
    "mdma-s40-06-01.npz": "C",
    "mdmu-s28-00-01.npz": "C",
    "mdmu-s54-29-00.npz": "C",
    "mdma-116-07-00.npz": "D",
    "mdmu-104-01-01.npz": "A",
    "mdmu-s01-00-01.npz": "D",
    "mdma-s77-03-04.npz": "B",
    "mdma-147-04-02.npz": "A",
    "mdmu-s11-07-00.npz": "A",
    "mdma-s51-03-03.npz": "A",
    "mdma-101-05-04.npz": "D",
    "mdmu-s41-17-00.npz": "C",
    "mdmu-s25-00-01.npz": "D",
    "mdmu-s10-27-01.npz": "allbad",
    "mdmu-s55-32-01.npz": "D",
    "mdmu-104-04-01.npz": "A",
    "mdmu-s77-22-01.npz": "A",
    "mdma-s99-03-01.npz": "A",
    "mdmu-s39-07-00.npz": "B",
    "mdma-s42-07-04.npz": "B",
    "mdma-s97-10-02.npz": "B",
    "mdma-s91-08-03.npz": "B",
    "mdmu-s47-00-01.npz": "D",
    "mdma-s72-04-01.npz": "B",
    "mdma-s44-04-02.npz": "C",
    "mdma-195-09-01.npz": "A",
    "mdmu-s63-27-01.npz": "B",
    "mdmu-s86-17-01.npz": "B",
    "mdmu-s77-10-01.npz": "C",
    "mdmu-s36-00-01.npz": "D",
    "mdma-s52-02-04.npz": "C",
    "mdmu-s43-10-00.npz": "B",
    "mdmu-s99-19-00.npz": "C",
    "mdmu-s29-27-01.npz": "A",
    "mdma-s97-07-00.npz": "D",
    "mdmu-s32-29-01.npz": "C",
    "mdmu-s03-28-00.npz": "D",
    "mdma-188-06-01.npz": "A",
    "mdmu-100-03-00.npz": "B",
    "mdmu-107-21-01.npz": "A",
    "mdma-117-11-02.npz": "B",
    "mdmu-s99-16-00.npz": "B",
    "mdmu-s57-04-00.npz": "D",
    "mdma-s52-00-04.npz": "B",
    "mdmu-s51-10-01.npz": "B",
    "mdmu-s64-36-00.npz": "A",
    "mdmu-s00-34-00.npz": "C",
    "mdmu-s11-37-00.npz": "C",
    "mdma-s85-04-04.npz": "C",
    "mdmu-s79-25-00.npz": "B",
    "mdma-s42-10-01.npz": "A",
    "mdma-108-02-03.npz": "D",
    "mdma-s85-08-01.npz": "D",
    "mdmu-116-23-00.npz": "D",
    "mdma-s78-09-02.npz": "D",
    "mdma-s43-11-04.npz": "D",
    "mdma-s40-03-03.npz": "D",
    "mdmu-101-24-01.npz": "A",
    "mdma-122-03-04.npz": "D",
    "mdma-183-09-04.npz": "B",
    "mdma-184-09-02.npz": "D",
    "mdmu-s53-32-00.npz": "D",
    "mdma-158-07-00.npz": "A",
    "mdma-s54-05-01.npz": "B",
    "mdma-131-07-01.npz": "C",
    "mdmu-s84-00-01.npz": "B",
    "mdma-s96-10-00.npz": "A",
    "mdmu-s14-06-00.npz": "D",
    "mdma-s97-05-02.npz": "D",
    "mdma-s88-11-02.npz": "C",
    "mdma-s49-11-02.npz": "D",
    "mdmu-s21-12-01.npz": "C",
    "mdmu-s15-01-01.npz": "D",
    "mdmu-s47-08-00.npz": "B",
    "mdma-s55-01-01.npz": "allbad",
    "mdma-182-05-02.npz": "A",
    "mdmu-118-34-01.npz": "A",
    "mdma-s52-10-01.npz": "D",
    "mdma-s65-07-02.npz": "A",
    "mdma-s84-01-00.npz": "D",
    "mdmu-s71-03-00.npz": "D",
    "mdmu-s99-37-00.npz": "D",
    "mdma-s15-04-01.npz": "B",
    "mdmu-s97-11-01.npz": "D",
    "mdma-110-02-00.npz": "D",
    "mdma-s76-02-00.npz": "D",
    "mdma-s10-04-02.npz": "A",
    "mdmu-101-22-01.npz": "B",
    "mdmu-s86-34-01.npz": "B",
    "mdmu-s95-00-00.npz": "A",
    "mdma-101-11-00.npz": "B",
    "mdmu-s91-15-00.npz": "B",
    "mdma-s81-09-00.npz": "B",
    "mdma-106-09-03.npz": "A",
    "mdmu-s80-25-01.npz": "C",
    "mdma-s55-01-02.npz": "A",
    "mdmu-142-37-00.npz": "D",
    "mdma-187-06-04.npz": "B",
    "mdma-s51-01-01.npz": "C",
    "mdma-s78-02-04.npz": "B",
    "mdmu-101-26-00.npz": "A",
    "mdma-s68-07-02.npz": "C",
    "mdma-152-09-00.npz": "D",
    "mdma-126-02-01.npz": "C",
    "mdmu-s35-27-00.npz": "C",
    "mdma-s54-04-00.npz": "D",
    "mdma-155-09-02.npz": "B",
    "mdmu-113-06-00.npz": "C",
    "mdma-s11-00-00.npz": "A",
    "mdma-s58-05-01.npz": "A",
    "mdma-128-02-02.npz": "B",
    "mdmu-s32-05-01.npz": "B",
    "mdma-s80-07-03.npz": "B",
    "mdmu-s16-19-00.npz": "B",
    "mdmu-s28-24-01.npz": "allbad",
    "mdmu-s14-10-01.npz": "A",
    "mdma-119-07-04.npz": "A",
    "mdma-115-08-00.npz": "A",
    "mdma-s58-00-04.npz": "B",
    "mdmu-s16-16-01.npz": "D",
    "mdmu-s18-08-01.npz": "B",
    "mdma-126-07-01.npz": "A",
    "mdmu-s22-33-00.npz": "B",
    "mdmu-s73-11-01.npz": "C",
    "mdma-s92-00-01.npz": "C",
    "mdmu-s55-11-01.npz": "D",
    "mdma-s66-10-01.npz": "C",
    "mdma-109-00-02.npz": "D",
    "mdmu-s00-36-01.npz": "C",
    "mdma-s77-04-01.npz": "B",
    "mdmu-s05-26-01.npz": "A",
    "mdmu-s82-25-00.npz": "D",
    "mdma-s84-07-04.npz": "B",
    "mdmu-s55-30-00.npz": "D",
    "mdma-198-02-00.npz": "D",
    "mdmu-s33-24-00.npz": "C",
    "mdma-s40-11-03.npz": "B",
    "mdma-158-03-02.npz": "D",
    "mdma-s62-06-02.npz": "C",
    "mdmu-s47-03-01.npz": "C",
    "mdma-118-02-03.npz": "B",
    "mdmu-s87-03-01.npz": "C",
    "mdma-183-09-00.npz": "D",
    "mdmu-s82-26-01.npz": "D",
    "mdma-s40-08-02.npz": "B",
    "mdmu-s69-04-01.npz": "B",
    "mdmu-105-35-00.npz": "C",
    "mdmu-s63-07-01.npz": "D",
    "mdma-s96-07-02.npz": "D",
    "mdma-146-02-02.npz": "B",
    "mdma-125-11-02.npz": "D",
    "mdmu-s01-37-00.npz": "A",
    "mdma-s85-06-02.npz": "A",
    "mdmu-s93-18-00.npz": "A",
    "mdmu-s72-39-01.npz": "C",
    "mdmu-105-36-00.npz": "D",
    "mdmu-117-14-01.npz": "A",
    "mdma-s14-03-04.npz": "D",
    "mdmu-118-18-00.npz": "D",
    "mdmu-116-28-01.npz": "A",
    "mdma-150-00-00.npz": "C",
    "mdma-119-09-03.npz": "B",
    "mdmu-s55-36-01.npz": "B",
    "mdmu-118-19-01.npz": "B",
    "mdma-100-07-03.npz": "C",
    "mdmu-s46-37-00.npz": "B",
    "mdma-129-06-02.npz": "B",
    "mdma-s95-07-04.npz": "C",
    "mdmu-101-04-00.npz": "A",
    "mdma-124-00-02.npz": "C",
    "mdmu-s61-38-01.npz": "B",
    "mdma-s90-09-01.npz": "A",
    "mdma-103-05-01.npz": "B",
    "mdmu-s71-17-01.npz": "D",
    "mdmu-s57-13-00.npz": "D",
    "mdmu-s11-32-00.npz": "D",
    "mdma-101-10-03.npz": "D",
    "mdma-138-05-01.npz": "C",
    "mdmu-s31-15-00.npz": "B",
    "mdmu-s09-37-00.npz": "B",
    "mdma-111-00-04.npz": "D",
    "mdmu-s81-39-01.npz": "C",
    "mdma-105-09-01.npz": "A",
    "mdma-183-08-03.npz": "D",
    "mdma-107-04-02.npz": "C",
    "mdma-151-04-00.npz": "C",
    "mdma-s48-05-02.npz": "B",
    "mdmu-s11-08-01.npz": "D",
    "mdma-s53-11-03.npz": "C",
    "mdmu-s23-11-01.npz": "A",
    "mdmu-s94-10-00.npz": "B",
    "mdma-121-09-01.npz": "A",
    "mdmu-s91-32-00.npz": "A",
    "mdma-181-06-01.npz": "C",
    "mdma-185-02-01.npz": "A",
    "mdma-s66-03-02.npz": "B",
    "mdma-100-03-01.npz": "A",
    "mdma-s54-11-00.npz": "C",
    "mdma-122-08-01.npz": "D",
    "mdmu-112-21-00.npz": "D",
    "mdmu-s42-06-01.npz": "D",
    "mdmu-s90-16-01.npz": "C",
    "mdmu-s54-01-01.npz": "C",
    "mdma-s47-08-04.npz": "D",
    "mdma-145-06-04.npz": "allbad",
    "mdma-133-01-04.npz": "D",
    "mdmu-s94-27-00.npz": "D",
    "mdma-158-01-00.npz": "A",
    "mdma-s74-02-02.npz": "A",
    "mdma-157-10-01.npz": "A",
    "mdmu-s19-17-01.npz": "A",
    "mdmu-s20-22-00.npz": "A",
    "mdma-148-07-01.npz": "C",
    "mdmu-s57-15-00.npz": "C",
    "mdmu-114-10-00.npz": "C",
    "mdmu-s25-21-01.npz": "A",
    "mdma-s82-00-01.npz": "D",
    "mdmu-s14-13-01.npz": "D",
    "mdmu-s66-15-00.npz": "C",
    "mdma-s62-01-01.npz": "A",
    "mdmu-s46-33-01.npz": "D",
    "mdmu-s46-38-01.npz": "B",
    "mdma-101-09-03.npz": "C",
    "mdma-s99-11-01.npz": "C",
    "mdmu-s68-03-00.npz": "B",
    "mdma-159-07-04.npz": "C",
    "mdma-182-04-04.npz": "C",
    "mdma-s84-03-02.npz": "C",
    "mdma-146-02-01.npz": "D",
    "mdma-133-08-00.npz": "D",
    "mdma-134-05-03.npz": "B",
    "mdma-s11-00-04.npz": "B",
    "mdmu-116-25-01.npz": "A",
    "mdma-s95-11-02.npz": "B",
    "mdmu-158-34-00.npz": "C",
    "mdmu-s26-23-00.npz": "D",
    "mdmu-s35-38-01.npz": "C",
    "mdmu-s28-12-01.npz": "B",
    "mdma-s86-09-03.npz": "D",
    "mdma-159-01-02.npz": "A",
    "mdmu-s27-26-01.npz": "A",
    "mdma-s15-05-03.npz": "D",
    "mdma-105-09-03.npz": "A",
    "mdma-s55-06-04.npz": "B",
    "mdma-138-10-04.npz": "C",
    "mdma-190-02-04.npz": "D",
    "mdmu-s94-37-00.npz": "B",
    "mdmu-104-15-00.npz": "A",
    "mdmu-s77-05-00.npz": "C",
    "mdmu-s00-23-00.npz": "A",
    "mdmu-s84-31-00.npz": "D",
    "mdma-147-04-04.npz": "B",
    "mdmu-s16-39-01.npz": "A",
    "mdma-s92-10-01.npz": "D",
    "mdmu-s96-20-00.npz": "D",
    "mdma-135-09-04.npz": "C",
    "mdma-100-02-02.npz": "C",
    "mdma-145-11-00.npz": "D",
    "mdmu-s85-34-01.npz": "A",
    "mdmu-s21-02-00.npz": "C",
    "mdmu-s21-02-01.npz": "C",
    "mdmu-110-23-00.npz": "C",
    "mdmu-s50-02-01.npz": "D",
    "mdma-131-08-04.npz": "D",
    "mdmu-s34-38-01.npz": "A",
    "mdmu-s35-04-00.npz": "C",
    "mdmu-s11-24-01.npz": "A",
    "mdma-136-04-03.npz": "A",
    "mdmu-114-00-00.npz": "C",
    "mdma-s46-07-03.npz": "C",
    "mdma-s92-05-03.npz": "C",
    "mdmu-s13-18-01.npz": "B",
    "mdma-102-01-03.npz": "C",
    "mdmu-s40-21-01.npz": "C",
    "mdmu-s37-20-00.npz": "C",
    "mdma-138-11-00.npz": "D",
    "mdmu-s32-25-01.npz": "D",
    "mdmu-102-29-01.npz": "A",
    "mdma-s81-10-02.npz": "C",
    "mdmu-s59-31-01.npz": "D",
    "mdmu-s66-37-01.npz": "C",
    "mdma-140-03-04.npz": "B",
    "mdma-132-01-01.npz": "D",
    "mdma-131-11-01.npz": "C",
    "mdmu-109-03-00.npz": "D",
    "mdmu-s69-22-00.npz": "B",
    "mdma-101-02-00.npz": "A",
    "mdmu-101-11-01.npz": "A",
    "mdma-s40-07-03.npz": "A",
    "mdmu-s58-23-00.npz": "A",
    "mdma-s79-05-00.npz": "B",
    "mdma-s97-10-01.npz": "B",
    "mdma-123-11-00.npz": "C",
    "mdma-150-09-02.npz": "A",
    "mdmu-101-32-00.npz": "C",
    "mdma-s77-09-03.npz": "A",
    "mdmu-s26-25-00.npz": "C",
    "mdmu-s55-29-00.npz": "C",
    "mdma-s89-06-03.npz": "B",
    "mdma-109-07-04.npz": "B",
    "mdmu-116-14-01.npz": "A",
    "mdma-154-02-03.npz": "C",
    "mdma-125-04-02.npz": "D",
    "mdmu-s89-01-01.npz": "C",
    "mdmu-s27-15-01.npz": "A",
    "mdma-114-11-00.npz": "D",
    "mdmu-s82-05-01.npz": "B",
    "mdmu-109-28-01.npz": "B",
    "mdma-s65-03-02.npz": "B",
    "mdma-s10-00-00.npz": "D",
    "mdma-s40-02-02.npz": "B",
    "mdma-133-10-02.npz": "A",
    "mdmu-119-24-01.npz": "A",
    "mdmu-s44-19-01.npz": "A",
    "mdma-125-01-02.npz": "C",
    "mdmu-s32-26-01.npz": "D",
    "mdma-133-10-00.npz": "B",
    "mdmu-s11-17-00.npz": "D",
    "mdmu-109-16-00.npz": "C",
    "mdma-s64-09-02.npz": "D",
    "mdmu-s25-04-00.npz": "B",
    "mdma-s89-00-00.npz": "B",
    "mdma-190-09-02.npz": "C",
    "mdma-s45-04-03.npz": "D",
    "mdmu-s95-23-00.npz": "B",
    "mdmu-s89-21-00.npz": "C",
    "mdmu-103-27-00.npz": "A",
    "mdmu-s02-01-01.npz": "B",
    "mdma-146-08-02.npz": "D",
    "mdmu-s83-31-01.npz": "B",
    "mdmu-s79-19-01.npz": "C",
    "mdma-191-07-02.npz": "A",
    "mdma-149-08-03.npz": "D",
    "mdma-s89-00-03.npz": "D",
    "mdma-157-07-03.npz": "C",
    "mdmu-116-29-01.npz": "D",
    "mdma-s15-09-04.npz": "B",
    "mdmu-s99-20-01.npz": "D",
    "mdmu-101-28-00.npz": "D",
    "mdma-s49-07-00.npz": "D",
    "mdmu-s00-21-00.npz": "A",
    "mdma-122-07-01.npz": "A",
    "mdma-143-07-03.npz": "A",
    "mdmu-s82-27-01.npz": "A",
    "mdma-100-04-01.npz": "A",
    "mdmu-119-15-00.npz": "A",
    "mdma-182-01-00.npz": "D",
    "mdmu-s42-14-00.npz": "C",
    "mdma-194-05-02.npz": "A",
    "mdma-114-02-03.npz": "A",
    "mdma-114-05-01.npz": "B",
    "mdmu-106-28-01.npz": "D",
    "mdma-s43-06-02.npz": "D",
    "mdmu-s39-30-01.npz": "D",
    "mdma-132-09-01.npz": "A",
    "mdma-s45-09-02.npz": "B",
    "mdmu-s91-11-00.npz": "A",
    "mdma-104-10-01.npz": "A",
    "mdma-s67-02-02.npz": "A",
    "mdma-s70-01-04.npz": "C",
    "mdmu-s25-25-01.npz": "C",
    "mdma-s69-04-03.npz": "B",
    "mdmu-s66-20-00.npz": "A",
    "mdmu-s22-16-01.npz": "A",
    "mdma-104-05-03.npz": "C",
    "mdma-s95-09-00.npz": "A",
    "mdma-103-06-03.npz": "allbad",
    "mdma-s78-07-00.npz": "B",
    "mdmu-s48-30-00.npz": "C",
    "mdmu-s39-14-00.npz": "D",
    "mdma-123-01-04.npz": "B",
    "mdmu-105-17-01.npz": "A",
    "mdma-100-06-04.npz": "D",
    "mdmu-s25-22-00.npz": "A",
    "mdmu-s81-29-01.npz": "A",
    "mdmu-119-31-00.npz": "D",
    "mdma-s67-09-04.npz": "C",
    "mdma-148-05-04.npz": "C",
    "mdmu-s02-03-00.npz": "A",
    "mdma-s74-07-03.npz": "D",
    "mdmu-s51-39-00.npz": "D",
    "mdmu-s74-18-01.npz": "B",
    "mdmu-s73-05-00.npz": "B",
    "mdma-s86-06-00.npz": "B",
    "mdma-s59-04-01.npz": "D",
    "mdma-s73-10-01.npz": "C",
    "mdma-128-07-00.npz": "D",
    "mdma-159-00-01.npz": "A",
    "mdmu-s36-24-01.npz": "B",
    "mdmu-102-34-01.npz": "C",
    "mdmu-s68-04-01.npz": "C",
    "mdma-150-11-00.npz": "B",
    "mdma-s95-05-01.npz": "C",
    "mdma-s51-09-04.npz": "D",
    "mdmu-s54-06-01.npz": "B",
    "mdmu-s52-10-01.npz": "D",
    "mdma-131-02-02.npz": "A",
    "mdma-181-03-00.npz": "D",
    "mdmu-s35-19-01.npz": "D",
    "mdma-110-01-00.npz": "D",
    "mdma-s76-01-04.npz": "B",
    "mdma-s63-05-00.npz": "D",
    "mdmu-112-30-01.npz": "A",
    "mdma-186-01-03.npz": "allbad",
    "mdma-s80-02-01.npz": "A",
    "mdma-102-07-03.npz": "D",
    "mdma-s57-08-02.npz": "B",
    "mdma-s45-06-01.npz": "D",
    "mdmu-s81-32-01.npz": "C",
    "mdma-153-00-01.npz": "D",
    "mdmu-s16-13-00.npz": "D",
    "mdmu-s63-36-01.npz": "B",
    "mdmu-s31-37-00.npz": "A",
    "mdma-108-07-00.npz": "C",
    "mdma-119-01-00.npz": "B",
    "mdma-s59-03-03.npz": "A",
    "mdmu-s22-12-00.npz": "A",
    "mdma-s89-01-00.npz": "B",
    "mdma-s45-10-02.npz": "D",
    "mdma-s14-03-01.npz": "B",
    "mdma-s75-01-04.npz": "B",
    "mdma-197-11-04.npz": "C",
    "mdma-s59-11-00.npz": "D",
    "mdma-117-06-04.npz": "C",
    "mdma-s74-08-04.npz": "D",
    "mdmu-s77-17-01.npz": "D",
    "mdma-s97-09-00.npz": "A",
    "mdma-113-04-01.npz": "A",
    "mdmu-s48-37-01.npz": "B",
    "mdmu-s52-18-01.npz": "A",
    "mdmu-101-01-01.npz": "C",
    "mdma-s41-09-04.npz": "C",
    "mdma-s17-07-01.npz": "C",
    "mdmu-s71-28-01.npz": "C",
    "mdmu-s56-26-00.npz": "D",
    "mdmu-s52-13-01.npz": "B",
    "mdma-146-06-02.npz": "allbad",
    "mdmu-129-34-01.npz": "D",
    "mdmu-s07-05-00.npz": "D",
    "mdma-135-06-02.npz": "B",
    "mdma-s52-09-00.npz": "A",
    "mdmu-s59-09-00.npz": "D",
    "mdmu-s41-30-01.npz": "A",
    "mdma-s87-11-03.npz": "D",
    "mdmu-s94-13-00.npz": "A",
    "mdmu-s62-10-00.npz": "B",
    "mdmu-s77-30-00.npz": "B",
    "mdmu-s45-00-01.npz": "B",
    "mdmu-s83-38-01.npz": "A",
    "mdmu-s20-03-00.npz": "C",
    "mdma-188-00-03.npz": "C",
    "mdma-181-11-04.npz": "C",
    "mdmu-s47-18-01.npz": "C",
    "mdmu-s04-27-00.npz": "B",
    "mdma-136-05-04.npz": "B",
    "mdmu-s82-14-00.npz": "D",
    "mdma-s14-05-00.npz": "A",
    "mdma-s10-10-01.npz": "B",
    "mdmu-s76-20-01.npz": "B",
    "mdma-181-05-02.npz": "B",
    "mdmu-s99-26-00.npz": "A",
    "mdma-132-02-04.npz": "allbad",
    "mdma-143-09-04.npz": "B",
    "mdmu-s58-32-01.npz": "D",
    "mdmu-112-05-00.npz": "B",
    "mdmu-s56-31-00.npz": "B",
    "mdma-193-06-03.npz": "C",
    "mdma-s73-07-02.npz": "D",
    "mdmu-s06-12-00.npz": "A",
    "mdma-157-11-03.npz": "A",
    "mdmu-106-17-01.npz": "D",
    "mdmu-s78-17-00.npz": "B",
    "mdma-105-10-03.npz": "D",
    "mdmu-110-03-01.npz": "B",
    "mdmu-s62-01-01.npz": "A",
    "mdma-s16-00-00.npz": "A",
    "mdma-s75-02-00.npz": "D",
    "mdmu-108-39-00.npz": "D",
    "mdmu-s99-27-00.npz": "C",
    "mdma-s69-08-02.npz": "D",
    "mdma-s58-01-01.npz": "D",
    "mdma-s67-08-01.npz": "C",
    "mdmu-s96-25-01.npz": "C",
    "mdmu-s30-15-01.npz": "C",
    "mdma-115-04-03.npz": "A",
    "mdmu-s02-28-00.npz": "C",
    "mdmu-s84-38-01.npz": "C",
    "mdmu-s28-23-00.npz": "B",
    "mdmu-101-14-00.npz": "D",
    "mdma-186-07-00.npz": "B",
    "mdmu-s58-25-00.npz": "C",
    "mdmu-s06-32-00.npz": "C",
    "mdmu-s10-23-01.npz": "D",
    "mdma-s41-02-04.npz": "C",
    "mdmu-115-35-01.npz": "C",
    "mdmu-s76-18-00.npz": "C",
    "mdmu-s58-03-01.npz": "C",
    "mdma-s77-00-04.npz": "C",
    "mdma-s45-06-03.npz": "D",
    "mdma-133-06-04.npz": "A",
    "mdmu-s64-00-01.npz": "D",
    "mdmu-s78-36-01.npz": "B",
    "mdma-s90-06-02.npz": "C",
    "mdmu-103-07-00.npz": "C",
    "mdma-158-04-03.npz": "A",
    "mdmu-s08-26-01.npz": "C",
    "mdma-151-10-03.npz": "A",
    "mdma-194-01-03.npz": "D",
    "mdmu-s72-25-00.npz": "B",
    "mdma-196-06-01.npz": "allbad",
    "mdmu-s80-32-01.npz": "A",
    "mdmu-s77-39-00.npz": "allbad",
    "mdma-184-11-02.npz": "D",
    "mdmu-s33-00-01.npz": "D",
    "mdma-s60-04-03.npz": "C",
    "mdmu-s99-36-01.npz": "C",
    "mdmu-s14-25-00.npz": "allbad",
    "mdmu-s45-29-01.npz": "A",
    "mdmu-s94-15-00.npz": "C",
    "mdmu-s13-39-01.npz": "D",
    "mdma-158-10-01.npz": "B",
    "mdmu-s46-11-01.npz": "B",
    "mdma-199-02-03.npz": "C",
    "mdma-105-11-01.npz": "B",
    "mdmu-s86-08-01.npz": "A",
    "mdma-s83-08-00.npz": "D",
    "mdma-197-09-00.npz": "C",
    "mdma-198-09-02.npz": "A",
    "mdmu-s57-12-00.npz": "C",
    "mdmu-s76-23-01.npz": "D",
    "mdma-s19-10-04.npz": "B",
    "mdmu-s15-09-00.npz": "A",
    "mdmu-s72-35-00.npz": "C",
    "mdma-s96-07-00.npz": "B",
    "mdma-s73-02-01.npz": "A",
    "mdmu-s30-01-01.npz": "D",
    "mdmu-s72-26-00.npz": "A",
    "mdma-s80-05-01.npz": "B",
    "mdma-151-04-02.npz": "C",
    "mdmu-s88-36-01.npz": "A",
    "mdmu-s15-36-00.npz": "A",
    "mdmu-s75-11-01.npz": "B",
    "mdmu-s07-37-00.npz": "A",
    "mdma-130-03-04.npz": "A",
    "mdma-s16-00-04.npz": "D",
    "mdmu-s27-30-00.npz": "C",
    "mdma-s75-07-04.npz": "B",
    "mdma-s88-07-00.npz": "D",
    "mdmu-113-15-01.npz": "D",
    "mdma-197-00-00.npz": "A",
    "mdma-192-11-00.npz": "B",
    "mdma-131-04-03.npz": "B",
    "mdmu-s23-09-00.npz": "D",
    "mdma-s58-02-02.npz": "B",
    "mdma-123-07-00.npz": "D",
    "mdmu-s74-10-01.npz": "B",
    "mdmu-s99-39-01.npz": "allbad",
    "mdmu-119-36-00.npz": "B",
    "mdma-s67-07-03.npz": "B",
    "mdma-s47-04-04.npz": "C",
    "mdmu-s78-08-01.npz": "A",
    "mdma-134-05-02.npz": "B",
    "mdmu-s90-18-01.npz": "C",
    "mdma-s96-04-03.npz": "D",
    "mdmu-s33-23-00.npz": "B",
    "mdmu-s41-33-00.npz": "D",
    "mdma-123-10-02.npz": "C",
    "mdmu-s23-10-01.npz": "D",
    "mdma-s78-11-04.npz": "A",
    "mdma-s59-06-03.npz": "D",
    "mdma-112-06-03.npz": "A",
    "mdmu-s47-04-01.npz": "C",
    "mdma-189-10-01.npz": "C",
    "mdmu-s70-22-01.npz": "A",
    "mdma-186-10-01.npz": "B",
    "mdma-s13-10-00.npz": "B",
    "mdma-s86-05-02.npz": "C",
    "mdmu-s39-20-00.npz": "B",
    "mdma-s63-09-03.npz": "A",
    "mdmu-s22-08-00.npz": "B",
    "mdmu-s41-23-01.npz": "D",
    "mdma-111-01-01.npz": "C",
    "mdma-s14-09-04.npz": "C",
    "mdma-157-00-02.npz": "A",
    "mdmu-s16-38-01.npz": "D",
    "mdmu-s73-12-01.npz": "D",
    "mdmu-s65-31-01.npz": "B",
    "mdma-101-07-03.npz": "B",
    "mdmu-s20-04-00.npz": "D",
    "mdma-153-07-01.npz": "C",
    "mdmu-s73-08-01.npz": "B",
    "mdmu-s12-20-01.npz": "B",
    "mdmu-135-33-01.npz": "D",
    "mdma-s59-01-00.npz": "C",
    "mdmu-s46-22-00.npz": "C",
    "mdma-s70-10-03.npz": "D",
    "mdmu-s36-11-00.npz": "B",
    "mdmu-s93-38-00.npz": "A",
    "mdma-s62-11-02.npz": "D",
    "mdmu-117-00-01.npz": "C",
    "mdmu-s72-07-01.npz": "B",
    "mdmu-s46-07-01.npz": "C",
    "mdmu-174-03-00.npz": "C",
    "mdmu-s45-17-00.npz": "B",
    "mdma-s83-04-02.npz": "D",
    "mdma-135-09-02.npz": "A",
    "mdmu-s69-39-01.npz": "D",
    "mdmu-s34-31-00.npz": "D",
    "mdmu-s23-09-01.npz": "A",
    "mdma-151-05-02.npz": "A",
    "mdma-s91-09-04.npz": "A",
    "mdma-s13-09-04.npz": "B",
    "mdmu-s45-28-01.npz": "D",
    "mdma-s65-05-02.npz": "A",
    "mdma-s19-09-04.npz": "A",
    "mdma-123-00-04.npz": "C",
    "mdmu-s61-30-00.npz": "B",
    "mdmu-s33-01-00.npz": "D",
    "mdmu-s25-10-00.npz": "A",
    "mdmu-s79-36-01.npz": "D",
    "mdmu-s57-19-00.npz": "D",
    "mdma-185-08-03.npz": "D",
    "mdma-196-06-04.npz": "allbad",
    "mdma-102-11-03.npz": "C",
    "mdma-185-06-02.npz": "D",
    "mdma-s84-08-00.npz": "A",
    "mdmu-118-24-01.npz": "A",
    "mdmu-s04-05-00.npz": "A",
    "mdma-s40-10-03.npz": "C",
    "mdmu-s91-19-00.npz": "A",
    "mdma-s72-10-04.npz": "D",
    "mdma-181-00-02.npz": "A",
    "mdmu-s86-20-00.npz": "B",
    "mdma-149-03-00.npz": "B",
    "mdmu-110-33-01.npz": "C",
    "mdma-189-04-00.npz": "D",
    "mdma-126-06-02.npz": "A",
    "mdmu-s95-10-01.npz": "D",
    "mdmu-s82-11-00.npz": "B",
    "mdma-192-07-00.npz": "B",
    "mdmu-s43-05-01.npz": "D",
    "mdmu-s47-39-00.npz": "D",
    "mdmu-s74-01-00.npz": "B",
    "mdmu-s56-21-01.npz": "B",
    "mdma-180-03-01.npz": "B",
    "mdmu-s56-05-01.npz": "B",
    "mdmu-s79-38-00.npz": "C",
    "mdma-s52-01-00.npz": "allbad",
    "mdma-122-10-03.npz": "C",
    "mdmu-s78-19-00.npz": "D",
    "mdma-s18-06-01.npz": "A",
    "mdmu-s77-06-01.npz": "A",
    "mdmu-s97-21-00.npz": "B",
    "mdma-123-06-02.npz": "C",
    "mdma-195-10-02.npz": "C",
    "mdmu-s71-26-01.npz": "A",
    "mdma-s77-10-02.npz": "B",
    "mdma-126-09-04.npz": "B",
    "mdmu-s30-36-01.npz": "D",
    "mdmu-s10-35-01.npz": "B",
    "mdmu-s50-17-01.npz": "C",
    "mdma-103-09-00.npz": "D",
    "mdma-s95-00-02.npz": "B",
    "mdma-s51-11-02.npz": "B",
    "mdmu-s12-06-00.npz": "D",
    "mdma-s86-05-03.npz": "A",
    "mdmu-s96-33-01.npz": "D",
    "mdmu-100-24-00.npz": "allbad",
    "mdma-s85-04-01.npz": "D",
    "mdma-s18-09-01.npz": "D",
    "mdma-114-07-03.npz": "C",
    "mdma-s51-07-02.npz": "A",
    "mdma-138-09-04.npz": "A",
    "mdmu-114-06-00.npz": "D",
    "mdma-148-02-03.npz": "C",
    "mdmu-105-25-00.npz": "D",
    "mdma-s90-06-01.npz": "A",
    "mdmu-s00-14-01.npz": "A",
    "mdmu-s11-09-00.npz": "D",
    "mdma-s82-10-02.npz": "B",
    "mdmu-s97-04-00.npz": "B",
    "mdmu-s94-38-00.npz": "C",
    "mdma-s17-01-03.npz": "B",
    "mdma-102-04-02.npz": "D",
    "mdmu-s40-05-01.npz": "D",
    "mdmu-s78-04-00.npz": "B",
    "mdmu-s42-10-01.npz": "D",
    "mdmu-109-27-01.npz": "C",
    "mdma-193-05-03.npz": "D",
    "mdmu-s17-18-01.npz": "allbad",
    "mdmu-s43-18-01.npz": "A",
    "mdma-s68-08-02.npz": "C",
    "mdma-125-10-03.npz": "A",
    "mdma-s42-03-00.npz": "B",
    "mdmu-s67-00-01.npz": "C",
    "mdma-s70-05-01.npz": "B",
    "mdmu-s82-33-01.npz": "A",
    "mdma-130-09-01.npz": "C",
    "mdma-s82-02-02.npz": "B",
    "mdmu-s07-04-01.npz": "A",
    "mdmu-s58-31-01.npz": "C",
    "mdma-s66-05-00.npz": "C",
    "mdmu-s76-00-01.npz": "D",
    "mdma-s14-00-02.npz": "B",
    "mdmu-s38-04-01.npz": "C",
    "mdma-113-02-00.npz": "C",
    "mdma-101-10-04.npz": "C",
    "mdma-186-09-00.npz": "B",
    "mdmu-s02-04-00.npz": "A",
    "mdmu-118-32-01.npz": "C",
    "mdmu-s41-10-01.npz": "A",
    "mdma-101-09-04.npz": "C",
    "mdma-s16-10-00.npz": "C",
    "mdmu-s16-37-01.npz": "A",
    "mdma-s11-11-02.npz": "A",
    "mdma-s63-11-00.npz": "C",
    "mdmu-s95-30-01.npz": "D",
    "mdma-s43-05-04.npz": "A",
    "mdmu-s71-23-01.npz": "C",
    "mdmu-s99-11-01.npz": "B",
    "mdma-132-11-01.npz": "B",
    "mdmu-s87-11-00.npz": "C",
    "mdmu-s45-24-01.npz": "allbad",
    "mdma-s62-04-02.npz": "B",
    "mdma-s99-04-00.npz": "D",
    "mdma-s55-08-04.npz": "C",
    "mdma-s51-02-01.npz": "A",
    "mdmu-s52-15-00.npz": "C",
    "mdma-s45-03-01.npz": "A",
    "mdma-s64-06-03.npz": "B",
    "mdmu-102-03-00.npz": "B",
    "mdmu-s58-18-01.npz": "D",
    "mdma-108-02-01.npz": "C",
    "mdma-s84-01-04.npz": "A",
    "mdmu-s64-25-01.npz": "C",
    "mdmu-100-23-01.npz": "D",
    "mdma-142-04-04.npz": "C",
    "mdma-s66-03-00.npz": "A",
    "mdma-144-03-02.npz": "C",
    "mdma-138-08-01.npz": "D",
    "mdma-s50-05-01.npz": "A",
    "mdmu-s22-30-01.npz": "C",
    "mdma-155-03-03.npz": "C",
    "mdma-156-07-03.npz": "C",
    "mdmu-s44-37-01.npz": "A",
    "mdmu-110-31-01.npz": "C",
    "mdmu-119-33-01.npz": "A",
    "mdmu-s48-24-00.npz": "D",
    "mdma-155-00-03.npz": "A",
    "mdma-131-01-02.npz": "B",
    "mdma-125-05-00.npz": "C",
    "mdma-110-06-00.npz": "D",
    "mdmu-s54-28-00.npz": "B",
    "mdma-122-08-04.npz": "A",
    "mdmu-s23-21-00.npz": "A",
    "mdmu-s29-17-01.npz": "D",
    "mdma-101-01-04.npz": "A",
    "mdma-191-10-01.npz": "D",
    "mdma-s16-03-04.npz": "A",
    "mdma-197-04-04.npz": "B",
    "mdmu-s13-00-00.npz": "A",
    "mdma-113-00-02.npz": "C",
    "mdma-s17-07-03.npz": "C",
    "mdma-s76-01-01.npz": "B",
    "mdmu-s51-08-00.npz": "D",
    "mdmu-s41-25-01.npz": "allbad",
    "mdmu-s14-37-01.npz": "A",
    "mdmu-s01-22-01.npz": "C",
    "mdma-s54-09-04.npz": "A",
    "mdma-123-05-01.npz": "B",
    "mdma-s61-05-04.npz": "A",
    "mdma-s54-06-01.npz": "D",
    "mdmu-s97-10-01.npz": "A",
    "mdma-191-06-04.npz": "A",
    "mdma-s90-10-03.npz": "B",
    "mdma-s64-03-01.npz": "D",
    "mdmu-s80-36-01.npz": "D",
    "mdma-181-04-00.npz": "D",
    "mdma-128-09-04.npz": "C",
    "mdmu-s65-38-00.npz": "C",
    "mdmu-118-19-00.npz": "D",
    "mdma-134-04-01.npz": "A",
    "mdma-s18-09-03.npz": "D",
    "mdmu-s29-37-01.npz": "C",
    "mdma-s96-03-03.npz": "A",
    "mdmu-s17-05-00.npz": "A",
    "mdma-s67-02-03.npz": "A",
    "mdma-145-02-02.npz": "allbad",
    "mdmu-107-10-01.npz": "B",
    "mdma-s79-05-01.npz": "B",
    "mdmu-105-37-00.npz": "D",
    "mdma-s17-01-02.npz": "C",
    "mdmu-s07-29-01.npz": "C",
    "mdmu-102-23-00.npz": "C",
    "mdma-s61-09-03.npz": "B",
    "mdmu-s15-25-01.npz": "allbad",
    "mdma-128-05-01.npz": "B",
    "mdma-s87-05-03.npz": "D",
    "mdmu-s12-23-01.npz": "A",
    "mdma-s56-10-01.npz": "A",
    "mdmu-s38-15-00.npz": "A",
    "mdmu-s71-09-01.npz": "D",
    "mdmu-s53-22-00.npz": "A",
    "mdma-110-10-00.npz": "C",
    "mdma-s70-10-02.npz": "A",
    "mdmu-s40-38-01.npz": "B",
    "mdmu-s95-13-00.npz": "A",
    "mdmu-s04-07-01.npz": "C",
    "mdma-188-07-00.npz": "A",
    "mdma-s95-02-04.npz": "B",
    "mdma-s15-06-03.npz": "C",
    "mdma-120-05-00.npz": "D",
    "mdmu-s78-15-01.npz": "D",
    "mdma-s62-02-04.npz": "C",
    "mdma-117-04-02.npz": "C",
    "mdmu-100-34-01.npz": "A",
    "mdma-140-06-04.npz": "allbad",
    "mdmu-s19-21-00.npz": "C",
    "mdmu-s39-11-01.npz": "B",
    "mdma-s71-02-02.npz": "B",
    "mdma-196-05-03.npz": "D",
    "mdma-188-05-01.npz": "C",
    "mdmu-s38-14-01.npz": "B",
    "mdmu-s09-13-00.npz": "C",
    "mdmu-107-03-00.npz": "D",
    "mdmu-112-12-01.npz": "D",
    "mdmu-s16-22-01.npz": "B",
    "mdma-117-00-00.npz": "C",
    "mdmu-s22-00-01.npz": "A",
    "mdma-143-06-01.npz": "D",
    "mdmu-s49-29-01.npz": "C",
    "mdmu-s43-19-01.npz": "A",
    "mdmu-112-04-00.npz": "D",
    "mdmu-s35-11-00.npz": "C",
    "mdmu-105-02-00.npz": "D",
    "mdmu-s69-20-00.npz": "C",
    "mdma-s93-05-00.npz": "C",
    "mdmu-s35-12-00.npz": "C",
    "mdmu-s29-10-00.npz": "B",
    "mdmu-117-11-01.npz": "C",
    "mdmu-120-03-01.npz": "A",
    "mdma-s61-01-00.npz": "A",
    "mdmu-s98-07-00.npz": "A",
    "mdma-136-02-02.npz": "allbad",
    "mdmu-101-14-01.npz": "A",
    "mdmu-s58-22-01.npz": "A",
    "mdmu-112-17-01.npz": "D",
    "mdmu-102-13-01.npz": "C",
    "mdmu-s33-04-00.npz": "A",
    "mdma-153-11-03.npz": "A",
    "mdma-137-08-04.npz": "A",
    "mdmu-s05-26-00.npz": "allgood",
    "mdmu-s86-15-01.npz": "D",
    "mdmu-s08-23-01.npz": "B",
    "mdmu-s33-25-01.npz": "B",
    "mdmu-s85-24-01.npz": "A",
    "mdmu-103-26-00.npz": "A",
    "mdma-191-06-00.npz": "C",
    "mdma-191-06-03.npz": "D",
    "mdma-158-06-00.npz": "D",
    "mdmu-s55-00-00.npz": "D",
    "mdmu-s34-37-01.npz": "A",
    "mdmu-s09-18-00.npz": "B",
    "mdmu-100-07-01.npz": "D",
    "mdmu-s22-03-00.npz": "A",
    "mdmu-s48-22-00.npz": "C",
    "mdmu-108-23-01.npz": "A",
    "mdma-s51-00-04.npz": "A",
    "mdmu-s32-15-00.npz": "B",
    "mdmu-s59-35-00.npz": "C",
    "mdmu-s21-33-01.npz": "A",
    "mdma-149-10-00.npz": "C",
    "mdmu-s19-12-00.npz": "B",
    "mdmu-s74-14-01.npz": "B",
    "mdma-s66-11-00.npz": "B",
    "mdmu-105-39-00.npz": "D",
    "mdmu-s14-09-00.npz": "B",
    "mdma-s11-11-03.npz": "B",
    "mdma-133-06-00.npz": "B",
    "mdma-s67-01-01.npz": "A",
    "mdma-184-03-02.npz": "A",
    "mdmu-s71-27-01.npz": "C",
    "mdmu-s46-33-00.npz": "B",
    "mdma-101-08-00.npz": "D",
    "mdmu-s73-22-00.npz": "C",
    "mdmu-s24-34-00.npz": "D",
    "mdmu-100-09-01.npz": "B",
    "mdmu-s44-15-00.npz": "D",
    "mdmu-s62-09-00.npz": "C",
    "mdma-121-10-03.npz": "A",
    "mdmu-s63-13-00.npz": "C",
    "mdmu-s34-35-00.npz": "D",
    "mdma-s74-02-00.npz": "A",
    "mdmu-s33-22-01.npz": "C",
    "mdma-s56-10-04.npz": "D",
    "mdma-189-05-03.npz": "C",
    "mdmu-s31-38-01.npz": "D",
    "mdmu-s19-14-01.npz": "C",
    "mdma-s80-00-04.npz": "A",
    "mdma-s16-05-03.npz": "D",
    "mdma-134-10-04.npz": "B",
    "mdma-181-02-00.npz": "B",
    "mdma-148-01-04.npz": "A",
    "mdma-s99-03-00.npz": "D",
    "mdmu-s13-34-01.npz": "allbad",
    "mdma-157-02-03.npz": "D",
    "mdma-198-09-00.npz": "D",
    "mdmu-s71-15-00.npz": "A",
    "mdma-194-04-03.npz": "B",
    "mdmu-107-25-00.npz": "D",
    "mdmu-s07-16-00.npz": "C",
    "mdma-s58-01-00.npz": "A",
    "mdma-s60-11-03.npz": "C",
    "mdma-s42-04-03.npz": "A",
    "mdma-s19-05-00.npz": "C",
    "mdma-s45-06-04.npz": "C",
    "mdma-124-08-02.npz": "B",
    "mdma-144-03-00.npz": "C",
    "mdmu-s87-06-01.npz": "C",
    "mdmu-144-13-01.npz": "A",
    "mdmu-s30-28-01.npz": "A",
    "mdmu-s28-06-01.npz": "A",
    "mdmu-s29-02-00.npz": "A",
    "mdmu-s52-21-01.npz": "A",
    "mdmu-s44-02-01.npz": "D",
    "mdmu-s16-29-00.npz": "A",
    "mdma-116-07-02.npz": "B",
    "mdmu-s31-03-01.npz": "A",
    "mdma-s63-10-04.npz": "D",
    "mdma-s87-11-02.npz": "A",
    "mdmu-s16-04-00.npz": "B",
    "mdma-133-11-04.npz": "D",
    "mdma-s72-01-02.npz": "B",
    "mdmu-s23-21-01.npz": "C",
    "mdmu-s58-07-00.npz": "A",
    "mdmu-s30-12-00.npz": "B",
    "mdma-s60-11-01.npz": "B",
    "mdma-s16-09-03.npz": "A",
    "mdmu-110-12-00.npz": "A",
    "mdma-s62-00-02.npz": "A",
    "mdma-s10-11-02.npz": "B",
    "mdma-140-09-03.npz": "A",
    "mdmu-s92-13-01.npz": "D",
    "mdma-199-10-04.npz": "C",
    "mdmu-104-02-00.npz": "B",
    "mdmu-s32-04-01.npz": "C",
    "mdmu-s65-38-01.npz": "D",
    "mdma-s54-04-03.npz": "C",
    "mdmu-115-23-00.npz": "A",
    "mdma-122-11-02.npz": "B",
    "mdmu-s57-05-00.npz": "C",
    "mdmu-s47-23-00.npz": "C",
    "mdmu-s81-05-01.npz": "C",
    "mdmu-s11-15-01.npz": "C",
    "mdma-s10-05-00.npz": "C",
    "mdmu-s96-14-00.npz": "B",
    "mdma-s93-08-02.npz": "A",
    "mdmu-s84-06-00.npz": "A",
    "mdma-122-07-02.npz": "B",
    "mdma-189-05-04.npz": "A",
    "mdmu-117-09-01.npz": "A",
    "mdmu-113-30-01.npz": "C",
    "mdma-153-09-03.npz": "A",
    "mdma-148-07-02.npz": "B",
    "mdmu-s89-30-01.npz": "D",
    "mdma-s86-04-03.npz": "D",
    "mdma-s57-05-04.npz": "A",
    "mdmu-s69-23-00.npz": "C",
    "mdmu-s30-25-01.npz": "allbad",
    "mdma-184-08-00.npz": "D",
    "mdmu-s13-27-00.npz": "allbad",
    "mdmu-111-02-00.npz": "D",
    "mdma-s43-02-00.npz": "C",
    "mdma-104-09-04.npz": "A",
    "mdmu-s75-19-00.npz": "A",
    "mdmu-s52-09-01.npz": "A",
    "mdmu-s30-33-01.npz": "C",
    "mdma-187-00-03.npz": "B",
    "mdmu-s04-28-00.npz": "D",
    "mdmu-s31-32-00.npz": "A",
    "mdma-153-04-04.npz": "A",
    "mdma-s68-11-02.npz": "A",
    "mdmu-s16-19-01.npz": "A",
    "mdmu-s03-13-01.npz": "A",
    "mdma-192-11-03.npz": "A",
    "mdmu-s25-32-00.npz": "A",
    "mdma-s72-10-00.npz": "D",
    "mdma-s85-03-03.npz": "A",
    "mdma-192-01-02.npz": "C",
    "mdmu-102-32-00.npz": "D",
    "mdma-116-01-00.npz": "D",
    "mdmu-s57-23-00.npz": "A",
    "mdmu-s28-37-01.npz": "allbad",
    "mdmu-s48-07-00.npz": "A",
    "mdmu-109-28-00.npz": "A",
    "mdma-s77-03-01.npz": "A",
    "mdma-s12-09-00.npz": "allbad",
    "mdma-113-11-01.npz": "C",
    "mdma-190-02-02.npz": "C",
    "mdma-s19-06-04.npz": "B",
    "mdma-106-02-04.npz": "D",
    "mdmu-120-00-01.npz": "B",
    "mdma-s53-04-03.npz": "B",
    "mdmu-s55-14-01.npz": "C",
    "mdma-s49-00-02.npz": "D",
    "mdmu-s39-08-00.npz": "A",
    "mdma-150-00-01.npz": "C",
    "mdma-s41-01-04.npz": "B",
    "mdmu-s36-00-00.npz": "B",
    "mdmu-106-16-00.npz": "D",
    "mdma-125-03-04.npz": "allbad",
    "mdma-137-05-03.npz": "A",
    "mdma-191-05-02.npz": "A",
    "mdma-187-08-01.npz": "B",
    "mdmu-s24-30-01.npz": "A",
    "mdma-s74-10-01.npz": "A",
    "mdma-138-10-02.npz": "A",
    "mdma-148-04-01.npz": "A",
    "mdmu-s91-38-00.npz": "A",
    "mdma-106-00-02.npz": "D",
    "mdma-140-05-00.npz": "C",
    "mdmu-s81-33-00.npz": "C",
    "mdmu-s44-19-00.npz": "A",
    "mdma-s18-10-04.npz": "D",
    "mdmu-s88-25-00.npz": "B",
    "mdmu-110-30-00.npz": "C",
    "mdma-s17-05-02.npz": "C",
    "mdmu-106-27-01.npz": "C",
    "mdma-s90-02-02.npz": "A",
    "mdma-187-07-03.npz": "C",
    "mdmu-s31-04-01.npz": "B",
    "mdmu-s93-13-01.npz": "A",
    "mdmu-s27-13-00.npz": "D",
    "mdmu-s77-17-00.npz": "B",
    "mdmu-s00-06-01.npz": "allbad",
    "mdmu-s95-28-01.npz": "A",
    "mdmu-s84-05-00.npz": "A",
    "mdma-s88-08-01.npz": "D",
    "mdma-s44-00-02.npz": "D",
    "mdma-s19-06-03.npz": "A",
    "mdmu-s97-15-00.npz": "A",
    "mdma-134-00-02.npz": "B",
    "mdma-s52-02-00.npz": "B",
    "mdma-191-04-01.npz": "A",
    "mdma-101-05-03.npz": "A",
    "mdma-128-08-04.npz": "A",
    "mdmu-s46-02-00.npz": "C",
    "mdmu-105-13-01.npz": "B",
    "mdma-s94-05-00.npz": "A",
    "mdmu-101-18-00.npz": "D",
    "mdma-113-01-00.npz": "D",
    "mdma-193-09-02.npz": "D",
    "mdma-112-05-03.npz": "D",
    "mdma-147-07-04.npz": "A",
    "mdma-s42-11-02.npz": "B",
    "mdmu-s38-25-01.npz": "allbad",
    "mdma-109-10-03.npz": "D",
    "mdma-197-05-04.npz": "B",
    "mdma-s41-05-03.npz": "A",
    "mdma-118-07-01.npz": "A",
    "mdma-s17-09-00.npz": "B",
    "mdma-186-03-02.npz": "D",
    "mdmu-131-36-00.npz": "B",
    "mdma-s98-04-03.npz": "C",
    "mdmu-s16-26-00.npz": "allbad",
    "mdmu-s72-11-00.npz": "A",
    "mdma-146-09-01.npz": "D",
    "mdmu-s15-27-00.npz": "A",
    "mdma-155-10-04.npz": "C",
    "mdma-s45-05-03.npz": "A",
    "mdmu-s27-25-00.npz": "D",
    "mdma-s75-07-01.npz": "C",
    "mdma-s84-05-01.npz": "A",
    "mdma-s61-02-02.npz": "A",
    "mdmu-s96-37-00.npz": "C",
    "mdma-s66-10-00.npz": "D",
    "mdmu-s21-31-01.npz": "A",
    "mdmu-s47-05-01.npz": "D",
    "mdma-124-02-00.npz": "B",
    "mdma-s50-11-01.npz": "B",
    "mdmu-s59-19-00.npz": "C",
    "mdma-107-05-01.npz": "C",
    "mdma-s58-04-03.npz": "B",
    "mdmu-108-15-01.npz": "B",
    "mdma-s86-08-04.npz": "B",
    "mdma-s41-07-03.npz": "C",
    "mdma-151-07-01.npz": "C",
    "mdma-s70-03-01.npz": "D",
    "mdma-141-02-03.npz": "C",
    "mdma-s40-11-02.npz": "B",
    "mdmu-s18-02-01.npz": "B",
    "mdmu-103-39-01.npz": "A",
    "mdmu-s09-09-00.npz": "D",
    "mdmu-s22-15-00.npz": "B",
    "mdmu-s56-39-00.npz": "B",
    "mdmu-s99-29-01.npz": "C",
    "mdma-112-02-01.npz": "A",
    "mdmu-110-11-01.npz": "C",
    "mdmu-s51-24-00.npz": "D",
    "mdmu-s84-07-00.npz": "D",
    "mdmu-116-10-00.npz": "D",
    "mdmu-s71-34-00.npz": "B",
    "mdma-s59-00-02.npz": "D",
    "mdma-s51-10-01.npz": "B",
    "mdmu-s08-26-00.npz": "C",
    "mdma-142-04-01.npz": "A",
    "mdmu-s09-25-01.npz": "A",
    "mdmu-s98-38-00.npz": "A",
    "mdmu-s78-35-00.npz": "B",
    "mdma-189-06-01.npz": "D",
    "mdma-116-05-03.npz": "A",
    "mdma-s62-04-04.npz": "C",
    "mdmu-s42-18-00.npz": "A",
    "mdmu-102-39-01.npz": "C",
    "mdmu-s59-18-01.npz": "B",
    "mdmu-s73-12-00.npz": "C",
    "mdmu-s58-06-01.npz": "B",
    "mdma-133-01-03.npz": "D",
    "mdmu-s41-31-00.npz": "B",
    "mdmu-s59-35-01.npz": "B",
    "mdmu-s58-01-01.npz": "C",
    "mdmu-118-09-00.npz": "B",
    "mdma-140-07-00.npz": "A",
    "mdmu-s62-19-00.npz": "A",
    "mdma-106-10-01.npz": "C",
    "mdma-199-09-04.npz": "C",
    "mdma-s54-11-02.npz": "B",
    "mdmu-s25-39-01.npz": "B",
    "mdma-137-00-01.npz": "A",
    "mdma-152-05-01.npz": "C",
    "mdma-120-09-00.npz": "B",
    "mdma-s65-08-00.npz": "D",
    "mdmu-s56-25-00.npz": "C",
    "mdmu-s38-01-00.npz": "D",
    "mdma-113-01-02.npz": "allbad",
    "mdmu-106-08-01.npz": "B",
    "mdma-s66-01-01.npz": "C",
    "mdmu-s35-17-00.npz": "D",
    "mdma-s99-00-02.npz": "A",
    "mdmu-118-27-00.npz": "B",
    "mdma-190-04-02.npz": "C",
    "mdma-s59-02-03.npz": "B",
    "mdma-141-00-01.npz": "C",
    "mdmu-s30-15-00.npz": "B",
    "mdmu-s56-18-00.npz": "C",
    "mdmu-s62-37-01.npz": "C",
    "mdmu-s65-14-00.npz": "D",
    "mdma-199-05-03.npz": "A",
    "mdmu-s87-13-00.npz": "A",
    "mdma-148-08-03.npz": "A",
    "mdmu-s39-32-01.npz": "A",
    "mdma-s16-07-01.npz": "D",
    "mdmu-114-02-00.npz": "D",
    "mdmu-s71-34-01.npz": "A",
    "mdma-s82-08-03.npz": "B",
    "mdmu-111-00-00.npz": "D",
    "mdmu-s88-17-00.npz": "A",
    "mdmu-s45-27-01.npz": "A",
    "mdmu-s41-35-01.npz": "B",
    "mdmu-s46-20-00.npz": "C",
    "mdmu-s24-29-01.npz": "D",
    "mdma-151-10-00.npz": "B",
    "mdmu-s78-21-00.npz": "A",
    "mdmu-s15-23-01.npz": "C",
    "mdmu-s36-33-00.npz": "A",
    "mdmu-s38-32-00.npz": "D",
    "mdma-s72-08-04.npz": "D",
    "mdma-118-07-03.npz": "C",
    "mdmu-s67-35-00.npz": "C",
    "mdma-s15-01-01.npz": "D",
    "mdmu-s23-13-00.npz": "B",
    "mdma-s17-03-03.npz": "D",
    "mdma-128-00-04.npz": "A",
    "mdma-134-00-03.npz": "A",
    "mdmu-s50-30-01.npz": "C",
    "mdmu-s79-25-01.npz": "C",
    "mdma-117-09-04.npz": "C",
    "mdma-156-03-04.npz": "A",
    "mdmu-s61-21-01.npz": "A",
    "mdmu-s64-17-01.npz": "B",
    "mdma-s86-11-01.npz": "A",
    "mdmu-101-20-01.npz": "B",
    "mdma-125-05-04.npz": "D",
    "mdmu-s53-15-00.npz": "D",
    "mdma-148-02-00.npz": "D",
    "mdmu-s85-31-01.npz": "C",
    "mdmu-s00-35-00.npz": "C",
    "mdmu-s97-20-00.npz": "A",
    "mdmu-s00-22-01.npz": "D",
    "mdmu-s29-36-01.npz": "A",
    "mdma-155-11-01.npz": "C",
    "mdmu-s33-03-00.npz": "A",
    "mdma-s44-11-01.npz": "A",
    "mdma-s94-08-01.npz": "C",
    "mdma-s46-02-00.npz": "B",
    "mdmu-107-14-01.npz": "D",
    "mdma-s86-02-01.npz": "A",
    "mdma-193-00-02.npz": "D",
    "mdma-s92-05-00.npz": "D",
    "mdmu-s38-16-01.npz": "C",
    "mdmu-s61-14-00.npz": "B",
    "mdmu-119-11-00.npz": "A",
    "mdmu-109-14-01.npz": "A",
    "mdmu-s49-09-01.npz": "B",
    "mdmu-s24-00-01.npz": "C",
    "mdma-s73-07-04.npz": "B",
    "mdmu-s84-36-00.npz": "C",
    "mdmu-s93-34-00.npz": "C",
    "mdmu-s77-20-00.npz": "C",
    "mdmu-s88-26-00.npz": "A",
    "mdmu-s27-05-00.npz": "A",
    "mdmu-s94-21-01.npz": "B",
    "mdmu-151-03-01.npz": "A",
    "mdma-117-01-03.npz": "A",
    "mdma-184-01-01.npz": "C",
    "mdmu-s90-04-01.npz": "B",
    "mdmu-s26-13-01.npz": "D",
    "mdma-133-08-02.npz": "A",
    "mdmu-105-10-00.npz": "C",
    "mdmu-s06-39-00.npz": "B",
    "mdma-s59-11-01.npz": "C",
    "mdma-138-04-01.npz": "A",
    "mdmu-s16-31-01.npz": "B",
    "mdma-115-07-01.npz": "C",
    "mdma-s47-08-01.npz": "A",
    "mdma-104-01-04.npz": "D",
    "mdma-103-07-01.npz": "B",
    "mdmu-s68-26-01.npz": "B",
    "mdmu-s32-22-01.npz": "B",
    "mdmu-109-13-00.npz": "D",
    "mdmu-s07-00-01.npz": "D",
    "mdmu-s26-17-01.npz": "A",
    "mdma-102-10-01.npz": "B",
    "mdma-s75-04-03.npz": "B",
    "mdmu-118-31-00.npz": "A",
    "mdmu-s98-19-01.npz": "A",
    "mdmu-s60-14-01.npz": "D",
    "mdma-s84-06-03.npz": "A",
    "mdma-110-02-03.npz": "B",
    "mdmu-120-10-01.npz": "A",
    "mdma-s48-08-04.npz": "A",
    "mdmu-s84-17-00.npz": "D",
    "mdma-s55-04-01.npz": "A",
    "mdmu-116-35-01.npz": "C",
    "mdma-118-08-02.npz": "C",
    "mdmu-s82-00-01.npz": "D",
    "mdmu-s38-20-00.npz": "B",
    "mdma-s45-11-01.npz": "C",
    "mdmu-s22-38-01.npz": "A",
    "mdmu-s13-33-01.npz": "D",
    "mdma-198-09-04.npz": "A",
    "mdma-s51-09-01.npz": "C",
    "mdmu-s33-00-00.npz": "C",
    "mdma-181-07-04.npz": "D",
    "mdma-s92-11-01.npz": "A",
    "mdmu-s46-23-00.npz": "A",
    "mdma-137-04-00.npz": "B",
    "mdma-102-11-02.npz": "C",
    "mdma-135-05-04.npz": "D",
    "mdmu-s18-24-00.npz": "allbad",
    "mdma-187-07-00.npz": "A",
    "mdma-107-07-04.npz": "D",
    "mdma-156-09-03.npz": "A",
    "mdmu-s11-18-00.npz": "D",
    "mdma-s81-05-03.npz": "D",
    "mdmu-s49-16-00.npz": "B",
    "mdma-158-08-01.npz": "A",
    "mdma-199-07-04.npz": "D",
    "mdmu-s82-04-00.npz": "D",
    "mdmu-s36-13-00.npz": "C",
    "mdmu-107-07-00.npz": "D",
    "mdmu-s66-09-00.npz": "D",
    "mdmu-s66-39-01.npz": "C",
    "mdmu-s62-14-00.npz": "B",
    "mdmu-s07-00-00.npz": "C",
    "mdma-197-07-02.npz": "C",
    "mdmu-s19-35-00.npz": "C",
    "mdmu-s21-26-01.npz": "C",
    "mdmu-109-39-01.npz": "C",
    "mdma-128-05-00.npz": "B",
    "mdmu-s71-03-01.npz": "B",
    "mdma-192-03-03.npz": "C",
    "mdmu-s17-10-00.npz": "C",
    "mdmu-s75-23-01.npz": "C",
    "mdma-s52-05-03.npz": "C",
    "mdma-159-00-00.npz": "D",
    "mdma-s53-08-00.npz": "D",
    "mdma-148-05-00.npz": "D",
    "mdmu-s74-16-00.npz": "C",
    "mdma-121-03-00.npz": "C",
    "mdma-s40-05-01.npz": "C",
    "mdma-s72-06-03.npz": "B",
    "mdmu-102-07-01.npz": "C",
    "mdma-153-05-03.npz": "A",
    "mdmu-s40-07-01.npz": "A",
    "mdma-198-05-02.npz": "C",
    "mdma-s61-01-03.npz": "B",
    "mdma-s87-03-03.npz": "A",
    "mdma-s96-03-01.npz": "C",
    "mdmu-s60-00-01.npz": "A",
    "mdma-s17-08-00.npz": "B",
    "mdmu-108-37-01.npz": "A",
    "mdmu-s82-00-00.npz": "A",
    "mdmu-s30-31-01.npz": "D",
    "mdmu-s95-31-00.npz": "D",
    "mdma-143-10-04.npz": "C",
    "mdmu-s65-35-00.npz": "C",
    "mdma-s13-04-04.npz": "D",
    "mdma-154-08-03.npz": "A",
    "mdmu-110-15-00.npz": "B",
    "mdma-s52-05-04.npz": "B",
    "mdma-s89-00-02.npz": "D",
    "mdmu-119-02-00.npz": "D",
    "mdmu-s52-11-00.npz": "D",
    "mdma-s67-07-04.npz": "D",
    "mdmu-s23-20-01.npz": "C",
    "mdma-s97-02-04.npz": "C",
    "mdma-s10-07-04.npz": "D",
    "mdmu-s37-09-00.npz": "A",
    "mdmu-s46-01-01.npz": "D",
    "mdma-s73-07-00.npz": "C",
    "mdma-s50-07-03.npz": "A",
    "mdma-s19-10-00.npz": "C",
    "mdma-192-09-02.npz": "B",
    "mdmu-119-37-00.npz": "C",
    "mdmu-104-27-00.npz": "A",
    "mdmu-111-36-00.npz": "B",
    "mdmu-112-14-00.npz": "C",
    "mdmu-s00-20-01.npz": "D",
    "mdma-195-05-01.npz": "A",
    "mdmu-114-33-00.npz": "C",
    "mdma-135-06-01.npz": "allbad",
    "mdma-137-09-00.npz": "B",
    "mdma-107-09-01.npz": "B",
    "mdmu-s14-14-01.npz": "D",
    "mdma-158-10-02.npz": "B",
    "mdmu-s08-05-00.npz": "A",
    "mdma-s41-07-04.npz": "C",
    "mdmu-s85-03-00.npz": "B",
    "mdma-s11-07-01.npz": "D",
    "mdma-145-06-00.npz": "allbad",
    "mdmu-119-39-00.npz": "B",
    "mdmu-s93-30-01.npz": "C",
    "mdmu-s34-20-01.npz": "B",
    "mdma-181-00-04.npz": "C",
    "mdmu-107-24-01.npz": "allbad",
    "mdma-126-11-02.npz": "A",
    "mdmu-s49-00-00.npz": "B",
    "mdmu-s65-29-00.npz": "C",
    "mdmu-s37-20-01.npz": "C",
    "mdma-s62-03-01.npz": "allbad",
    "mdmu-s35-26-00.npz": "A",
    "mdma-s15-01-00.npz": "C",
    "mdma-100-08-00.npz": "B",
    "mdmu-s32-32-01.npz": "A",
    "mdma-184-11-04.npz": "C",
    "mdmu-s67-32-00.npz": "A",
    "mdmu-s81-14-01.npz": "C",
    "mdmu-116-37-00.npz": "D",
    "mdma-107-09-04.npz": "C",
    "mdma-s75-07-02.npz": "B",
    "mdmu-116-15-00.npz": "D",
    "mdmu-s44-34-00.npz": "D",
    "mdma-s19-03-00.npz": "C",
    "mdmu-111-24-01.npz": "D",
    "mdma-106-00-03.npz": "B",
    "mdmu-101-09-01.npz": "D",
    "mdmu-s12-09-00.npz": "C",
    "mdmu-s53-22-01.npz": "D",
    "mdmu-s28-17-00.npz": "D",
    "mdmu-s01-28-01.npz": "C",
    "mdma-181-01-00.npz": "allbad",
    "mdmu-s32-30-01.npz": "A",
    "mdma-102-06-03.npz": "D",
    "mdma-s81-08-00.npz": "C",
    "mdma-s70-11-02.npz": "B",
    "mdma-180-03-00.npz": "D",
    "mdmu-s47-35-00.npz": "D",
    "mdmu-s76-12-00.npz": "B",
    "mdmu-s06-09-00.npz": "B",
    "mdmu-s14-18-00.npz": "C",
    "mdmu-s43-00-01.npz": "C",
    "mdmu-107-22-00.npz": "A",
    "mdmu-s80-23-01.npz": "D",
    "mdmu-s36-12-01.npz": "A",
    "mdmu-s30-02-01.npz": "A",
    "mdma-132-01-02.npz": "B",
    "mdmu-s45-37-00.npz": "C",
    "mdmu-s39-16-01.npz": "D",
    "mdma-191-08-03.npz": "B",
    "mdmu-s33-02-01.npz": "A",
    "mdmu-s93-29-00.npz": "C",
    "mdma-112-07-03.npz": "A",
    "mdmu-s64-36-01.npz": "C",
    "mdmu-s16-21-01.npz": "A",
    "mdmu-s44-16-00.npz": "C",
    "mdma-156-01-01.npz": "B",
    "mdmu-s12-23-00.npz": "D",
    "mdmu-s82-24-00.npz": "B",
    "mdmu-117-06-01.npz": "C",
    "mdma-150-03-03.npz": "A",
    "mdmu-104-14-00.npz": "C",
    "mdma-s13-02-02.npz": "A",
    "mdmu-s81-35-00.npz": "C",
    "mdma-s94-05-02.npz": "D",
    "mdma-126-10-04.npz": "B",
    "mdma-s71-02-00.npz": "A",
    "mdmu-s82-30-01.npz": "B",
    "mdmu-s03-12-00.npz": "C",
    "mdma-129-04-03.npz": "D",
    "mdma-s65-04-02.npz": "B",
    "mdma-s96-07-03.npz": "A",
    "mdma-s97-07-04.npz": "A",
    "mdmu-s39-36-01.npz": "A",
    "mdma-195-09-03.npz": "C",
    "mdmu-122-27-01.npz": "D",
    "mdma-s43-07-00.npz": "D",
    "mdma-s11-03-04.npz": "D",
    "mdma-125-00-00.npz": "D",
    "mdma-103-10-02.npz": "B",
    "mdma-132-00-04.npz": "D",
    "mdmu-s68-25-01.npz": "B",
    "mdmu-s92-07-00.npz": "C",
    "mdma-116-10-00.npz": "B",
    "mdmu-s36-37-00.npz": "A",
    "mdmu-s97-35-01.npz": "B",
    "mdma-195-02-01.npz": "A",
    "mdma-184-07-03.npz": "B",
    "mdmu-s03-26-01.npz": "B",
    "mdmu-s43-09-00.npz": "A",
    "mdma-194-06-02.npz": "allbad",
    "mdmu-s97-30-01.npz": "B",
    "mdmu-s76-01-00.npz": "D",
    "mdmu-s86-39-00.npz": "A",
    "mdmu-s82-34-01.npz": "D",
    "mdmu-109-15-00.npz": "A",
    "mdmu-s82-12-01.npz": "B",
    "mdmu-s17-28-00.npz": "A",
    "mdmu-117-03-01.npz": "D",
    "mdmu-107-21-00.npz": "B",
    "mdma-104-00-02.npz": "A",
    "mdma-s91-03-00.npz": "D",
    "mdmu-s24-06-00.npz": "A",
    "mdma-s83-11-03.npz": "B",
    "mdmu-s52-24-01.npz": "A",
    "mdmu-s32-31-01.npz": "D",
    "mdmu-s43-09-01.npz": "A",
    "mdmu-105-03-01.npz": "B",
    "mdma-151-00-00.npz": "D",
    "mdmu-s52-36-01.npz": "D",
    "mdma-s80-03-02.npz": "D",
    "mdmu-178-18-01.npz": "D",
    "mdma-s72-01-01.npz": "D",
    "mdmu-s42-16-01.npz": "A",
    "mdma-108-01-04.npz": "C",
    "mdma-s84-04-00.npz": "C",
    "mdma-153-11-01.npz": "B",
    "mdma-s90-03-01.npz": "C",
    "mdma-s19-08-03.npz": "D",
    "mdmu-s40-14-01.npz": "A",
    "mdma-s54-08-04.npz": "C",
    "mdma-135-06-03.npz": "allbad",
    "mdma-137-06-02.npz": "D",
    "mdmu-s07-17-01.npz": "A",
    "mdma-188-00-01.npz": "A",
    "mdma-147-05-01.npz": "D",
    "mdmu-s64-27-00.npz": "B",
    "mdmu-s56-07-00.npz": "C",
    "mdma-s57-09-02.npz": "C",
    "mdmu-s59-18-00.npz": "B",
    "mdma-s57-08-04.npz": "B",
    "mdma-185-05-00.npz": "B",
    "mdmu-s82-17-01.npz": "C",
    "mdma-s71-05-03.npz": "B",
    "mdmu-s77-09-01.npz": "D",
    "mdma-158-11-03.npz": "C",
    "mdma-s74-07-00.npz": "C",
    "mdmu-s80-29-01.npz": "D",
    "mdma-s18-02-01.npz": "B",
    "mdmu-s12-34-00.npz": "D",
    "mdmu-s89-19-01.npz": "A",
    "mdma-132-11-02.npz": "D",
    "mdma-s68-04-00.npz": "A",
    "mdmu-s10-01-00.npz": "D",
    "mdmu-137-34-00.npz": "D",
    "mdmu-s06-33-00.npz": "D",
    "mdma-102-01-01.npz": "C",
    "mdmu-s12-00-00.npz": "D",
    "mdma-104-08-03.npz": "C",
    "mdma-s18-05-03.npz": "A",
    "mdma-s71-09-04.npz": "B",
    "mdma-193-11-04.npz": "A",
    "mdmu-s91-25-00.npz": "D",
    "mdmu-111-37-01.npz": "A",
    "mdma-s14-08-01.npz": "C",
    "mdma-s19-03-03.npz": "B",
    "mdmu-s67-16-01.npz": "D",
    "mdma-134-04-04.npz": "B",
    "mdma-152-04-01.npz": "B",
    "mdma-141-07-03.npz": "C",
    "mdmu-102-26-00.npz": "D",
    "mdmu-s58-17-00.npz": "A",
    "mdmu-s22-02-00.npz": "B",
    "mdmu-s38-21-01.npz": "C",
    "mdma-122-01-04.npz": "A",
    "mdmu-s17-36-00.npz": "C",
    "mdma-137-11-04.npz": "A",
    "mdmu-s61-35-01.npz": "C",
    "mdmu-s33-17-00.npz": "B",
    "mdmu-s16-17-01.npz": "B",
    "mdma-145-08-00.npz": "A",
    "mdma-s45-02-02.npz": "B",
    "mdma-120-06-02.npz": "C",
    "mdma-116-03-02.npz": "C",
    "mdma-134-01-03.npz": "A",
    "mdma-156-10-04.npz": "D",
    "mdma-s94-02-04.npz": "B",
    "mdmu-s61-03-01.npz": "A",
    "mdmu-s89-22-01.npz": "D",
    "mdmu-s62-33-01.npz": "A",
    "mdma-120-02-04.npz": "B",
    "mdma-190-09-03.npz": "B",
    "mdma-107-02-03.npz": "C",
    "mdmu-144-26-00.npz": "A",
    "mdmu-s31-36-01.npz": "D",
    "mdmu-s42-34-00.npz": "B",
    "mdma-s94-02-01.npz": "D",
    "mdmu-s96-30-00.npz": "A",
    "mdmu-115-15-00.npz": "B",
    "mdmu-s48-23-01.npz": "C",
    "mdmu-s91-24-00.npz": "A",
    "mdmu-106-19-01.npz": "B",
    "mdma-127-10-04.npz": "C",
    "mdmu-s84-23-00.npz": "B",
    "mdmu-100-38-01.npz": "A",
    "mdma-149-09-03.npz": "D",
    "mdmu-110-24-01.npz": "B",
    "mdma-116-11-01.npz": "C",
    "mdmu-s51-32-01.npz": "C",
    "mdma-150-02-02.npz": "C",
    "mdma-140-10-01.npz": "B",
    "mdma-s45-10-04.npz": "C",
    "mdmu-s19-06-01.npz": "A",
    "mdmu-s67-01-00.npz": "D",
    "mdma-106-09-04.npz": "A",
    "mdmu-s49-36-01.npz": "A",
    "mdmu-s10-32-01.npz": "A",
    "mdmu-115-17-01.npz": "D",
    "mdma-119-05-04.npz": "B",
    "mdmu-s08-02-01.npz": "C",
    "mdmu-115-21-01.npz": "A",
    "mdmu-s98-26-00.npz": "D",
    "mdma-189-00-03.npz": "B",
    "mdma-s71-02-03.npz": "A",
    "mdma-149-08-04.npz": "C",
    "mdma-s18-03-04.npz": "D",
    "mdma-153-10-04.npz": "D",
    "mdmu-s71-19-00.npz": "A",
    "mdmu-s30-22-01.npz": "C",
    "mdmu-101-34-00.npz": "D",
    "mdmu-s79-14-00.npz": "A",
    "mdmu-s24-26-00.npz": "A",
    "mdma-181-09-01.npz": "B",
    "mdma-s81-07-03.npz": "D",
    "mdmu-s43-32-01.npz": "B",
    "mdmu-s99-34-01.npz": "B",
    "mdma-147-08-03.npz": "A",
    "mdma-131-06-03.npz": "C",
    "mdma-115-06-04.npz": "A",
    "mdma-119-04-02.npz": "B",
    "mdma-115-07-04.npz": "A",
    "mdma-195-05-00.npz": "D",
    "mdma-148-00-00.npz": "B",
    "mdmu-s86-29-01.npz": "D",
    "mdmu-s68-13-00.npz": "C",
    "mdmu-s14-11-00.npz": "D",
    "mdma-121-05-04.npz": "A",
    "mdmu-s03-36-00.npz": "C",
    "mdma-153-04-02.npz": "A",
    "mdma-s47-10-01.npz": "C",
    "mdmu-s77-28-00.npz": "B",
    "mdmu-s93-30-00.npz": "D",
    "mdma-s42-09-04.npz": "B",
    "mdmu-s56-02-00.npz": "C",
    "mdma-s84-00-01.npz": "D",
    "mdmu-s30-14-01.npz": "D",
    "mdma-s94-00-04.npz": "C",
    "mdmu-s24-08-00.npz": "A",
    "mdma-s96-11-02.npz": "B",
    "mdma-112-03-00.npz": "D",
    "mdma-159-07-02.npz": "D",
    "mdmu-s69-21-00.npz": "A",
    "mdmu-s56-24-00.npz": "C",
    "mdma-s66-07-04.npz": "B",
    "mdma-115-05-04.npz": "B",
    "mdmu-s38-35-01.npz": "B",
    "mdmu-s45-36-00.npz": "D",
    "mdmu-110-15-01.npz": "D",
    "mdma-157-08-04.npz": "A",
    "mdmu-100-18-00.npz": "allbad",
    "mdmu-104-25-01.npz": "D",
    "mdma-s66-08-03.npz": "D",
    "mdmu-s18-39-00.npz": "A",
    "mdmu-100-37-01.npz": "C",
    "mdma-194-03-02.npz": "C",
    "mdma-197-10-04.npz": "B",
    "mdma-s96-10-03.npz": "D",
    "mdmu-s53-28-01.npz": "C",
    "mdmu-120-04-00.npz": "C",
    "mdma-150-08-01.npz": "A",
    "mdmu-118-30-00.npz": "A",
    "mdmu-s01-33-01.npz": "C",
    "mdma-s98-06-00.npz": "C",
    "mdma-s54-04-04.npz": "B",
    "mdma-109-07-03.npz": "D",
    "mdma-191-08-00.npz": "B",
    "mdma-s10-03-03.npz": "C",
    "mdmu-s42-01-00.npz": "A"
}