{
    "mdmu-s00-29-00.npz": "B",
    "mdmu-s00-29-01.npz": "D",
    "mdmu-s01-29-01.npz": "A",
    "mdmu-s02-29-00.npz": "C",
    "mdmu-s02-29-01.npz": "D",
    "mdmu-s03-29-00.npz": "D",
    "mdmu-s04-29-00.npz": "C",
    "mdmu-s05-29-00.npz": "C",
    "mdmu-s05-29-01.npz": "A",
    "mdmu-s06-29-00.npz": "D",
    "mdmu-s07-29-00.npz": "C",
    "mdmu-s07-29-01.npz": "C",
    "mdmu-s08-29-00.npz": "A",
    "mdmu-s08-29-01.npz": "D",
    "mdmu-s09-29-00.npz": "D",
    "mdmu-s09-29-01.npz": "A",
    "mdmu-s10-29-00.npz": "D",
    "mdmu-s10-29-01.npz": "D",
    "mdmu-s11-29-00.npz": "C",
    "mdmu-s11-29-01.npz": "A",
    "mdmu-s12-29-00.npz": "B",
    "mdmu-s12-29-01.npz": "D",
    "mdmu-s13-29-00.npz": "C",
    "mdmu-s13-29-01.npz": "B",
    "mdmu-s14-29-00.npz": "A",
    "mdmu-s14-29-01.npz": "C",
    "mdmu-s15-29-00.npz": "A",
    "mdmu-s15-29-01.npz": "D",
    "mdmu-s16-29-00.npz": "A",
    "mdmu-s16-29-01.npz": "A",
    "mdmu-s17-29-00.npz": "A",
    "mdmu-s17-29-01.npz": "B",
    "mdmu-s18-29-00.npz": "D",
    "mdmu-s18-29-01.npz": "B",
    "mdmu-s19-29-00.npz": "C",
    "mdmu-s19-29-01.npz": "C",
    "mdmu-s20-29-00.npz": "A",
    "mdmu-s20-29-01.npz": "C",
    "mdmu-s21-29-00.npz": "A",
    "mdmu-s21-29-01.npz": "D",
    "mdmu-s22-29-00.npz": "D",
    "mdmu-s22-29-01.npz": "C",
    "mdmu-s23-29-00.npz": "D",
    "mdmu-s23-29-01.npz": "C",
    "mdmu-s24-29-00.npz": "B",
    "mdmu-s24-29-01.npz": "D",
    "mdmu-s25-29-01.npz": "B",
    "mdmu-s26-29-00.npz": "A",
    "mdmu-s26-29-01.npz": "A",
    "mdmu-s27-29-01.npz": "A",
    "mdmu-s28-29-00.npz": "D",
    "mdmu-s28-29-01.npz": "A",
    "mdmu-s29-29-00.npz": "A",
    "mdmu-s29-29-01.npz": "C",
    "mdmu-s30-29-00.npz": "B",
    "mdmu-s30-29-01.npz": "A",
    "mdmu-s31-29-00.npz": "C",
    "mdmu-s31-29-01.npz": "A",
    "mdmu-s32-29-00.npz": "D",
    "mdmu-s32-29-01.npz": "C",
    "mdmu-s33-29-00.npz": "D",
    "mdmu-s33-29-01.npz": "D",
    "mdmu-s34-29-00.npz": "D",
    "mdmu-s34-29-01.npz": "B",
    "mdmu-s35-29-00.npz": "C",
    "mdmu-s35-29-01.npz": "B",
    "mdmu-s36-29-00.npz": "D",
    "mdmu-s36-29-01.npz": "A",
    "mdmu-s37-29-00.npz": "D",
    "mdmu-s37-29-01.npz": "A",
    "mdmu-s38-29-00.npz": "A",
    "mdmu-s38-29-01.npz": "C",
    "mdmu-s39-29-00.npz": "A",
    "mdmu-s39-29-01.npz": "B",
    "mdmu-s40-29-01.npz": "D",
    "mdmu-s41-29-00.npz": "C",
    "mdmu-s42-29-00.npz": "A",
    "mdmu-s42-29-01.npz": "C",
    "mdmu-s43-29-00.npz": "C",
    "mdmu-s43-29-01.npz": "D",
    "mdmu-s44-29-00.npz": "D",
    "mdmu-s44-29-01.npz": "C",
    "mdmu-s45-29-00.npz": "A",
    "mdmu-s45-29-01.npz": "A",
    "mdmu-s46-29-00.npz": "D",
    "mdmu-s46-29-01.npz": "A",
    "mdmu-s47-29-00.npz": "C",
    "mdmu-s47-29-01.npz": "B",
    "mdmu-s48-29-00.npz": "B",
    "mdmu-s48-29-01.npz": "C",
    "mdmu-s49-29-00.npz": "C",
    "mdmu-s49-29-01.npz": "C",
    "mdmu-s50-29-01.npz": "C",
    "mdmu-s51-29-00.npz": "A",
    "mdmu-s51-29-01.npz": "A",
    "mdmu-s52-29-00.npz": "B",
    "mdmu-s52-29-01.npz": "C",
    "mdmu-s53-29-00.npz": "B",
    "mdmu-s53-29-01.npz": "D",
    "mdmu-s54-29-00.npz": "C",
    "mdmu-s54-29-01.npz": "B",
    "mdmu-s55-29-00.npz": "C",
    "mdmu-s55-29-01.npz": "C",
    "mdmu-s56-29-00.npz": "B",
    "mdmu-s56-29-01.npz": "A",
    "mdmu-s57-29-00.npz": "A",
    "mdmu-s57-29-01.npz": "D",
    "mdmu-s58-29-00.npz": "A",
    "mdmu-s58-29-01.npz": "D",
    "mdmu-s59-29-00.npz": "C",
    "mdmu-s59-29-01.npz": "D",
    "mdmu-s60-29-01.npz": "A",
    "mdmu-s61-29-00.npz": "B",
    "mdmu-s61-29-01.npz": "D",
    "mdmu-s62-29-00.npz": "D",
    "mdmu-s62-29-01.npz": "B",
    "mdmu-s63-29-00.npz": "D",
    "mdmu-s63-29-01.npz": "D",
    "mdmu-s64-29-00.npz": "D",
    "mdmu-s64-29-01.npz": "allbad",
    "mdmu-s65-29-00.npz": "C",
    "mdmu-s65-29-01.npz": "D",
    "mdmu-s66-29-00.npz": "C",
    "mdmu-s66-29-01.npz": "D",
    "mdmu-s67-29-00.npz": "B",
    "mdmu-s67-29-01.npz": "C",
    "mdmu-s68-29-00.npz": "D",
    "mdmu-s68-29-01.npz": "A",
    "mdmu-s69-29-00.npz": "D",
    "mdmu-s69-29-01.npz": "B",
    "mdmu-s70-29-01.npz": "allbad",
    "mdmu-s71-29-00.npz": "C",
    "mdmu-s71-29-01.npz": "C",
    "mdmu-s72-29-00.npz": "D",
    "mdmu-s72-29-01.npz": "C",
    "mdmu-s73-29-00.npz": "B",
    "mdmu-s73-29-01.npz": "D",
    "mdmu-s74-29-00.npz": "D",
    "mdmu-s74-29-01.npz": "A",
    "mdmu-s75-29-00.npz": "C",
    "mdmu-s75-29-01.npz": "B",
    "mdmu-s76-29-00.npz": "B",
    "mdmu-s76-29-01.npz": "C",
    "mdmu-s77-29-00.npz": "D",
    "mdmu-s77-29-01.npz": "D",
    "mdmu-s78-29-00.npz": "D",
    "mdmu-s78-29-01.npz": "B",
    "mdmu-s79-29-00.npz": "B",
    "mdmu-s79-29-01.npz": "C",
    "mdmu-s80-29-01.npz": "D",
    "mdmu-s81-29-00.npz": "A",
    "mdmu-s81-29-01.npz": "A",
    "mdmu-s82-29-00.npz": "B",
    "mdmu-s82-29-01.npz": "B",
    "mdmu-s83-29-00.npz": "B",
    "mdmu-s83-29-01.npz": "C",
    "mdmu-s84-29-00.npz": "B",
    "mdmu-s84-29-01.npz": "C",
    "mdmu-s85-29-00.npz": "C",
    "mdmu-s85-29-01.npz": "C",
    "mdmu-s86-29-00.npz": "B",
    "mdmu-s86-29-01.npz": "D",
    "mdmu-s87-29-00.npz": "A",
    "mdmu-s87-29-01.npz": "C",
    "mdmu-s88-29-00.npz": "D",
    "mdmu-s88-29-01.npz": "A",
    "mdmu-s89-29-00.npz": "D",
    "mdmu-s89-29-01.npz": "D",
    "mdmu-s90-29-01.npz": "D",
    "mdmu-s91-29-00.npz": "C",
    "mdmu-s91-29-01.npz": "B",
    "mdmu-s92-29-00.npz": "A",
    "mdmu-s92-29-01.npz": "C",
    "mdmu-s93-29-00.npz": "C",
    "mdmu-s93-29-01.npz": "A",
    "mdmu-s94-29-00.npz": "D",
    "mdmu-s94-29-01.npz": "D",
    "mdmu-s95-29-00.npz": "C",
    "mdmu-s95-29-01.npz": "D",
    "mdmu-s96-29-00.npz": "C",
    "mdmu-s96-29-01.npz": "A",
    "mdmu-s97-29-00.npz": "C",
    "mdmu-s97-29-01.npz": "C",
    "mdmu-s98-29-00.npz": "D",
    "mdmu-s98-29-01.npz": "B",
    "mdmu-s99-29-01.npz": "C"
}