{
    "mdmu-s00-37-01.npz": "B",
    "mdmu-s01-37-00.npz": "A",
    "mdmu-s01-37-01.npz": "C",
    "mdmu-s02-37-00.npz": "B",
    "mdmu-s02-37-01.npz": "B",
    "mdmu-s03-37-00.npz": "C",
    "mdmu-s03-37-01.npz": "A",
    "mdmu-s04-37-00.npz": "D",
    "mdmu-s04-37-01.npz": "C",
    "mdmu-s05-37-00.npz": "A",
    "mdmu-s05-37-01.npz": "B",
    "mdmu-s06-37-00.npz": "B",
    "mdmu-s07-37-00.npz": "A",
    "mdmu-s07-37-01.npz": "B",
    "mdmu-s08-37-00.npz": "B",
    "mdmu-s08-37-01.npz": "B",
    "mdmu-s09-37-00.npz": "B",
    "mdmu-s09-37-01.npz": "D",
    "mdmu-s10-37-00.npz": "D",
    "mdmu-s10-37-01.npz": "A",
    "mdmu-s11-37-00.npz": "C",
    "mdmu-s11-37-01.npz": "A",
    "mdmu-s12-37-00.npz": "C",
    "mdmu-s12-37-01.npz": "B",
    "mdmu-s13-37-00.npz": "C",
    "mdmu-s13-37-01.npz": "B",
    "mdmu-s14-37-00.npz": "B",
    "mdmu-s14-37-01.npz": "A",
    "mdmu-s15-37-00.npz": "B",
    "mdmu-s15-37-01.npz": "A",
    "mdmu-s16-37-00.npz": "A",
    "mdmu-s16-37-01.npz": "A",
    "mdmu-s17-37-00.npz": "A",
    "mdmu-s17-37-01.npz": "A",
    "mdmu-s18-37-00.npz": "allbad",
    "mdmu-s18-37-01.npz": "A",
    "mdmu-s19-37-00.npz": "D",
    "mdmu-s19-37-01.npz": "allbad",
    "mdmu-s20-37-00.npz": "C",
    "mdmu-s20-37-01.npz": "A",
    "mdmu-s21-37-00.npz": "A",
    "mdmu-s21-37-01.npz": "B",
    "mdmu-s22-37-00.npz": "A",
    "mdmu-s22-37-01.npz": "A",
    "mdmu-s23-37-00.npz": "C",
    "mdmu-s23-37-01.npz": "A",
    "mdmu-s24-37-00.npz": "D",
    "mdmu-s24-37-01.npz": "C",
    "mdmu-s25-37-00.npz": "B",
    "mdmu-s25-37-01.npz": "B",
    "mdmu-s26-37-00.npz": "D",
    "mdmu-s26-37-01.npz": "A",
    "mdmu-s27-37-00.npz": "D",
    "mdmu-s27-37-01.npz": "B",
    "mdmu-s28-37-00.npz": "B",
    "mdmu-s29-37-00.npz": "C",
    "mdmu-s29-37-01.npz": "C",
    "mdmu-s30-37-00.npz": "B",
    "mdmu-s30-37-01.npz": "C",
    "mdmu-s31-37-00.npz": "A",
    "mdmu-s31-37-01.npz": "A",
    "mdmu-s32-37-00.npz": "D",
    "mdmu-s33-37-00.npz": "D",
    "mdmu-s33-37-01.npz": "B",
    "mdmu-s34-37-00.npz": "C",
    "mdmu-s34-37-01.npz": "A",
    "mdmu-s35-37-00.npz": "A",
    "mdmu-s35-37-01.npz": "D",
    "mdmu-s36-37-00.npz": "A",
    "mdmu-s36-37-01.npz": "B",
    "mdmu-s37-37-00.npz": "C",
    "mdmu-s37-37-01.npz": "B",
    "mdmu-s38-37-00.npz": "B",
    "mdmu-s38-37-01.npz": "A",
    "mdmu-s39-37-00.npz": "A",
    "mdmu-s39-37-01.npz": "allbad",
    "mdmu-s40-37-01.npz": "C",
    "mdmu-s41-37-00.npz": "A",
    "mdmu-s41-37-01.npz": "B",
    "mdmu-s42-37-00.npz": "A",
    "mdmu-s42-37-01.npz": "B",
    "mdmu-s43-37-00.npz": "B",
    "mdmu-s43-37-01.npz": "C",
    "mdmu-s44-37-00.npz": "C",
    "mdmu-s44-37-01.npz": "A",
    "mdmu-s45-37-00.npz": "C",
    "mdmu-s45-37-01.npz": "B",
    "mdmu-s46-37-00.npz": "B",
    "mdmu-s46-37-01.npz": "C",
    "mdmu-s47-37-00.npz": "D",
    "mdmu-s47-37-01.npz": "D",
    "mdmu-s48-37-00.npz": "B",
    "mdmu-s48-37-01.npz": "B",
    "mdmu-s49-37-00.npz": "C",
    "mdmu-s49-37-01.npz": "A",
    "mdmu-s50-37-01.npz": "C",
    "mdmu-s51-37-00.npz": "C",
    "mdmu-s51-37-01.npz": "A",
    "mdmu-s52-37-00.npz": "B",
    "mdmu-s52-37-01.npz": "B",
    "mdmu-s53-37-00.npz": "D",
    "mdmu-s53-37-01.npz": "A",
    "mdmu-s54-37-00.npz": "D",
    "mdmu-s54-37-01.npz": "A",
    "mdmu-s55-37-00.npz": "B",
    "mdmu-s55-37-01.npz": "A",
    "mdmu-s56-37-00.npz": "A",
    "mdmu-s56-37-01.npz": "D",
    "mdmu-s57-37-00.npz": "C",
    "mdmu-s57-37-01.npz": "D",
    "mdmu-s58-37-00.npz": "B",
    "mdmu-s58-37-01.npz": "A",
    "mdmu-s59-37-00.npz": "D",
    "mdmu-s60-37-01.npz": "C",
    "mdmu-s61-37-00.npz": "B",
    "mdmu-s61-37-01.npz": "D",
    "mdmu-s62-37-00.npz": "B",
    "mdmu-s62-37-01.npz": "C",
    "mdmu-s63-37-00.npz": "D",
    "mdmu-s63-37-01.npz": "C",
    "mdmu-s64-37-00.npz": "C",
    "mdmu-s64-37-01.npz": "B",
    "mdmu-s65-37-00.npz": "A",
    "mdmu-s65-37-01.npz": "A",
    "mdmu-s66-37-00.npz": "D",
    "mdmu-s66-37-01.npz": "C",
    "mdmu-s67-37-00.npz": "B",
    "mdmu-s67-37-01.npz": "B",
    "mdmu-s68-37-00.npz": "C",
    "mdmu-s68-37-01.npz": "D",
    "mdmu-s69-37-00.npz": "C",
    "mdmu-s69-37-01.npz": "B",
    "mdmu-s70-37-01.npz": "C",
    "mdmu-s71-37-00.npz": "A",
    "mdmu-s71-37-01.npz": "C",
    "mdmu-s72-37-00.npz": "D",
    "mdmu-s72-37-01.npz": "A",
    "mdmu-s73-37-00.npz": "D",
    "mdmu-s73-37-01.npz": "C",
    "mdmu-s74-37-00.npz": "C",
    "mdmu-s74-37-01.npz": "B",
    "mdmu-s75-37-01.npz": "D",
    "mdmu-s76-37-00.npz": "B",
    "mdmu-s76-37-01.npz": "A",
    "mdmu-s77-37-00.npz": "D",
    "mdmu-s77-37-01.npz": "A",
    "mdmu-s78-37-00.npz": "allbad",
    "mdmu-s78-37-01.npz": "C",
    "mdmu-s79-37-00.npz": "B",
    "mdmu-s79-37-01.npz": "C",
    "mdmu-s80-37-01.npz": "A",
    "mdmu-s81-37-00.npz": "A",
    "mdmu-s81-37-01.npz": "B",
    "mdmu-s82-37-00.npz": "C",
    "mdmu-s82-37-01.npz": "B",
    "mdmu-s83-37-00.npz": "B",
    "mdmu-s83-37-01.npz": "A",
    "mdmu-s84-37-00.npz": "B",
    "mdmu-s84-37-01.npz": "C",
    "mdmu-s85-37-00.npz": "D",
    "mdmu-s85-37-01.npz": "A",
    "mdmu-s86-37-00.npz": "C",
    "mdmu-s86-37-01.npz": "D",
    "mdmu-s87-37-00.npz": "B",
    "mdmu-s87-37-01.npz": "C",
    "mdmu-s88-37-00.npz": "A",
    "mdmu-s88-37-01.npz": "C",
    "mdmu-s89-37-00.npz": "D",
    "mdmu-s89-37-01.npz": "B",
    "mdmu-s90-37-01.npz": "B",
    "mdmu-s91-37-00.npz": "A",
    "mdmu-s91-37-01.npz": "A",
    "mdmu-s92-37-00.npz": "B",
    "mdmu-s92-37-01.npz": "A",
    "mdmu-s93-37-00.npz": "A",
    "mdmu-s93-37-01.npz": "B",
    "mdmu-s94-37-00.npz": "B",
    "mdmu-s94-37-01.npz": "A",
    "mdmu-s95-37-00.npz": "D",
    "mdmu-s95-37-01.npz": "A",
    "mdmu-s96-37-00.npz": "C",
    "mdmu-s96-37-01.npz": "B",
    "mdmu-s97-37-00.npz": "D",
    "mdmu-s97-37-01.npz": "A",
    "mdmu-s98-37-00.npz": "D",
    "mdmu-s98-37-01.npz": "C",
    "mdmu-s99-37-00.npz": "D",
    "mdmu-s99-37-01.npz": "A"
}