{
    "mdmu-114-21-01.npz": "A",
    "mdmu-104-21-00.npz": "B",
    "mdmu-102-21-01.npz": "D",
    "mdmu-112-21-00.npz": "D",
    "mdmu-115-21-00.npz": "D",
    "mdmu-105-21-01.npz": "A",
    "mdmu-103-21-00.npz": "A",
    "mdmu-113-21-01.npz": "B",
    "mdmu-114-21-00.npz": "D",
    "mdmu-104-21-01.npz": "B",
    "mdmu-102-21-00.npz": "C",
    "mdmu-190-21-01.npz": "C",
    "mdmu-112-21-01.npz": "D",
    "mdmu-115-21-01.npz": "A",
    "mdmu-105-21-00.npz": "B",
    "mdmu-103-21-01.npz": "C",
    "mdmu-113-21-00.npz": "D",
    "mdmu-106-21-01.npz": "D",
    "mdmu-116-21-00.npz": "D",
    "mdmu-110-21-01.npz": "B",
    "mdmu-119-21-00.npz": "D",
    "mdmu-100-21-00.npz": "C",
    "mdmu-109-21-01.npz": "C",
    "mdmu-107-21-00.npz": "B",
    "mdmu-117-21-01.npz": "D",
    "mdmu-111-21-00.npz": "C",
    "mdmu-118-21-01.npz": "C",
    "mdmu-101-21-01.npz": "D",
    "mdmu-108-21-00.npz": "D",
    "mdmu-106-21-00.npz": "C",
    "mdmu-116-21-01.npz": "C",
    "mdmu-119-21-01.npz": "C",
    "mdmu-110-21-00.npz": "B",
    "mdmu-109-21-00.npz": "A",
    "mdmu-100-21-01.npz": "A",
    "mdmu-107-21-01.npz": "A",
    "mdmu-117-21-00.npz": "D",
    "mdmu-118-21-00.npz": "C",
    "mdmu-111-21-01.npz": "B",
    "mdmu-101-21-00.npz": "A"
}