{
    "mdmu-s08-00-01.npz": "A",
    "mdmu-162-00-00.npz": "B",
    "mdmu-111-00-01.npz": "A",
    "mdmu-118-00-00.npz": "D",
    "mdmu-101-00-00.npz": "D",
    "mdmu-108-00-01.npz": "D",
    "mdmu-107-00-01.npz": "C",
    "mdmu-117-00-00.npz": "C",
    "mdmu-110-00-00.npz": "C",
    "mdmu-119-00-01.npz": "C",
    "mdmu-100-00-01.npz": "B",
    "mdmu-109-00-00.npz": "B",
    "mdmu-194-00-01.npz": "C",
    "mdmu-106-00-00.npz": "A",
    "mdmu-116-00-01.npz": "D",
    "mdmu-118-00-01.npz": "B",
    "mdmu-111-00-00.npz": "D",
    "mdmu-108-00-00.npz": "B",
    "mdmu-101-00-01.npz": "C",
    "mdmu-107-00-00.npz": "A",
    "mdmu-117-00-01.npz": "C",
    "mdmu-119-00-00.npz": "A",
    "mdmu-110-00-01.npz": "A",
    "mdmu-109-00-01.npz": "D",
    "mdmu-100-00-00.npz": "C",
    "mdmu-106-00-01.npz": "D",
    "mdmu-116-00-00.npz": "C",
    "mdmu-103-00-01.npz": "D",
    "mdmu-113-00-00.npz": "A",
    "mdmu-115-00-01.npz": "D",
    "mdmu-105-00-00.npz": "D",
    "mdmu-102-00-00.npz": "D",
    "mdmu-112-00-01.npz": "B",
    "mdmu-114-00-00.npz": "C",
    "mdmu-120-00-01.npz": "B",
    "mdmu-104-00-01.npz": "C",
    "mdmu-103-00-00.npz": "C",
    "mdmu-113-00-01.npz": "D",
    "mdmu-115-00-00.npz": "D",
    "mdmu-105-00-01.npz": "D",
    "mdmu-102-00-01.npz": "D",
    "mdmu-112-00-00.npz": "D",
    "mdmu-120-00-00.npz": "C",
    "mdmu-114-00-01.npz": "D",
    "mdmu-104-00-00.npz": "B"
}