{
    "mdma-136-00-03.npz": "D",
    "mdma-154-00-04.npz": "C",
    "mdma-145-00-02.npz": "C",
    "mdma-190-00-03.npz": "D",
    "mdma-134-00-00.npz": "D",
    "mdma-102-00-02.npz": "D",
    "mdma-109-00-00.npz": "A",
    "mdma-147-00-01.npz": "B",
    "mdma-192-00-00.npz": "B",
    "mdma-199-00-02.npz": "B",
    "mdma-188-00-04.npz": "B",
    "mdma-113-00-04.npz": "C",
    "mdma-137-00-04.npz": "C",
    "mdma-126-00-02.npz": "C",
    "mdma-191-00-04.npz": "B",
    "mdma-155-00-03.npz": "A",
    "mdma-180-00-02.npz": "A",
    "mdma-110-00-00.npz": "B",
    "mdma-124-00-01.npz": "D",
    "mdma-157-00-00.npz": "C",
    "mdma-189-00-03.npz": "B",
    "mdma-182-00-01.npz": "A",
    "mdma-119-00-01.npz": "C",
    "mdma-112-00-03.npz": "D",
    "mdma-105-00-04.npz": "A",
    "mdma-114-00-02.npz": "A",
    "mdma-184-00-00.npz": "B",
    "mdma-151-00-01.npz": "A",
    "mdma-138-00-04.npz": "D",
    "mdma-129-00-02.npz": "C",
    "mdma-122-00-00.npz": "C",
    "mdma-116-00-01.npz": "C",
    "mdma-186-00-03.npz": "A",
    "mdma-158-00-00.npz": "C",
    "mdma-153-00-02.npz": "C",
    "mdma-142-00-04.npz": "A",
    "mdma-120-00-03.npz": "D",
    "mdma-194-00-01.npz": "D",
    "mdma-141-00-00.npz": "B",
    "mdma-104-00-03.npz": "B",
    "mdma-132-00-01.npz": "A",
    "mdma-139-00-03.npz": "B",
    "mdma-196-00-02.npz": "C",
    "mdma-143-00-03.npz": "A",
    "mdma-148-00-01.npz": "B",
    "mdma-106-00-00.npz": "D",
    "mdma-187-00-04.npz": "C",
    "mdma-130-00-02.npz": "D",
    "mdma-121-00-04.npz": "C",
    "mdma-126-00-04.npz": "C",
    "mdma-137-00-02.npz": "B",
    "mdma-180-00-04.npz": "A",
    "mdma-101-00-00.npz": "A",
    "mdma-144-00-03.npz": "A",
    "mdma-191-00-02.npz": "C",
    "mdma-135-00-01.npz": "D",
    "mdma-103-00-03.npz": "A",
    "mdma-108-00-01.npz": "B",
    "mdma-146-00-00.npz": "A",
    "mdma-193-00-01.npz": "C",
    "mdma-198-00-03.npz": "B",
    "mdma-127-00-03.npz": "B",
    "mdma-145-00-04.npz": "A",
    "mdma-154-00-02.npz": "B",
    "mdma-181-00-03.npz": "C",
    "mdma-111-00-01.npz": "B",
    "mdma-125-00-00.npz": "D",
    "mdma-156-00-01.npz": "A",
    "mdma-188-00-02.npz": "B",
    "mdma-183-00-00.npz": "A",
    "mdma-118-00-00.npz": "C",
    "mdma-113-00-02.npz": "C",
    "mdma-102-00-04.npz": "B",
    "mdma-199-00-04.npz": "D",
    "mdma-115-00-03.npz": "A",
    "mdma-185-00-01.npz": "C",
    "mdma-150-00-00.npz": "C",
    "mdma-128-00-03.npz": "D",
    "mdma-123-00-01.npz": "B",
    "mdma-117-00-00.npz": "C",
    "mdma-187-00-02.npz": "B",
    "mdma-159-00-01.npz": "A",
    "mdma-152-00-03.npz": "C",
    "mdma-196-00-04.npz": "C",
    "mdma-121-00-02.npz": "A",
    "mdma-130-00-04.npz": "B",
    "mdma-114-00-04.npz": "D",
    "mdma-195-00-00.npz": "D",
    "mdma-140-00-01.npz": "A",
    "mdma-105-00-02.npz": "B",
    "mdma-129-00-04.npz": "C",
    "mdma-133-00-00.npz": "A",
    "mdma-138-00-02.npz": "A",
    "mdma-197-00-03.npz": "D",
    "mdma-142-00-02.npz": "D",
    "mdma-149-00-00.npz": "D",
    "mdma-107-00-01.npz": "A",
    "mdma-153-00-04.npz": "B",
    "mdma-131-00-03.npz": "D",
    "mdma-134-00-01.npz": "C",
    "mdma-109-00-01.npz": "A",
    "mdma-102-00-03.npz": "allbad",
    "mdma-147-00-00.npz": "B",
    "mdma-199-00-03.npz": "C",
    "mdma-192-00-01.npz": "C",
    "mdma-136-00-02.npz": "C",
    "mdma-127-00-04.npz": "C",
    "mdma-145-00-03.npz": "C",
    "mdma-190-00-02.npz": "A",
    "mdma-181-00-04.npz": "C",
    "mdma-124-00-00.npz": "A",
    "mdma-103-00-04.npz": "B",
    "mdma-198-00-04.npz": "A",
    "mdma-157-00-01.npz": "D",
    "mdma-182-00-00.npz": "D",
    "mdma-189-00-02.npz": "B",
    "mdma-112-00-02.npz": "A",
    "mdma-119-00-00.npz": "A",
    "mdma-126-00-03.npz": "C",
    "mdma-155-00-02.npz": "D",
    "mdma-180-00-03.npz": "B",
    "mdma-110-00-01.npz": "C",
    "mdma-144-00-04.npz": "C",
    "mdma-197-00-04.npz": "C",
    "mdma-116-00-00.npz": "C",
    "mdma-186-00-02.npz": "A",
    "mdma-153-00-03.npz": "C",
    "mdma-158-00-01.npz": "C",
    "mdma-131-00-04.npz": "B",
    "mdma-120-00-02.npz": "B",
    "mdma-114-00-03.npz": "C",
    "mdma-184-00-01.npz": "D",
    "mdma-151-00-00.npz": "D",
    "mdma-122-00-01.npz": "C",
    "mdma-129-00-03.npz": "B",
    "mdma-152-00-04.npz": "B",
    "mdma-196-00-03.npz": "B",
    "mdma-148-00-00.npz": "B",
    "mdma-143-00-02.npz": "C",
    "mdma-106-00-01.npz": "D",
    "mdma-130-00-03.npz": "D",
    "mdma-194-00-00.npz": "C",
    "mdma-141-00-01.npz": "C",
    "mdma-104-00-02.npz": "A",
    "mdma-115-00-04.npz": "B",
    "mdma-139-00-02.npz": "B",
    "mdma-132-00-00.npz": "C",
    "mdma-128-00-04.npz": "A",
    "mdma-135-00-00.npz": "B",
    "mdma-189-00-04.npz": "D",
    "mdma-112-00-04.npz": "B",
    "mdma-108-00-00.npz": "A",
    "mdma-103-00-02.npz": "D",
    "mdma-146-00-01.npz": "B",
    "mdma-198-00-02.npz": "B",
    "mdma-193-00-00.npz": "D",
    "mdma-137-00-03.npz": "D",
    "mdma-101-00-01.npz": "C",
    "mdma-144-00-02.npz": "D",
    "mdma-191-00-03.npz": "A",
    "mdma-155-00-04.npz": "B",
    "mdma-125-00-01.npz": "B",
    "mdma-156-00-00.npz": "C",
    "mdma-183-00-01.npz": "A",
    "mdma-188-00-03.npz": "C",
    "mdma-113-00-03.npz": "A",
    "mdma-118-00-01.npz": "B",
    "mdma-127-00-02.npz": "B",
    "mdma-136-00-04.npz": "C",
    "mdma-154-00-03.npz": "D",
    "mdma-181-00-02.npz": "A",
    "mdma-111-00-00.npz": "A",
    "mdma-190-00-04.npz": "A",
    "mdma-143-00-04.npz": "B",
    "mdma-117-00-01.npz": "A",
    "mdma-187-00-03.npz": "B",
    "mdma-152-00-02.npz": "B",
    "mdma-159-00-00.npz": "D",
    "mdma-121-00-03.npz": "C",
    "mdma-115-00-02.npz": "A",
    "mdma-185-00-00.npz": "A",
    "mdma-150-00-01.npz": "C",
    "mdma-104-00-04.npz": "C",
    "mdma-123-00-00.npz": "A",
    "mdma-128-00-02.npz": "A",
    "mdma-139-00-04.npz": "B",
    "mdma-186-00-04.npz": "C",
    "mdma-197-00-02.npz": "B",
    "mdma-149-00-01.npz": "B",
    "mdma-142-00-03.npz": "B",
    "mdma-107-00-00.npz": "B",
    "mdma-120-00-04.npz": "D",
    "mdma-131-00-02.npz": "B",
    "mdma-195-00-01.npz": "D",
    "mdma-140-00-00.npz": "C",
    "mdma-105-00-03.npz": "C",
    "mdma-138-00-03.npz": "A",
    "mdma-133-00-01.npz": "A",
    "mdma-101-00-04.npz": "C",
    "mdma-180-00-00.npz": "C",
    "mdma-155-00-01.npz": "C",
    "mdma-110-00-02.npz": "D",
    "mdma-126-00-00.npz": "A",
    "mdma-189-00-01.npz": "A",
    "mdma-182-00-03.npz": "A",
    "mdma-157-00-02.npz": "A",
    "mdma-119-00-03.npz": "D",
    "mdma-112-00-01.npz": "B",
    "mdma-146-00-04.npz": "A",
    "mdma-124-00-03.npz": "A",
    "mdma-190-00-01.npz": "A",
    "mdma-145-00-00.npz": "A",
    "mdma-136-00-01.npz": "C",
    "mdma-102-00-00.npz": "D",
    "mdma-109-00-02.npz": "D",
    "mdma-192-00-02.npz": "D",
    "mdma-199-00-00.npz": "B",
    "mdma-147-00-03.npz": "A",
    "mdma-183-00-04.npz": "D",
    "mdma-118-00-04.npz": "B",
    "mdma-134-00-02.npz": "B",
    "mdma-125-00-04.npz": "A",
    "mdma-132-00-03.npz": "D",
    "mdma-139-00-01.npz": "D",
    "mdma-150-00-04.npz": "D",
    "mdma-141-00-02.npz": "A",
    "mdma-194-00-03.npz": "A",
    "mdma-104-00-01.npz": "D",
    "mdma-130-00-00.npz": "C",
    "mdma-143-00-01.npz": "A",
    "mdma-148-00-03.npz": "D",
    "mdma-196-00-00.npz": "C",
    "mdma-106-00-02.npz": "D",
    "mdma-117-00-04.npz": "B",
    "mdma-133-00-04.npz": "D",
    "mdma-129-00-00.npz": "C",
    "mdma-122-00-02.npz": "C",
    "mdma-195-00-04.npz": "B",
    "mdma-114-00-00.npz": "D",
    "mdma-151-00-03.npz": "B",
    "mdma-184-00-02.npz": "C",
    "mdma-120-00-01.npz": "B",
    "mdma-116-00-03.npz": "D",
    "mdma-158-00-02.npz": "D",
    "mdma-153-00-00.npz": "B",
    "mdma-186-00-01.npz": "B",
    "mdma-149-00-04.npz": "B",
    "mdma-181-00-01.npz": "D",
    "mdma-154-00-00.npz": "A",
    "mdma-111-00-03.npz": "B",
    "mdma-127-00-01.npz": "D",
    "mdma-188-00-00.npz": "A",
    "mdma-183-00-02.npz": "B",
    "mdma-156-00-03.npz": "B",
    "mdma-118-00-02.npz": "C",
    "mdma-113-00-00.npz": "D",
    "mdma-109-00-04.npz": "D",
    "mdma-192-00-04.npz": "B",
    "mdma-125-00-02.npz": "A",
    "mdma-134-00-04.npz": "A",
    "mdma-110-00-04.npz": "B",
    "mdma-101-00-02.npz": "A",
    "mdma-191-00-00.npz": "B",
    "mdma-144-00-01.npz": "D",
    "mdma-137-00-00.npz": "C",
    "mdma-103-00-01.npz": "A",
    "mdma-108-00-03.npz": "C",
    "mdma-193-00-03.npz": "D",
    "mdma-198-00-01.npz": "B",
    "mdma-146-00-02.npz": "A",
    "mdma-157-00-04.npz": "C",
    "mdma-135-00-03.npz": "A",
    "mdma-122-00-04.npz": "D",
    "mdma-133-00-02.npz": "C",
    "mdma-138-00-00.npz": "A",
    "mdma-184-00-04.npz": "D",
    "mdma-140-00-03.npz": "B",
    "mdma-195-00-02.npz": "A",
    "mdma-105-00-00.npz": "D",
    "mdma-131-00-01.npz": "D",
    "mdma-142-00-00.npz": "C",
    "mdma-149-00-02.npz": "B",
    "mdma-197-00-01.npz": "D",
    "mdma-107-00-03.npz": "B",
    "mdma-158-00-04.npz": "B",
    "mdma-128-00-01.npz": "D",
    "mdma-123-00-03.npz": "C",
    "mdma-141-00-04.npz": "C",
    "mdma-115-00-01.npz": "allbad",
    "mdma-150-00-02.npz": "D",
    "mdma-185-00-03.npz": "D",
    "mdma-121-00-00.npz": "B",
    "mdma-117-00-02.npz": "B",
    "mdma-159-00-03.npz": "D",
    "mdma-152-00-01.npz": "A",
    "mdma-187-00-00.npz": "C",
    "mdma-106-00-04.npz": "B",
    "mdma-108-00-04.npz": "B",
    "mdma-193-00-04.npz": "A",
    "mdma-182-00-02.npz": "B",
    "mdma-189-00-00.npz": "B",
    "mdma-157-00-03.npz": "A",
    "mdma-112-00-00.npz": "D",
    "mdma-119-00-02.npz": "A",
    "mdma-135-00-04.npz": "D",
    "mdma-124-00-02.npz": "C",
    "mdma-180-00-01.npz": "C",
    "mdma-155-00-00.npz": "D",
    "mdma-110-00-03.npz": "B",
    "mdma-126-00-01.npz": "C",
    "mdma-156-00-04.npz": "C",
    "mdma-109-00-03.npz": "A",
    "mdma-102-00-01.npz": "A",
    "mdma-199-00-01.npz": "D",
    "mdma-192-00-03.npz": "D",
    "mdma-147-00-02.npz": "C",
    "mdma-134-00-03.npz": "A",
    "mdma-190-00-00.npz": "D",
    "mdma-145-00-01.npz": "B",
    "mdma-111-00-04.npz": "D",
    "mdma-136-00-00.npz": "D",
    "mdma-130-00-01.npz": "A",
    "mdma-159-00-04.npz": "C",
    "mdma-148-00-02.npz": "B",
    "mdma-143-00-00.npz": "C",
    "mdma-196-00-01.npz": "A",
    "mdma-106-00-03.npz": "B",
    "mdma-139-00-00.npz": "A",
    "mdma-132-00-02.npz": "B",
    "mdma-123-00-04.npz": "C",
    "mdma-141-00-03.npz": "A",
    "mdma-194-00-02.npz": "C",
    "mdma-104-00-00.npz": "D",
    "mdma-185-00-04.npz": "D",
    "mdma-120-00-00.npz": "A",
    "mdma-107-00-04.npz": "allbad",
    "mdma-116-00-02.npz": "A",
    "mdma-153-00-01.npz": "D",
    "mdma-158-00-03.npz": "B",
    "mdma-186-00-00.npz": "D",
    "mdma-122-00-03.npz": "A",
    "mdma-129-00-01.npz": "A",
    "mdma-114-00-01.npz": "B",
    "mdma-151-00-02.npz": "D",
    "mdma-184-00-03.npz": "A",
    "mdma-140-00-04.npz": "D",
    "mdma-147-00-04.npz": "A",
    "mdma-183-00-03.npz": "A",
    "mdma-188-00-01.npz": "A",
    "mdma-156-00-02.npz": "B",
    "mdma-113-00-01.npz": "D",
    "mdma-118-00-03.npz": "A",
    "mdma-125-00-03.npz": "A",
    "mdma-181-00-00.npz": "C",
    "mdma-154-00-01.npz": "B",
    "mdma-111-00-02.npz": "B",
    "mdma-127-00-00.npz": "A",
    "mdma-182-00-04.npz": "B",
    "mdma-119-00-04.npz": "A",
    "mdma-108-00-02.npz": "C",
    "mdma-103-00-00.npz": "A",
    "mdma-198-00-00.npz": "D",
    "mdma-193-00-02.npz": "D",
    "mdma-146-00-03.npz": "B",
    "mdma-124-00-04.npz": "A",
    "mdma-135-00-02.npz": "D",
    "mdma-101-00-03.npz": "A",
    "mdma-191-00-01.npz": "B",
    "mdma-144-00-00.npz": "D",
    "mdma-137-00-01.npz": "A",
    "mdma-131-00-00.npz": "C",
    "mdma-116-00-04.npz": "B",
    "mdma-149-00-03.npz": "A",
    "mdma-142-00-01.npz": "C",
    "mdma-197-00-00.npz": "A",
    "mdma-107-00-02.npz": "B",
    "mdma-138-00-01.npz": "B",
    "mdma-133-00-03.npz": "C",
    "mdma-140-00-02.npz": "D",
    "mdma-195-00-03.npz": "D",
    "mdma-105-00-01.npz": "C",
    "mdma-151-00-04.npz": "D",
    "mdma-121-00-01.npz": "D",
    "mdma-148-00-04.npz": "D",
    "mdma-117-00-03.npz": "A",
    "mdma-152-00-00.npz": "A",
    "mdma-159-00-02.npz": "D",
    "mdma-187-00-01.npz": "A",
    "mdma-123-00-02.npz": "B",
    "mdma-128-00-00.npz": "D",
    "mdma-132-00-04.npz": "D",
    "mdma-115-00-00.npz": "C",
    "mdma-150-00-03.npz": "D",
    "mdma-185-00-02.npz": "A",
    "mdma-194-00-04.npz": "D"
}