{
    "mdmu-s00-10-00.npz": "A",
    "mdmu-s00-10-01.npz": "D",
    "mdmu-s01-10-00.npz": "A",
    "mdmu-s01-10-01.npz": "B",
    "mdmu-s02-10-00.npz": "B",
    "mdmu-s03-10-00.npz": "B",
    "mdmu-s03-10-01.npz": "D",
    "mdmu-s04-10-00.npz": "C",
    "mdmu-s04-10-01.npz": "C",
    "mdmu-s05-10-00.npz": "D",
    "mdmu-s05-10-01.npz": "A",
    "mdmu-s06-10-00.npz": "B",
    "mdmu-s06-10-01.npz": "C",
    "mdmu-s07-10-00.npz": "B",
    "mdmu-s07-10-01.npz": "A",
    "mdmu-s08-10-00.npz": "D",
    "mdmu-s08-10-01.npz": "B",
    "mdmu-s09-10-00.npz": "A",
    "mdmu-s09-10-01.npz": "B",
    "mdmu-s10-10-00.npz": "B",
    "mdmu-s10-10-01.npz": "B",
    "mdmu-s11-10-00.npz": "B",
    "mdmu-s11-10-01.npz": "B",
    "mdmu-s12-10-00.npz": "A",
    "mdmu-s12-10-01.npz": "D",
    "mdmu-s13-10-00.npz": "A",
    "mdmu-s13-10-01.npz": "A",
    "mdmu-s14-10-00.npz": "B",
    "mdmu-s14-10-01.npz": "A",
    "mdmu-s15-10-00.npz": "A",
    "mdmu-s15-10-01.npz": "D",
    "mdmu-s16-10-00.npz": "C",
    "mdmu-s16-10-01.npz": "C",
    "mdmu-s17-10-00.npz": "C",
    "mdmu-s17-10-01.npz": "A",
    "mdmu-s18-10-00.npz": "C",
    "mdmu-s18-10-01.npz": "B",
    "mdmu-s19-10-00.npz": "C",
    "mdmu-s19-10-01.npz": "B",
    "mdmu-s20-10-00.npz": "C",
    "mdmu-s20-10-01.npz": "B",
    "mdmu-s21-10-00.npz": "B",
    "mdmu-s21-10-01.npz": "D",
    "mdmu-s22-10-00.npz": "B",
    "mdmu-s22-10-01.npz": "A",
    "mdmu-s23-10-00.npz": "A",
    "mdmu-s23-10-01.npz": "D",
    "mdmu-s24-10-00.npz": "B",
    "mdmu-s24-10-01.npz": "B",
    "mdmu-s25-10-00.npz": "A",
    "mdmu-s25-10-01.npz": "C",
    "mdmu-s26-10-00.npz": "B",
    "mdmu-s26-10-01.npz": "C",
    "mdmu-s27-10-00.npz": "B",
    "mdmu-s27-10-01.npz": "C",
    "mdmu-s28-10-00.npz": "B",
    "mdmu-s28-10-01.npz": "D",
    "mdmu-s29-10-00.npz": "B",
    "mdmu-s29-10-01.npz": "C",
    "mdmu-s30-10-00.npz": "D",
    "mdmu-s30-10-01.npz": "D",
    "mdmu-s31-10-00.npz": "B",
    "mdmu-s31-10-01.npz": "B",
    "mdmu-s32-10-00.npz": "A",
    "mdmu-s32-10-01.npz": "B",
    "mdmu-s33-10-00.npz": "B",
    "mdmu-s33-10-01.npz": "B",
    "mdmu-s34-10-00.npz": "C",
    "mdmu-s34-10-01.npz": "B",
    "mdmu-s35-10-00.npz": "B",
    "mdmu-s35-10-01.npz": "D",
    "mdmu-s36-10-00.npz": "D",
    "mdmu-s36-10-01.npz": "B",
    "mdmu-s37-10-00.npz": "B",
    "mdmu-s37-10-01.npz": "D",
    "mdmu-s38-10-00.npz": "C",
    "mdmu-s38-10-01.npz": "B",
    "mdmu-s39-10-00.npz": "D",
    "mdmu-s39-10-01.npz": "B",
    "mdmu-s40-10-01.npz": "A",
    "mdmu-s41-10-00.npz": "D",
    "mdmu-s41-10-01.npz": "A",
    "mdmu-s42-10-00.npz": "A",
    "mdmu-s42-10-01.npz": "D",
    "mdmu-s43-10-00.npz": "B",
    "mdmu-s43-10-01.npz": "C",
    "mdmu-s44-10-00.npz": "A",
    "mdmu-s44-10-01.npz": "B",
    "mdmu-s45-10-00.npz": "A",
    "mdmu-s45-10-01.npz": "D",
    "mdmu-s46-10-00.npz": "B",
    "mdmu-s46-10-01.npz": "B",
    "mdmu-s47-10-00.npz": "B",
    "mdmu-s47-10-01.npz": "C",
    "mdmu-s48-10-00.npz": "B",
    "mdmu-s48-10-01.npz": "A",
    "mdmu-s49-10-00.npz": "B",
    "mdmu-s49-10-01.npz": "B",
    "mdmu-s50-10-01.npz": "B",
    "mdmu-s51-10-00.npz": "C",
    "mdmu-s51-10-01.npz": "B",
    "mdmu-s52-10-00.npz": "D",
    "mdmu-s52-10-01.npz": "D",
    "mdmu-s53-10-00.npz": "C",
    "mdmu-s53-10-01.npz": "C",
    "mdmu-s54-10-00.npz": "C",
    "mdmu-s54-10-01.npz": "C",
    "mdmu-s55-10-00.npz": "D",
    "mdmu-s55-10-01.npz": "A",
    "mdmu-s56-10-00.npz": "B",
    "mdmu-s56-10-01.npz": "A",
    "mdmu-s57-10-00.npz": "C",
    "mdmu-s57-10-01.npz": "A",
    "mdmu-s58-10-00.npz": "A",
    "mdmu-s58-10-01.npz": "B",
    "mdmu-s59-10-00.npz": "A",
    "mdmu-s59-10-01.npz": "D",
    "mdmu-s60-10-01.npz": "A",
    "mdmu-s61-10-00.npz": "B",
    "mdmu-s61-10-01.npz": "D",
    "mdmu-s62-10-00.npz": "B",
    "mdmu-s62-10-01.npz": "D",
    "mdmu-s63-10-00.npz": "C",
    "mdmu-s63-10-01.npz": "C",
    "mdmu-s64-10-00.npz": "C",
    "mdmu-s64-10-01.npz": "C",
    "mdmu-s65-10-00.npz": "A",
    "mdmu-s65-10-01.npz": "C",
    "mdmu-s66-10-00.npz": "A",
    "mdmu-s66-10-01.npz": "B",
    "mdmu-s67-10-00.npz": "B",
    "mdmu-s67-10-01.npz": "B",
    "mdmu-s68-10-00.npz": "C",
    "mdmu-s68-10-01.npz": "B",
    "mdmu-s69-10-00.npz": "B",
    "mdmu-s69-10-01.npz": "B",
    "mdmu-s70-10-01.npz": "C",
    "mdmu-s71-10-00.npz": "D",
    "mdmu-s71-10-01.npz": "A",
    "mdmu-s72-10-00.npz": "B",
    "mdmu-s72-10-01.npz": "A",
    "mdmu-s73-10-00.npz": "allgood",
    "mdmu-s73-10-01.npz": "C",
    "mdmu-s74-10-00.npz": "C",
    "mdmu-s74-10-01.npz": "B",
    "mdmu-s75-10-00.npz": "B",
    "mdmu-s75-10-01.npz": "B",
    "mdmu-s76-10-00.npz": "B",
    "mdmu-s76-10-01.npz": "D",
    "mdmu-s77-10-00.npz": "C",
    "mdmu-s77-10-01.npz": "C",
    "mdmu-s78-10-00.npz": "D",
    "mdmu-s78-10-01.npz": "C",
    "mdmu-s79-10-00.npz": "C",
    "mdmu-s79-10-01.npz": "B",
    "mdmu-s80-10-01.npz": "D",
    "mdmu-s81-10-00.npz": "B",
    "mdmu-s81-10-01.npz": "B",
    "mdmu-s82-10-00.npz": "D",
    "mdmu-s82-10-01.npz": "D",
    "mdmu-s83-10-00.npz": "B",
    "mdmu-s83-10-01.npz": "C",
    "mdmu-s84-10-00.npz": "D",
    "mdmu-s84-10-01.npz": "A",
    "mdmu-s85-10-00.npz": "C",
    "mdmu-s85-10-01.npz": "A",
    "mdmu-s86-10-00.npz": "C",
    "mdmu-s86-10-01.npz": "C",
    "mdmu-s87-10-00.npz": "C",
    "mdmu-s87-10-01.npz": "B",
    "mdmu-s88-10-00.npz": "C",
    "mdmu-s88-10-01.npz": "B",
    "mdmu-s89-10-00.npz": "C",
    "mdmu-s89-10-01.npz": "A",
    "mdmu-s90-10-01.npz": "B",
    "mdmu-s91-10-00.npz": "B",
    "mdmu-s91-10-01.npz": "A",
    "mdmu-s92-10-00.npz": "B",
    "mdmu-s92-10-01.npz": "A",
    "mdmu-s93-10-00.npz": "B",
    "mdmu-s93-10-01.npz": "C",
    "mdmu-s94-10-00.npz": "B",
    "mdmu-s94-10-01.npz": "C",
    "mdmu-s95-10-00.npz": "D",
    "mdmu-s95-10-01.npz": "D",
    "mdmu-s96-10-00.npz": "B",
    "mdmu-s96-10-01.npz": "D",
    "mdmu-s97-10-00.npz": "A",
    "mdmu-s97-10-01.npz": "A",
    "mdmu-s98-10-00.npz": "D",
    "mdmu-s98-10-01.npz": "C",
    "mdmu-s99-10-00.npz": "C",
    "mdmu-s99-10-01.npz": "B"
}