{
    "mdmu-s37-34-00.npz": "A",
    "mdmu-s54-34-00.npz": "C",
    "mdmu-s81-34-01.npz": "B",
    "mdmu-s60-34-01.npz": "D",
    "mdmu-s87-34-00.npz": "D",
    "mdmu-s29-34-00.npz": "C",
    "mdmu-s34-34-00.npz": "allbad",
    "mdmu-s75-34-01.npz": "C",
    "mdmu-104-34-00.npz": "B",
    "mdmu-130-34-01.npz": "C",
    "mdmu-114-34-01.npz": "D",
    "mdmu-129-34-01.npz": "D",
    "mdmu-189-34-00.npz": "B",
    "mdmu-112-34-00.npz": "D",
    "mdmu-102-34-01.npz": "C",
    "mdmu-105-34-01.npz": "D",
    "mdmu-138-34-01.npz": "C",
    "mdmu-115-34-00.npz": "B",
    "mdmu-113-34-01.npz": "C",
    "mdmu-170-34-01.npz": "B",
    "mdmu-103-34-00.npz": "C",
    "mdmu-104-34-01.npz": "C",
    "mdmu-114-34-00.npz": "A",
    "mdmu-112-34-01.npz": "C",
    "mdmu-102-34-00.npz": "C",
    "mdmu-105-34-00.npz": "A",
    "mdmu-115-34-01.npz": "C",
    "mdmu-113-34-00.npz": "C",
    "mdmu-103-34-01.npz": "A",
    "mdmu-137-34-00.npz": "D",
    "mdmu-116-34-00.npz": "B",
    "mdmu-175-34-00.npz": "B",
    "mdmu-106-34-01.npz": "A",
    "mdmu-100-34-00.npz": "A",
    "mdmu-109-34-01.npz": "B",
    "mdmu-110-34-01.npz": "D",
    "mdmu-119-34-00.npz": "B",
    "mdmu-117-34-01.npz": "A",
    "mdmu-107-34-00.npz": "B",
    "mdmu-101-34-01.npz": "B",
    "mdmu-108-34-00.npz": "B",
    "mdmu-111-34-00.npz": "A",
    "mdmu-118-34-01.npz": "A",
    "mdmu-116-34-01.npz": "C",
    "mdmu-158-34-00.npz": "C",
    "mdmu-106-34-00.npz": "B",
    "mdmu-109-34-00.npz": "B",
    "mdmu-100-34-01.npz": "A",
    "mdmu-119-34-01.npz": "C",
    "mdmu-110-34-00.npz": "D",
    "mdmu-117-34-00.npz": "D",
    "mdmu-107-34-01.npz": "B",
    "mdmu-195-34-00.npz": "D",
    "mdmu-108-34-01.npz": "D",
    "mdmu-135-34-01.npz": "D",
    "mdmu-101-34-00.npz": "D",
    "mdmu-118-34-00.npz": "A",
    "mdmu-125-34-00.npz": "C",
    "mdmu-111-34-01.npz": "C"
}