{
    "mdmu-s09-28-00.npz": "allbad",
    "mdmu-118-28-01.npz": "D",
    "mdmu-111-28-00.npz": "A",
    "mdmu-108-28-00.npz": "D",
    "mdmu-101-28-01.npz": "A",
    "mdmu-107-28-00.npz": "C",
    "mdmu-117-28-01.npz": "B",
    "mdmu-119-28-00.npz": "C",
    "mdmu-110-28-01.npz": "A",
    "mdmu-109-28-01.npz": "B",
    "mdmu-100-28-00.npz": "C",
    "mdmu-106-28-01.npz": "D",
    "mdmu-116-28-00.npz": "D",
    "mdmu-111-28-01.npz": "C",
    "mdmu-118-28-00.npz": "C",
    "mdmu-101-28-00.npz": "D",
    "mdmu-108-28-01.npz": "C",
    "mdmu-107-28-01.npz": "C",
    "mdmu-117-28-00.npz": "D",
    "mdmu-110-28-00.npz": "A",
    "mdmu-119-28-01.npz": "D",
    "mdmu-100-28-01.npz": "D",
    "mdmu-109-28-00.npz": "A",
    "mdmu-106-28-00.npz": "A",
    "mdmu-116-28-01.npz": "A",
    "mdmu-103-28-00.npz": "B",
    "mdmu-113-28-01.npz": "A",
    "mdmu-115-28-00.npz": "A",
    "mdmu-105-28-01.npz": "D",
    "mdmu-102-28-01.npz": "C",
    "mdmu-112-28-00.npz": "D",
    "mdmu-114-28-01.npz": "A",
    "mdmu-104-28-00.npz": "C",
    "mdmu-103-28-01.npz": "B",
    "mdmu-127-28-01.npz": "D",
    "mdmu-113-28-00.npz": "C",
    "mdmu-115-28-01.npz": "D",
    "mdmu-105-28-00.npz": "A",
    "mdmu-102-28-00.npz": "C",
    "mdmu-112-28-01.npz": "B",
    "mdmu-114-28-00.npz": "B",
    "mdmu-104-28-01.npz": "D"
}