{
    "mdmu-s47-24-01.npz": "D",
    "mdmu-s09-24-00.npz": "C",
    "mdmu-s83-24-00.npz": "allbad",
    "mdmu-s50-24-01.npz": "C",
    "mdmu-s85-24-00.npz": "D",
    "mdmu-s95-24-01.npz": "A",
    "mdmu-s98-24-01.npz": "A",
    "mdmu-s36-24-00.npz": "C",
    "mdmu-s66-24-01.npz": "C",
    "mdmu-107-24-01.npz": "allbad",
    "mdmu-117-24-00.npz": "A",
    "mdmu-111-24-01.npz": "D",
    "mdmu-118-24-00.npz": "D",
    "mdmu-101-24-00.npz": "C",
    "mdmu-108-24-01.npz": "C",
    "mdmu-106-24-00.npz": "B",
    "mdmu-116-24-01.npz": "A",
    "mdmu-110-24-00.npz": "A",
    "mdmu-119-24-01.npz": "A",
    "mdmu-100-24-01.npz": "allbad",
    "mdmu-109-24-00.npz": "A",
    "mdmu-107-24-00.npz": "D",
    "mdmu-117-24-01.npz": "B",
    "mdmu-118-24-01.npz": "A",
    "mdmu-111-24-00.npz": "B",
    "mdmu-108-24-00.npz": "D",
    "mdmu-193-24-00.npz": "B",
    "mdmu-101-24-01.npz": "A",
    "mdmu-106-24-01.npz": "C",
    "mdmu-116-24-00.npz": "A",
    "mdmu-119-24-00.npz": "A",
    "mdmu-110-24-01.npz": "B",
    "mdmu-109-24-01.npz": "D",
    "mdmu-100-24-00.npz": "allbad",
    "mdmu-115-24-01.npz": "C",
    "mdmu-105-24-00.npz": "A",
    "mdmu-103-24-01.npz": "B",
    "mdmu-113-24-00.npz": "C",
    "mdmu-114-24-00.npz": "C",
    "mdmu-104-24-01.npz": "B",
    "mdmu-178-24-00.npz": "C",
    "mdmu-102-24-00.npz": "A",
    "mdmu-112-24-01.npz": "A",
    "mdmu-115-24-00.npz": "A",
    "mdmu-105-24-01.npz": "A",
    "mdmu-103-24-00.npz": "C",
    "mdmu-113-24-01.npz": "A",
    "mdmu-114-24-01.npz": "B",
    "mdmu-167-24-00.npz": "A",
    "mdmu-104-24-00.npz": "allbad",
    "mdmu-177-24-01.npz": "A",
    "mdmu-102-24-01.npz": "allbad",
    "mdmu-112-24-00.npz": "A",
    "mdmu-180-24-01.npz": "C"
}