{
    "mdmu-s00-32-00.npz": "B",
    "mdmu-s02-32-00.npz": "A",
    "mdmu-s02-32-01.npz": "A",
    "mdmu-s03-32-00.npz": "A",
    "mdmu-s03-32-01.npz": "D",
    "mdmu-s04-32-00.npz": "B",
    "mdmu-s04-32-01.npz": "D",
    "mdmu-s05-32-01.npz": "A",
    "mdmu-s06-32-00.npz": "C",
    "mdmu-s06-32-01.npz": "B",
    "mdmu-s07-32-01.npz": "A",
    "mdmu-s08-32-00.npz": "D",
    "mdmu-s08-32-01.npz": "C",
    "mdmu-s09-32-00.npz": "D",
    "mdmu-s09-32-01.npz": "C",
    "mdmu-s10-32-00.npz": "A",
    "mdmu-s10-32-01.npz": "A",
    "mdmu-s11-32-00.npz": "D",
    "mdmu-s11-32-01.npz": "C",
    "mdmu-s12-32-00.npz": "B",
    "mdmu-s12-32-01.npz": "B",
    "mdmu-s13-32-00.npz": "allbad",
    "mdmu-s13-32-01.npz": "D",
    "mdmu-s14-32-00.npz": "B",
    "mdmu-s14-32-01.npz": "B",
    "mdmu-s15-32-00.npz": "C",
    "mdmu-s15-32-01.npz": "B",
    "mdmu-s16-32-00.npz": "D",
    "mdmu-s16-32-01.npz": "A",
    "mdmu-s17-32-00.npz": "D",
    "mdmu-s17-32-01.npz": "A",
    "mdmu-s18-32-00.npz": "A",
    "mdmu-s18-32-01.npz": "D",
    "mdmu-s19-32-00.npz": "A",
    "mdmu-s19-32-01.npz": "C",
    "mdmu-s20-32-00.npz": "C",
    "mdmu-s20-32-01.npz": "B",
    "mdmu-s21-32-00.npz": "C",
    "mdmu-s21-32-01.npz": "B",
    "mdmu-s22-32-00.npz": "B",
    "mdmu-s22-32-01.npz": "C",
    "mdmu-s23-32-00.npz": "B",
    "mdmu-s23-32-01.npz": "D",
    "mdmu-s24-32-00.npz": "D",
    "mdmu-s24-32-01.npz": "D",
    "mdmu-s25-32-00.npz": "A",
    "mdmu-s25-32-01.npz": "D",
    "mdmu-s26-32-00.npz": "B",
    "mdmu-s26-32-01.npz": "C",
    "mdmu-s28-32-00.npz": "B",
    "mdmu-s28-32-01.npz": "B",
    "mdmu-s29-32-00.npz": "D",
    "mdmu-s29-32-01.npz": "B",
    "mdmu-s30-32-00.npz": "D",
    "mdmu-s30-32-01.npz": "B",
    "mdmu-s31-32-00.npz": "A",
    "mdmu-s31-32-01.npz": "C",
    "mdmu-s32-32-00.npz": "D",
    "mdmu-s32-32-01.npz": "A",
    "mdmu-s33-32-00.npz": "B",
    "mdmu-s33-32-01.npz": "D",
    "mdmu-s34-32-00.npz": "B",
    "mdmu-s34-32-01.npz": "D",
    "mdmu-s35-32-00.npz": "A",
    "mdmu-s36-32-00.npz": "C",
    "mdmu-s36-32-01.npz": "A",
    "mdmu-s37-32-00.npz": "D",
    "mdmu-s37-32-01.npz": "A",
    "mdmu-s38-32-00.npz": "D",
    "mdmu-s38-32-01.npz": "A",
    "mdmu-s39-32-00.npz": "D",
    "mdmu-s39-32-01.npz": "A",
    "mdmu-s40-32-01.npz": "A",
    "mdmu-s41-32-00.npz": "B",
    "mdmu-s41-32-01.npz": "D",
    "mdmu-s42-32-00.npz": "C",
    "mdmu-s42-32-01.npz": "D",
    "mdmu-s43-32-00.npz": "D",
    "mdmu-s43-32-01.npz": "B",
    "mdmu-s44-32-00.npz": "B",
    "mdmu-s44-32-01.npz": "D",
    "mdmu-s45-32-00.npz": "A",
    "mdmu-s45-32-01.npz": "D",
    "mdmu-s46-32-00.npz": "C",
    "mdmu-s46-32-01.npz": "C",
    "mdmu-s47-32-00.npz": "A",
    "mdmu-s47-32-01.npz": "C",
    "mdmu-s48-32-00.npz": "A",
    "mdmu-s48-32-01.npz": "B",
    "mdmu-s49-32-00.npz": "D",
    "mdmu-s49-32-01.npz": "C",
    "mdmu-s50-32-01.npz": "A",
    "mdmu-s51-32-00.npz": "D",
    "mdmu-s51-32-01.npz": "C",
    "mdmu-s52-32-00.npz": "A",
    "mdmu-s52-32-01.npz": "A",
    "mdmu-s53-32-00.npz": "D",
    "mdmu-s53-32-01.npz": "D",
    "mdmu-s54-32-00.npz": "A",
    "mdmu-s54-32-01.npz": "D",
    "mdmu-s55-32-00.npz": "D",
    "mdmu-s55-32-01.npz": "D",
    "mdmu-s56-32-00.npz": "A",
    "mdmu-s56-32-01.npz": "C",
    "mdmu-s57-32-00.npz": "C",
    "mdmu-s57-32-01.npz": "B",
    "mdmu-s58-32-00.npz": "C",
    "mdmu-s58-32-01.npz": "D",
    "mdmu-s59-32-00.npz": "A",
    "mdmu-s59-32-01.npz": "A",
    "mdmu-s60-32-01.npz": "A",
    "mdmu-s61-32-00.npz": "C",
    "mdmu-s61-32-01.npz": "A",
    "mdmu-s62-32-00.npz": "A",
    "mdmu-s62-32-01.npz": "C",
    "mdmu-s63-32-00.npz": "B",
    "mdmu-s63-32-01.npz": "C",
    "mdmu-s64-32-00.npz": "A",
    "mdmu-s64-32-01.npz": "A",
    "mdmu-s65-32-00.npz": "D",
    "mdmu-s65-32-01.npz": "B",
    "mdmu-s66-32-00.npz": "A",
    "mdmu-s66-32-01.npz": "B",
    "mdmu-s67-32-00.npz": "A",
    "mdmu-s67-32-01.npz": "C",
    "mdmu-s68-32-00.npz": "A",
    "mdmu-s68-32-01.npz": "D",
    "mdmu-s69-32-00.npz": "C",
    "mdmu-s69-32-01.npz": "C",
    "mdmu-s70-32-01.npz": "B",
    "mdmu-s71-32-00.npz": "C",
    "mdmu-s71-32-01.npz": "A",
    "mdmu-s72-32-00.npz": "B",
    "mdmu-s72-32-01.npz": "A",
    "mdmu-s73-32-00.npz": "A",
    "mdmu-s73-32-01.npz": "D",
    "mdmu-s74-32-00.npz": "D",
    "mdmu-s74-32-01.npz": "A",
    "mdmu-s75-32-00.npz": "B",
    "mdmu-s75-32-01.npz": "A",
    "mdmu-s76-32-00.npz": "D",
    "mdmu-s76-32-01.npz": "C",
    "mdmu-s77-32-00.npz": "C",
    "mdmu-s77-32-01.npz": "B",
    "mdmu-s78-32-00.npz": "A",
    "mdmu-s78-32-01.npz": "B",
    "mdmu-s79-32-00.npz": "C",
    "mdmu-s79-32-01.npz": "B",
    "mdmu-s80-32-01.npz": "A",
    "mdmu-s81-32-00.npz": "A",
    "mdmu-s81-32-01.npz": "C",
    "mdmu-s82-32-00.npz": "D",
    "mdmu-s82-32-01.npz": "A",
    "mdmu-s83-32-00.npz": "B",
    "mdmu-s83-32-01.npz": "B",
    "mdmu-s84-32-00.npz": "C",
    "mdmu-s84-32-01.npz": "C",
    "mdmu-s85-32-00.npz": "A",
    "mdmu-s85-32-01.npz": "D",
    "mdmu-s86-32-00.npz": "D",
    "mdmu-s86-32-01.npz": "C",
    "mdmu-s87-32-00.npz": "C",
    "mdmu-s87-32-01.npz": "D",
    "mdmu-s88-32-00.npz": "B",
    "mdmu-s88-32-01.npz": "B",
    "mdmu-s89-32-00.npz": "B",
    "mdmu-s89-32-01.npz": "A",
    "mdmu-s90-32-01.npz": "C",
    "mdmu-s91-32-00.npz": "A",
    "mdmu-s91-32-01.npz": "B",
    "mdmu-s92-32-00.npz": "C",
    "mdmu-s92-32-01.npz": "D",
    "mdmu-s93-32-00.npz": "D",
    "mdmu-s93-32-01.npz": "B",
    "mdmu-s94-32-00.npz": "A",
    "mdmu-s94-32-01.npz": "B",
    "mdmu-s95-32-00.npz": "A",
    "mdmu-s95-32-01.npz": "A",
    "mdmu-s96-32-00.npz": "D",
    "mdmu-s96-32-01.npz": "B",
    "mdmu-s97-32-00.npz": "C",
    "mdmu-s97-32-01.npz": "C",
    "mdmu-s98-32-00.npz": "C",
    "mdmu-s98-32-01.npz": "B",
    "mdmu-s99-32-00.npz": "C",
    "mdmu-s99-32-01.npz": "A"
}