{
    "mdmu-116-22-01.npz": "A",
    "mdmu-106-22-00.npz": "C",
    "mdmu-100-22-01.npz": "A",
    "mdmu-109-22-00.npz": "A",
    "mdmu-110-22-00.npz": "B",
    "mdmu-119-22-01.npz": "C",
    "mdmu-117-22-00.npz": "A",
    "mdmu-107-22-01.npz": "C",
    "mdmu-101-22-00.npz": "A",
    "mdmu-108-22-01.npz": "D",
    "mdmu-111-22-01.npz": "A",
    "mdmu-118-22-00.npz": "D",
    "mdmu-116-22-00.npz": "D",
    "mdmu-106-22-01.npz": "D",
    "mdmu-109-22-01.npz": "A",
    "mdmu-100-22-00.npz": "C",
    "mdmu-119-22-00.npz": "C",
    "mdmu-110-22-01.npz": "B",
    "mdmu-117-22-01.npz": "D",
    "mdmu-107-22-00.npz": "A",
    "mdmu-108-22-00.npz": "D",
    "mdmu-101-22-01.npz": "B",
    "mdmu-118-22-01.npz": "D",
    "mdmu-111-22-00.npz": "D",
    "mdmu-104-22-01.npz": "D",
    "mdmu-114-22-00.npz": "A",
    "mdmu-112-22-01.npz": "A",
    "mdmu-102-22-00.npz": "A",
    "mdmu-105-22-00.npz": "D",
    "mdmu-115-22-01.npz": "A",
    "mdmu-113-22-00.npz": "D",
    "mdmu-103-22-01.npz": "C",
    "mdmu-104-22-00.npz": "B",
    "mdmu-114-22-01.npz": "B",
    "mdmu-112-22-00.npz": "C",
    "mdmu-102-22-01.npz": "C",
    "mdmu-105-22-01.npz": "D",
    "mdmu-115-22-00.npz": "D",
    "mdmu-113-22-01.npz": "B",
    "mdmu-103-22-00.npz": "D"
}