{"mdmu-s00-15-01.npz": "C", "mdmu-s02-15-00.npz": "B", "mdmu-s02-15-01.npz": "A", "mdmu-s04-15-00.npz": "D", "mdmu-s04-15-01.npz": "B", "mdmu-s05-15-00.npz": "A", "mdmu-s05-15-01.npz": "D", "mdmu-s06-15-00.npz": "C", "mdmu-s08-15-00.npz": "D", "mdmu-s08-15-01.npz": "B", "mdmu-s09-15-00.npz": "B", "mdmu-s10-15-00.npz": "A", "mdmu-s10-15-01.npz": "B", "mdmu-s11-15-00.npz": "B", "mdmu-s11-15-01.npz": "C", "mdmu-s12-15-00.npz": "D", "mdmu-s12-15-01.npz": "D", "mdmu-s13-15-00.npz": "A", "mdmu-s13-15-01.npz": "B", "mdmu-s14-15-00.npz": "D", "mdmu-s14-15-01.npz": "C", "mdmu-s15-15-00.npz": "A", "mdmu-s15-15-01.npz": "D", "mdmu-s16-15-00.npz": "B", "mdmu-s16-15-01.npz": "B", "mdmu-s17-15-00.npz": "D", "mdmu-s17-15-01.npz": "C", "mdmu-s18-15-00.npz": "C", "mdmu-s18-15-01.npz": "D", "mdmu-s19-15-00.npz": "D", "mdmu-s19-15-01.npz": "D", "mdmu-s20-15-00.npz": "C", "mdmu-s20-15-01.npz": "D", "mdmu-s21-15-00.npz": "A", "mdmu-s21-15-01.npz": "A", "mdmu-s22-15-00.npz": "B", "mdmu-s22-15-01.npz": "A", "mdmu-s23-15-00.npz": "B", "mdmu-s23-15-01.npz": "C", "mdmu-s24-15-01.npz": "A", "mdmu-s25-15-01.npz": "C", "mdmu-s26-15-00.npz": "C", "mdmu-s26-15-01.npz": "C", "mdmu-s27-15-00.npz": "A", "mdmu-s27-15-01.npz": "A", "mdmu-s28-15-00.npz": "A", "mdmu-s28-15-01.npz": "C", "mdmu-s29-15-00.npz": "C", "mdmu-s29-15-01.npz": "B", "mdmu-s30-15-00.npz": "B", "mdmu-s30-15-01.npz": "C", "mdmu-s31-15-00.npz": "B", "mdmu-s31-15-01.npz": "C", "mdmu-s32-15-00.npz": "B", "mdmu-s32-15-01.npz": "C", "mdmu-s33-15-00.npz": "A", "mdmu-s33-15-01.npz": "A", "mdmu-s34-15-00.npz": "A", "mdmu-s34-15-01.npz": "C", "mdmu-s35-15-00.npz": "C", "mdmu-s35-15-01.npz": "D", "mdmu-s36-15-00.npz": "D", "mdmu-s36-15-01.npz": "D", "mdmu-s37-15-00.npz": "B", "mdmu-s37-15-01.npz": "D", "mdmu-s38-15-00.npz": "A", "mdmu-s38-15-01.npz": "C", "mdmu-s39-15-00.npz": "C", "mdmu-s39-15-01.npz": "B", "mdmu-s40-15-01.npz": "D", "mdmu-s41-15-00.npz": "B", "mdmu-s41-15-01.npz": "D", "mdmu-s42-15-00.npz": "A", "mdmu-s42-15-01.npz": "A", "mdmu-s43-15-00.npz": "D", "mdmu-s43-15-01.npz": "D", "mdmu-s44-15-00.npz": "D", "mdmu-s44-15-01.npz": "A", "mdmu-s45-15-00.npz": "B", "mdmu-s45-15-01.npz": "A", "mdmu-s46-15-00.npz": "A", "mdmu-s46-15-01.npz": "C", "mdmu-s47-15-00.npz": "B", "mdmu-s47-15-01.npz": "B", "mdmu-s48-15-00.npz": "B", "mdmu-s48-15-01.npz": "D", "mdmu-s49-15-00.npz": "A", "mdmu-s49-15-01.npz": "B", "mdmu-s50-15-01.npz": "B", "mdmu-s51-15-00.npz": "C", "mdmu-s51-15-01.npz": "D", "mdmu-s52-15-00.npz": "C", "mdmu-s52-15-01.npz": "C", "mdmu-s53-15-00.npz": "D", "mdmu-s53-15-01.npz": "A", "mdmu-s54-15-00.npz": "D", "mdmu-s54-15-01.npz": "B", "mdmu-s55-15-00.npz": "C", "mdmu-s55-15-01.npz": "B", "mdmu-s56-15-00.npz": "B", "mdmu-s56-15-01.npz": "B", "mdmu-s57-15-00.npz": "C", "mdmu-s57-15-01.npz": "A", "mdmu-s58-15-00.npz": "A", "mdmu-s58-15-01.npz": "C", "mdmu-s59-15-00.npz": "C", "mdmu-s59-15-01.npz": "B", "mdmu-s60-15-01.npz": "D", "mdmu-s61-15-00.npz": "B", "mdmu-s61-15-01.npz": "B", "mdmu-s62-15-00.npz": "D", "mdmu-s62-15-01.npz": "D", "mdmu-s63-15-00.npz": "A", "mdmu-s63-15-01.npz": "D", "mdmu-s64-15-00.npz": "D", "mdmu-s64-15-01.npz": "C", "mdmu-s65-15-00.npz": "D", "mdmu-s65-15-01.npz": "C", "mdmu-s66-15-00.npz": "C", "mdmu-s66-15-01.npz": "D", "mdmu-s67-15-00.npz": "A", "mdmu-s67-15-01.npz": "D", "mdmu-s68-15-00.npz": "B", "mdmu-s68-15-01.npz": "A", "mdmu-s69-15-00.npz": "C", "mdmu-s69-15-01.npz": "A", "mdmu-s70-15-01.npz": "A", "mdmu-s71-15-00.npz": "A", "mdmu-s71-15-01.npz": "D", "mdmu-s72-15-00.npz": "D", "mdmu-s72-15-01.npz": "C", "mdmu-s73-15-00.npz": "C", "mdmu-s73-15-01.npz": "D", "mdmu-s74-15-00.npz": "A", "mdmu-s74-15-01.npz": "D", "mdmu-s75-15-00.npz": "D", "mdmu-s75-15-01.npz": "A", "mdmu-s76-15-00.npz": "A", "mdmu-s76-15-01.npz": "C", "mdmu-s77-15-00.npz": "C", "mdmu-s77-15-01.npz": "B", "mdmu-s78-15-00.npz": "C", "mdmu-s78-15-01.npz": "D", "mdmu-s79-15-00.npz": "A", "mdmu-s79-15-01.npz": "C", "mdmu-s80-15-01.npz": "B", "mdmu-s81-15-00.npz": "C", "mdmu-s81-15-01.npz": "D", "mdmu-s82-15-00.npz": "C", "mdmu-s82-15-01.npz": "B", "mdmu-s83-15-00.npz": "B", "mdmu-s83-15-01.npz": "B", "mdmu-s84-15-00.npz": "D", "mdmu-s84-15-01.npz": "A", "mdmu-s85-15-00.npz": "C", "mdmu-s85-15-01.npz": "A", "mdmu-s86-15-00.npz": "B", "mdmu-s86-15-01.npz": "D", "mdmu-s87-15-00.npz": "A", "mdmu-s87-15-01.npz": "B", "mdmu-s88-15-00.npz": "C", "mdmu-s88-15-01.npz": "A", "mdmu-s89-15-00.npz": "A", "mdmu-s89-15-01.npz": "A", "mdmu-s90-15-01.npz": "A", "mdmu-s91-15-00.npz": "B", "mdmu-s91-15-01.npz": "A", "mdmu-s92-15-00.npz": "C", "mdmu-s92-15-01.npz": "D", "mdmu-s93-15-00.npz": "D", "mdmu-s93-15-01.npz": "A", "mdmu-s94-15-00.npz": "C", "mdmu-s94-15-01.npz": "A", "mdmu-s95-15-00.npz": "B", "mdmu-s95-15-01.npz": "D", "mdmu-s96-15-00.npz": "A", "mdmu-s96-15-01.npz": "D", "mdmu-s97-15-00.npz": "A", "mdmu-s97-15-01.npz": "A", "mdmu-s98-15-00.npz": "C", "mdmu-s98-15-01.npz": "A", "mdmu-s99-15-00.npz": "C", "mdmu-s99-15-01.npz": "C"}