{
    "mdmu-s86-36-01.npz": "D",
    "mdmu-s30-36-00.npz": "D",
    "mdmu-s77-36-00.npz": "B",
    "mdmu-s69-36-01.npz": "A",
    "mdmu-117-36-00.npz": "A",
    "mdmu-107-36-01.npz": "B",
    "mdmu-101-36-00.npz": "allbad",
    "mdmu-108-36-01.npz": "D",
    "mdmu-111-36-01.npz": "D",
    "mdmu-125-36-00.npz": "A",
    "mdmu-118-36-00.npz": "C",
    "mdmu-116-36-01.npz": "B",
    "mdmu-106-36-00.npz": "A",
    "mdmu-100-36-01.npz": "A",
    "mdmu-109-36-00.npz": "D",
    "mdmu-110-36-00.npz": "B",
    "mdmu-119-36-01.npz": "D",
    "mdmu-117-36-01.npz": "A",
    "mdmu-107-36-00.npz": "B",
    "mdmu-108-36-00.npz": "D",
    "mdmu-101-36-01.npz": "C",
    "mdmu-118-36-01.npz": "D",
    "mdmu-111-36-00.npz": "B",
    "mdmu-116-36-00.npz": "A",
    "mdmu-106-36-01.npz": "C",
    "mdmu-141-36-01.npz": "C",
    "mdmu-109-36-01.npz": "D",
    "mdmu-100-36-00.npz": "A",
    "mdmu-119-36-00.npz": "B",
    "mdmu-110-36-01.npz": "C",
    "mdmu-105-36-00.npz": "D",
    "mdmu-115-36-01.npz": "C",
    "mdmu-121-36-00.npz": "D",
    "mdmu-113-36-00.npz": "D",
    "mdmu-103-36-01.npz": "B",
    "mdmu-177-36-00.npz": "B",
    "mdmu-104-36-01.npz": "D",
    "mdmu-114-36-00.npz": "D",
    "mdmu-153-36-00.npz": "A",
    "mdmu-112-36-01.npz": "B",
    "mdmu-102-36-00.npz": "A",
    "mdmu-131-36-00.npz": "B",
    "mdmu-105-36-01.npz": "C",
    "mdmu-115-36-00.npz": "D",
    "mdmu-113-36-01.npz": "C",
    "mdmu-198-36-00.npz": "A",
    "mdmu-139-36-00.npz": "A",
    "mdmu-104-36-00.npz": "D",
    "mdmu-114-36-01.npz": "A",
    "mdmu-112-36-00.npz": "A",
    "mdmu-102-36-01.npz": "D"
}