{
    "mdmu-s63-20-01.npz": "D",
    "mdmu-105-20-01.npz": "B",
    "mdmu-115-20-00.npz": "D",
    "mdmu-113-20-01.npz": "C",
    "mdmu-103-20-00.npz": "A",
    "mdmu-104-20-00.npz": "C",
    "mdmu-114-20-01.npz": "D",
    "mdmu-120-20-00.npz": "D",
    "mdmu-112-20-00.npz": "A",
    "mdmu-102-20-01.npz": "A",
    "mdmu-105-20-00.npz": "D",
    "mdmu-115-20-01.npz": "D",
    "mdmu-113-20-00.npz": "C",
    "mdmu-103-20-01.npz": "D",
    "mdmu-104-20-01.npz": "B",
    "mdmu-114-20-00.npz": "D",
    "mdmu-112-20-01.npz": "D",
    "mdmu-102-20-00.npz": "C",
    "mdmu-117-20-01.npz": "C",
    "mdmu-107-20-00.npz": "D",
    "mdmu-101-20-01.npz": "B",
    "mdmu-108-20-00.npz": "D",
    "mdmu-111-20-00.npz": "C",
    "mdmu-118-20-01.npz": "D",
    "mdmu-116-20-00.npz": "A",
    "mdmu-106-20-01.npz": "C",
    "mdmu-100-20-00.npz": "D",
    "mdmu-109-20-01.npz": "A",
    "mdmu-110-20-01.npz": "D",
    "mdmu-119-20-00.npz": "D",
    "mdmu-117-20-00.npz": "C",
    "mdmu-107-20-01.npz": "A",
    "mdmu-108-20-01.npz": "B",
    "mdmu-101-20-00.npz": "D",
    "mdmu-118-20-00.npz": "A",
    "mdmu-111-20-01.npz": "D",
    "mdmu-116-20-01.npz": "B",
    "mdmu-106-20-00.npz": "B",
    "mdmu-109-20-00.npz": "C",
    "mdmu-100-20-01.npz": "B",
    "mdmu-119-20-01.npz": "B",
    "mdmu-110-20-00.npz": "B",
    "mdmu-163-20-01.npz": "D"
}