{
    "mdmu-s29-03-01.npz": "D",
    "mdmu-s04-03-00.npz": "A",
    "mdmu-s11-03-00.npz": "C",
    "mdmu-113-03-01.npz": "C",
    "mdmu-103-03-00.npz": "D",
    "mdmu-105-03-01.npz": "B",
    "mdmu-115-03-00.npz": "A",
    "mdmu-112-03-00.npz": "A",
    "mdmu-102-03-01.npz": "allbad",
    "mdmu-199-03-01.npz": "D",
    "mdmu-104-03-00.npz": "A",
    "mdmu-114-03-01.npz": "D",
    "mdmu-120-03-00.npz": "B",
    "mdmu-113-03-00.npz": "D",
    "mdmu-127-03-01.npz": "A",
    "mdmu-103-03-01.npz": "A",
    "mdmu-105-03-00.npz": "A",
    "mdmu-115-03-01.npz": "B",
    "mdmu-112-03-01.npz": "A",
    "mdmu-102-03-00.npz": "B",
    "mdmu-104-03-01.npz": "D",
    "mdmu-120-03-01.npz": "A",
    "mdmu-114-03-00.npz": "D",
    "mdmu-101-03-01.npz": "allbad",
    "mdmu-108-03-00.npz": "A",
    "mdmu-111-03-00.npz": "B",
    "mdmu-118-03-01.npz": "D",
    "mdmu-117-03-01.npz": "D",
    "mdmu-107-03-00.npz": "D",
    "mdmu-100-03-00.npz": "B",
    "mdmu-109-03-01.npz": "C",
    "mdmu-110-03-01.npz": "B",
    "mdmu-119-03-00.npz": "C",
    "mdmu-116-03-00.npz": "C",
    "mdmu-106-03-01.npz": "D",
    "mdmu-108-03-01.npz": "D",
    "mdmu-101-03-00.npz": "C",
    "mdmu-118-03-00.npz": "B",
    "mdmu-111-03-01.npz": "B",
    "mdmu-117-03-00.npz": "A",
    "mdmu-107-03-01.npz": "C",
    "mdmu-174-03-00.npz": "C",
    "mdmu-133-03-00.npz": "A",
    "mdmu-109-03-00.npz": "D",
    "mdmu-100-03-01.npz": "A",
    "mdmu-119-03-01.npz": "B",
    "mdmu-110-03-00.npz": "C",
    "mdmu-116-03-01.npz": "A",
    "mdmu-151-03-01.npz": "A",
    "mdmu-122-03-00.npz": "A",
    "mdmu-106-03-00.npz": "D"
}