{
    "mdmu-s16-30-01.npz": "B",
    "mdmu-106-30-00.npz": "B",
    "mdmu-116-30-01.npz": "D",
    "mdmu-110-30-00.npz": "C",
    "mdmu-119-30-01.npz": "D",
    "mdmu-100-30-01.npz": "B",
    "mdmu-109-30-00.npz": "A",
    "mdmu-107-30-01.npz": "D",
    "mdmu-117-30-00.npz": "C",
    "mdmu-111-30-01.npz": "C",
    "mdmu-118-30-00.npz": "A",
    "mdmu-101-30-00.npz": "A",
    "mdmu-108-30-01.npz": "C",
    "mdmu-106-30-01.npz": "A",
    "mdmu-116-30-00.npz": "C",
    "mdmu-119-30-00.npz": "B",
    "mdmu-110-30-01.npz": "A",
    "mdmu-109-30-01.npz": "C",
    "mdmu-100-30-00.npz": "D",
    "mdmu-107-30-00.npz": "D",
    "mdmu-117-30-01.npz": "B",
    "mdmu-118-30-01.npz": "C",
    "mdmu-111-30-00.npz": "B",
    "mdmu-108-30-00.npz": "C",
    "mdmu-101-30-01.npz": "D",
    "mdmu-114-30-00.npz": "B",
    "mdmu-104-30-01.npz": "A",
    "mdmu-102-30-00.npz": "C",
    "mdmu-112-30-01.npz": "A",
    "mdmu-115-30-01.npz": "A",
    "mdmu-105-30-00.npz": "A",
    "mdmu-103-30-01.npz": "D",
    "mdmu-113-30-00.npz": "C",
    "mdmu-114-30-01.npz": "C",
    "mdmu-104-30-00.npz": "B",
    "mdmu-102-30-01.npz": "B",
    "mdmu-112-30-00.npz": "B",
    "mdmu-115-30-00.npz": "C",
    "mdmu-105-30-01.npz": "B",
    "mdmu-103-30-00.npz": "C",
    "mdmu-113-30-01.npz": "C"
}