{
    "mdmu-s99-29-00.npz": "D",
    "mdmu-109-29-01.npz": "D",
    "mdmu-100-29-00.npz": "D",
    "mdmu-119-29-00.npz": "D",
    "mdmu-110-29-01.npz": "A",
    "mdmu-116-29-00.npz": "A",
    "mdmu-106-29-01.npz": "A",
    "mdmu-108-29-00.npz": "C",
    "mdmu-101-29-01.npz": "B",
    "mdmu-118-29-01.npz": "C",
    "mdmu-111-29-00.npz": "B",
    "mdmu-117-29-01.npz": "D",
    "mdmu-107-29-00.npz": "D",
    "mdmu-100-29-01.npz": "A",
    "mdmu-109-29-00.npz": "D",
    "mdmu-110-29-00.npz": "B",
    "mdmu-119-29-01.npz": "C",
    "mdmu-116-29-01.npz": "D",
    "mdmu-106-29-00.npz": "D",
    "mdmu-101-29-00.npz": "C",
    "mdmu-108-29-01.npz": "C",
    "mdmu-111-29-01.npz": "C",
    "mdmu-118-29-00.npz": "D",
    "mdmu-117-29-00.npz": "D",
    "mdmu-107-29-01.npz": "D",
    "mdmu-112-29-00.npz": "A",
    "mdmu-102-29-01.npz": "A",
    "mdmu-104-29-00.npz": "C",
    "mdmu-120-29-00.npz": "A",
    "mdmu-114-29-01.npz": "C",
    "mdmu-113-29-01.npz": "D",
    "mdmu-103-29-00.npz": "C",
    "mdmu-105-29-01.npz": "C",
    "mdmu-115-29-00.npz": "C",
    "mdmu-112-29-01.npz": "D",
    "mdmu-102-29-00.npz": "D",
    "mdmu-104-29-01.npz": "B",
    "mdmu-114-29-00.npz": "C",
    "mdmu-113-29-00.npz": "C",
    "mdmu-103-29-01.npz": "C",
    "mdmu-105-29-00.npz": "C",
    "mdmu-115-29-01.npz": "A",
    "mdmu-121-29-00.npz": "D"
}