{
    "mdmu-s58-11-01.npz": "D",
    "mdmu-s75-11-01.npz": "B",
    "mdmu-103-11-00.npz": "C",
    "mdmu-113-11-01.npz": "C",
    "mdmu-115-11-00.npz": "D",
    "mdmu-105-11-01.npz": "A",
    "mdmu-102-11-01.npz": "C",
    "mdmu-112-11-00.npz": "B",
    "mdmu-114-11-01.npz": "D",
    "mdmu-120-11-00.npz": "D",
    "mdmu-104-11-00.npz": "B",
    "mdmu-103-11-01.npz": "B",
    "mdmu-113-11-00.npz": "A",
    "mdmu-115-11-01.npz": "C",
    "mdmu-105-11-00.npz": "A",
    "mdmu-102-11-00.npz": "B",
    "mdmu-112-11-01.npz": "D",
    "mdmu-120-11-01.npz": "C",
    "mdmu-114-11-00.npz": "D",
    "mdmu-104-11-01.npz": "B",
    "mdmu-111-11-00.npz": "A",
    "mdmu-118-11-01.npz": "B",
    "mdmu-101-11-01.npz": "A",
    "mdmu-108-11-00.npz": "B",
    "mdmu-107-11-00.npz": "B",
    "mdmu-117-11-01.npz": "C",
    "mdmu-110-11-01.npz": "C",
    "mdmu-119-11-00.npz": "A",
    "mdmu-100-11-00.npz": "A",
    "mdmu-109-11-01.npz": "C",
    "mdmu-106-11-01.npz": "B",
    "mdmu-116-11-00.npz": "D",
    "mdmu-118-11-00.npz": "A",
    "mdmu-111-11-01.npz": "C",
    "mdmu-108-11-01.npz": "D",
    "mdmu-101-11-00.npz": "B",
    "mdmu-107-11-01.npz": "B",
    "mdmu-117-11-00.npz": "D",
    "mdmu-119-11-01.npz": "A",
    "mdmu-110-11-00.npz": "D",
    "mdmu-109-11-00.npz": "C",
    "mdmu-100-11-01.npz": "allbad",
    "mdmu-106-11-00.npz": "C",
    "mdmu-116-11-01.npz": "B"
}