{
    "mdmu-s00-22-00.npz": "C",
    "mdmu-s00-22-01.npz": "D",
    "mdmu-s01-22-00.npz": "A",
    "mdmu-s01-22-01.npz": "C",
    "mdmu-s02-22-00.npz": "C",
    "mdmu-s02-22-01.npz": "B",
    "mdmu-s03-22-00.npz": "B",
    "mdmu-s03-22-01.npz": "A",
    "mdmu-s04-22-00.npz": "A",
    "mdmu-s04-22-01.npz": "D",
    "mdmu-s05-22-00.npz": "B",
    "mdmu-s05-22-01.npz": "D",
    "mdmu-s06-22-00.npz": "D",
    "mdmu-s06-22-01.npz": "B",
    "mdmu-s07-22-00.npz": "C",
    "mdmu-s07-22-01.npz": "B",
    "mdmu-s08-22-00.npz": "A",
    "mdmu-s08-22-01.npz": "A",
    "mdmu-s09-22-00.npz": "D",
    "mdmu-s09-22-01.npz": "A",
    "mdmu-s10-22-00.npz": "D",
    "mdmu-s10-22-01.npz": "C",
    "mdmu-s11-22-00.npz": "D",
    "mdmu-s11-22-01.npz": "B",
    "mdmu-s12-22-00.npz": "A",
    "mdmu-s12-22-01.npz": "C",
    "mdmu-s13-22-00.npz": "C",
    "mdmu-s13-22-01.npz": "A",
    "mdmu-s14-22-00.npz": "A",
    "mdmu-s14-22-01.npz": "B",
    "mdmu-s15-22-00.npz": "B",
    "mdmu-s15-22-01.npz": "D",
    "mdmu-s16-22-00.npz": "B",
    "mdmu-s16-22-01.npz": "B",
    "mdmu-s17-22-00.npz": "D",
    "mdmu-s17-22-01.npz": "D",
    "mdmu-s18-22-00.npz": "C",
    "mdmu-s18-22-01.npz": "B",
    "mdmu-s19-22-00.npz": "D",
    "mdmu-s19-22-01.npz": "B",
    "mdmu-s20-22-00.npz": "A",
    "mdmu-s20-22-01.npz": "B",
    "mdmu-s21-22-00.npz": "A",
    "mdmu-s21-22-01.npz": "A",
    "mdmu-s22-22-00.npz": "C",
    "mdmu-s22-22-01.npz": "D",
    "mdmu-s23-22-00.npz": "D",
    "mdmu-s23-22-01.npz": "A",
    "mdmu-s24-22-00.npz": "B",
    "mdmu-s25-22-00.npz": "A",
    "mdmu-s26-22-00.npz": "D",
    "mdmu-s26-22-01.npz": "B",
    "mdmu-s27-22-00.npz": "A",
    "mdmu-s27-22-01.npz": "A",
    "mdmu-s28-22-00.npz": "B",
    "mdmu-s28-22-01.npz": "A",
    "mdmu-s29-22-00.npz": "D",
    "mdmu-s29-22-01.npz": "D",
    "mdmu-s30-22-00.npz": "A",
    "mdmu-s30-22-01.npz": "C",
    "mdmu-s31-22-00.npz": "B",
    "mdmu-s31-22-01.npz": "C",
    "mdmu-s32-22-00.npz": "C",
    "mdmu-s32-22-01.npz": "B",
    "mdmu-s33-22-00.npz": "A",
    "mdmu-s33-22-01.npz": "C",
    "mdmu-s34-22-00.npz": "A",
    "mdmu-s34-22-01.npz": "D",
    "mdmu-s35-22-00.npz": "D",
    "mdmu-s35-22-01.npz": "A",
    "mdmu-s36-22-00.npz": "B",
    "mdmu-s36-22-01.npz": "allbad",
    "mdmu-s37-22-00.npz": "B",
    "mdmu-s37-22-01.npz": "C",
    "mdmu-s38-22-00.npz": "B",
    "mdmu-s38-22-01.npz": "C",
    "mdmu-s39-22-00.npz": "D",
    "mdmu-s39-22-01.npz": "B",
    "mdmu-s40-22-01.npz": "A",
    "mdmu-s41-22-00.npz": "A",
    "mdmu-s41-22-01.npz": "B",
    "mdmu-s42-22-00.npz": "B",
    "mdmu-s42-22-01.npz": "B",
    "mdmu-s43-22-00.npz": "A",
    "mdmu-s43-22-01.npz": "D",
    "mdmu-s44-22-00.npz": "A",
    "mdmu-s44-22-01.npz": "B",
    "mdmu-s45-22-00.npz": "D",
    "mdmu-s45-22-01.npz": "D",
    "mdmu-s46-22-00.npz": "C",
    "mdmu-s46-22-01.npz": "D",
    "mdmu-s47-22-00.npz": "A",
    "mdmu-s47-22-01.npz": "A",
    "mdmu-s48-22-00.npz": "C",
    "mdmu-s48-22-01.npz": "C",
    "mdmu-s49-22-00.npz": "B",
    "mdmu-s49-22-01.npz": "B",
    "mdmu-s50-22-01.npz": "B",
    "mdmu-s51-22-00.npz": "C",
    "mdmu-s51-22-01.npz": "C",
    "mdmu-s52-22-00.npz": "D",
    "mdmu-s52-22-01.npz": "D",
    "mdmu-s53-22-00.npz": "A",
    "mdmu-s53-22-01.npz": "D",
    "mdmu-s54-22-00.npz": "B",
    "mdmu-s54-22-01.npz": "D",
    "mdmu-s55-22-00.npz": "A",
    "mdmu-s55-22-01.npz": "C",
    "mdmu-s56-22-00.npz": "C",
    "mdmu-s56-22-01.npz": "D",
    "mdmu-s57-22-00.npz": "D",
    "mdmu-s57-22-01.npz": "B",
    "mdmu-s58-22-00.npz": "A",
    "mdmu-s58-22-01.npz": "A",
    "mdmu-s59-22-00.npz": "A",
    "mdmu-s59-22-01.npz": "C",
    "mdmu-s60-22-01.npz": "B",
    "mdmu-s61-22-00.npz": "B",
    "mdmu-s61-22-01.npz": "A",
    "mdmu-s62-22-00.npz": "D",
    "mdmu-s62-22-01.npz": "B",
    "mdmu-s63-22-00.npz": "A",
    "mdmu-s63-22-01.npz": "B",
    "mdmu-s64-22-00.npz": "A",
    "mdmu-s64-22-01.npz": "B",
    "mdmu-s65-22-00.npz": "C",
    "mdmu-s65-22-01.npz": "A",
    "mdmu-s66-22-00.npz": "A",
    "mdmu-s66-22-01.npz": "B",
    "mdmu-s67-22-00.npz": "B",
    "mdmu-s67-22-01.npz": "C",
    "mdmu-s68-22-00.npz": "D",
    "mdmu-s68-22-01.npz": "A",
    "mdmu-s69-22-00.npz": "B",
    "mdmu-s69-22-01.npz": "B",
    "mdmu-s70-22-01.npz": "A",
    "mdmu-s71-22-00.npz": "A",
    "mdmu-s71-22-01.npz": "C",
    "mdmu-s72-22-00.npz": "D",
    "mdmu-s72-22-01.npz": "B",
    "mdmu-s73-22-00.npz": "C",
    "mdmu-s73-22-01.npz": "A",
    "mdmu-s74-22-00.npz": "B",
    "mdmu-s74-22-01.npz": "B",
    "mdmu-s75-22-00.npz": "C",
    "mdmu-s75-22-01.npz": "A",
    "mdmu-s76-22-00.npz": "C",
    "mdmu-s76-22-01.npz": "A",
    "mdmu-s77-22-00.npz": "D",
    "mdmu-s77-22-01.npz": "A",
    "mdmu-s78-22-00.npz": "C",
    "mdmu-s78-22-01.npz": "D",
    "mdmu-s79-22-00.npz": "D",
    "mdmu-s79-22-01.npz": "B",
    "mdmu-s80-22-01.npz": "D",
    "mdmu-s81-22-00.npz": "C",
    "mdmu-s81-22-01.npz": "B",
    "mdmu-s82-22-00.npz": "D",
    "mdmu-s82-22-01.npz": "A",
    "mdmu-s83-22-00.npz": "A",
    "mdmu-s83-22-01.npz": "A",
    "mdmu-s84-22-00.npz": "A",
    "mdmu-s84-22-01.npz": "D",
    "mdmu-s85-22-00.npz": "B",
    "mdmu-s85-22-01.npz": "C",
    "mdmu-s86-22-00.npz": "B",
    "mdmu-s86-22-01.npz": "D",
    "mdmu-s87-22-00.npz": "A",
    "mdmu-s87-22-01.npz": "D",
    "mdmu-s88-22-00.npz": "A",
    "mdmu-s88-22-01.npz": "B",
    "mdmu-s89-22-00.npz": "D",
    "mdmu-s89-22-01.npz": "D",
    "mdmu-s90-22-01.npz": "A",
    "mdmu-s91-22-00.npz": "A",
    "mdmu-s91-22-01.npz": "B",
    "mdmu-s92-22-00.npz": "D",
    "mdmu-s92-22-01.npz": "A",
    "mdmu-s93-22-00.npz": "D",
    "mdmu-s93-22-01.npz": "D",
    "mdmu-s94-22-00.npz": "C",
    "mdmu-s94-22-01.npz": "A",
    "mdmu-s95-22-00.npz": "B",
    "mdmu-s95-22-01.npz": "C",
    "mdmu-s96-22-00.npz": "C",
    "mdmu-s96-22-01.npz": "A",
    "mdmu-s97-22-00.npz": "D",
    "mdmu-s97-22-01.npz": "A",
    "mdmu-s98-22-00.npz": "B",
    "mdmu-s98-22-01.npz": "A",
    "mdmu-s99-22-00.npz": "A",
    "mdmu-s99-22-01.npz": "D"
}