{
    "mdmu-100-01-01.npz": "A",
    "mdmu-109-01-00.npz": "A",
    "mdmu-110-01-00.npz": "B",
    "mdmu-119-01-01.npz": "D",
    "mdmu-116-01-01.npz": "A",
    "mdmu-106-01-00.npz": "B",
    "mdmu-101-01-00.npz": "C",
    "mdmu-108-01-01.npz": "D",
    "mdmu-111-01-01.npz": "C",
    "mdmu-118-01-00.npz": "D",
    "mdmu-117-01-00.npz": "D",
    "mdmu-107-01-01.npz": "D",
    "mdmu-109-01-01.npz": "D",
    "mdmu-100-01-00.npz": "A",
    "mdmu-119-01-00.npz": "B",
    "mdmu-110-01-01.npz": "C",
    "mdmu-116-01-00.npz": "D",
    "mdmu-106-01-01.npz": "C",
    "mdmu-108-01-00.npz": "D",
    "mdmu-101-01-01.npz": "C",
    "mdmu-118-01-01.npz": "A",
    "mdmu-111-01-00.npz": "A",
    "mdmu-117-01-01.npz": "C",
    "mdmu-107-01-00.npz": "A",
    "mdmu-112-01-01.npz": "B",
    "mdmu-102-01-00.npz": "B",
    "mdmu-104-01-01.npz": "A",
    "mdmu-114-01-00.npz": "D",
    "mdmu-120-01-01.npz": "D",
    "mdmu-113-01-00.npz": "A",
    "mdmu-103-01-01.npz": "B",
    "mdmu-105-01-00.npz": "B",
    "mdmu-115-01-01.npz": "B",
    "mdmu-112-01-00.npz": "C",
    "mdmu-102-01-01.npz": "D",
    "mdmu-104-01-00.npz": "B",
    "mdmu-120-01-00.npz": "D",
    "mdmu-114-01-01.npz": "D",
    "mdmu-113-01-01.npz": "A",
    "mdmu-103-01-00.npz": "C",
    "mdmu-105-01-01.npz": "C",
    "mdmu-115-01-00.npz": "D"
}