{
    "mdmu-s16-06-01.npz": "C",
    "mdmu-s36-06-00.npz": "C",
    "mdmu-100-06-01.npz": "B",
    "mdmu-109-06-00.npz": "B",
    "mdmu-110-06-00.npz": "B",
    "mdmu-119-06-01.npz": "D",
    "mdmu-116-06-01.npz": "C",
    "mdmu-106-06-00.npz": "C",
    "mdmu-101-06-00.npz": "B",
    "mdmu-108-06-01.npz": "A",
    "mdmu-111-06-01.npz": "C",
    "mdmu-118-06-00.npz": "D",
    "mdmu-117-06-00.npz": "C",
    "mdmu-107-06-01.npz": "A",
    "mdmu-109-06-01.npz": "D",
    "mdmu-100-06-00.npz": "A",
    "mdmu-119-06-00.npz": "B",
    "mdmu-110-06-01.npz": "A",
    "mdmu-116-06-00.npz": "C",
    "mdmu-151-06-00.npz": "C",
    "mdmu-106-06-01.npz": "C",
    "mdmu-108-06-00.npz": "B",
    "mdmu-101-06-01.npz": "B",
    "mdmu-118-06-01.npz": "B",
    "mdmu-111-06-00.npz": "B",
    "mdmu-117-06-01.npz": "C",
    "mdmu-107-06-00.npz": "B",
    "mdmu-112-06-01.npz": "D",
    "mdmu-102-06-00.npz": "B",
    "mdmu-104-06-01.npz": "D",
    "mdmu-114-06-00.npz": "D",
    "mdmu-120-06-01.npz": "B",
    "mdmu-113-06-00.npz": "C",
    "mdmu-103-06-01.npz": "C",
    "mdmu-105-06-00.npz": "B",
    "mdmu-115-06-01.npz": "A",
    "mdmu-152-06-01.npz": "B",
    "mdmu-112-06-00.npz": "D",
    "mdmu-102-06-01.npz": "B",
    "mdmu-104-06-00.npz": "B",
    "mdmu-120-06-00.npz": "D",
    "mdmu-114-06-01.npz": "A",
    "mdmu-113-06-01.npz": "B",
    "mdmu-103-06-00.npz": "A",
    "mdmu-105-06-01.npz": "D",
    "mdmu-115-06-00.npz": "A"
}