{
    "mdmu-s05-32-00.npz": "C",
    "mdmu-115-32-00.npz": "A",
    "mdmu-105-32-01.npz": "B",
    "mdmu-103-32-00.npz": "C",
    "mdmu-181-32-00.npz": "A",
    "mdmu-113-32-01.npz": "B",
    "mdmu-114-32-01.npz": "C",
    "mdmu-104-32-00.npz": "B",
    "mdmu-102-32-01.npz": "C",
    "mdmu-112-32-00.npz": "B",
    "mdmu-115-32-01.npz": "D",
    "mdmu-105-32-00.npz": "C",
    "mdmu-103-32-01.npz": "B",
    "mdmu-113-32-00.npz": "C",
    "mdmu-114-32-00.npz": "B",
    "mdmu-104-32-01.npz": "A",
    "mdmu-102-32-00.npz": "D",
    "mdmu-112-32-01.npz": "B",
    "mdmu-107-32-00.npz": "D",
    "mdmu-117-32-01.npz": "B",
    "mdmu-111-32-00.npz": "C",
    "mdmu-118-32-01.npz": "C",
    "mdmu-101-32-01.npz": "D",
    "mdmu-108-32-00.npz": "D",
    "mdmu-106-32-01.npz": "A",
    "mdmu-116-32-00.npz": "D",
    "mdmu-110-32-01.npz": "B",
    "mdmu-119-32-00.npz": "A",
    "mdmu-100-32-00.npz": "C",
    "mdmu-109-32-01.npz": "C",
    "mdmu-107-32-01.npz": "A",
    "mdmu-117-32-00.npz": "A",
    "mdmu-118-32-00.npz": "D",
    "mdmu-111-32-01.npz": "B",
    "mdmu-108-32-01.npz": "A",
    "mdmu-101-32-00.npz": "C",
    "mdmu-106-32-00.npz": "B",
    "mdmu-116-32-01.npz": "D",
    "mdmu-119-32-01.npz": "C",
    "mdmu-110-32-00.npz": "A",
    "mdmu-109-32-00.npz": "C",
    "mdmu-100-32-01.npz": "C"
}