{
    "mdma-127-02-00.npz": "A",
    "mdma-154-02-01.npz": "D",
    "mdma-181-02-00.npz": "B",
    "mdma-111-02-02.npz": "D",
    "mdma-100-02-04.npz": "D",
    "mdma-125-02-03.npz": "A",
    "mdma-147-02-04.npz": "A",
    "mdma-156-02-02.npz": "D",
    "mdma-188-02-01.npz": "B",
    "mdma-183-02-03.npz": "D",
    "mdma-118-02-03.npz": "B",
    "mdma-113-02-01.npz": "B",
    "mdma-101-02-03.npz": "A",
    "mdma-144-02-00.npz": "B",
    "mdma-191-02-01.npz": "C",
    "mdma-124-02-04.npz": "C",
    "mdma-135-02-02.npz": "C",
    "mdma-182-02-04.npz": "A",
    "mdma-119-02-04.npz": "B",
    "mdma-103-02-00.npz": "C",
    "mdma-108-02-02.npz": "A",
    "mdma-146-02-03.npz": "D",
    "mdma-193-02-02.npz": "A",
    "mdma-198-02-00.npz": "D",
    "mdma-195-02-03.npz": "A",
    "mdma-140-02-02.npz": "B",
    "mdma-105-02-01.npz": "D",
    "mdma-151-02-04.npz": "A",
    "mdma-133-02-03.npz": "A",
    "mdma-138-02-01.npz": "B",
    "mdma-116-02-04.npz": "A",
    "mdma-197-02-00.npz": "D",
    "mdma-142-02-01.npz": "C",
    "mdma-149-02-03.npz": "C",
    "mdma-107-02-02.npz": "C",
    "mdma-131-02-00.npz": "C",
    "mdma-115-02-00.npz": "A",
    "mdma-185-02-02.npz": "C",
    "mdma-150-02-03.npz": "A",
    "mdma-194-02-04.npz": "A",
    "mdma-128-02-00.npz": "A",
    "mdma-123-02-02.npz": "D",
    "mdma-132-02-04.npz": "allbad",
    "mdma-148-02-04.npz": "A",
    "mdma-117-02-03.npz": "B",
    "mdma-187-02-01.npz": "A",
    "mdma-159-02-02.npz": "D",
    "mdma-152-02-00.npz": "B",
    "mdma-121-02-01.npz": "B",
    "mdma-126-02-01.npz": "C",
    "mdma-155-02-00.npz": "A",
    "mdma-180-02-01.npz": "D",
    "mdma-110-02-03.npz": "B",
    "mdma-135-02-04.npz": "D",
    "mdma-124-02-02.npz": "D",
    "mdma-108-02-04.npz": "C",
    "mdma-193-02-04.npz": "B",
    "mdma-157-02-03.npz": "D",
    "mdma-189-02-00.npz": "A",
    "mdma-182-02-02.npz": "D",
    "mdma-119-02-02.npz": "D",
    "mdma-112-02-00.npz": "C",
    "mdma-136-02-00.npz": "C",
    "mdma-100-02-02.npz": "C",
    "mdma-145-02-01.npz": "A",
    "mdma-190-02-00.npz": "C",
    "mdma-111-02-04.npz": "D",
    "mdma-134-02-03.npz": "A",
    "mdma-156-02-04.npz": "B",
    "mdma-102-02-01.npz": "B",
    "mdma-109-02-03.npz": "A",
    "mdma-147-02-02.npz": "D",
    "mdma-192-02-03.npz": "A",
    "mdma-199-02-01.npz": "C",
    "mdma-194-02-02.npz": "D",
    "mdma-141-02-03.npz": "C",
    "mdma-104-02-00.npz": "C",
    "mdma-185-02-04.npz": "D",
    "mdma-132-02-02.npz": "D",
    "mdma-139-02-00.npz": "A",
    "mdma-123-02-04.npz": "B",
    "mdma-159-02-04.npz": "C",
    "mdma-196-02-01.npz": "D",
    "mdma-143-02-00.npz": "B",
    "mdma-148-02-02.npz": "B",
    "mdma-106-02-03.npz": "A",
    "mdma-130-02-01.npz": "B",
    "mdma-114-02-01.npz": "C",
    "mdma-184-02-03.npz": "D",
    "mdma-151-02-02.npz": "A",
    "mdma-140-02-04.npz": "B",
    "mdma-129-02-01.npz": "D",
    "mdma-122-02-03.npz": "C",
    "mdma-107-02-04.npz": "allbad",
    "mdma-116-02-02.npz": "D",
    "mdma-186-02-00.npz": "B",
    "mdma-158-02-03.npz": "D",
    "mdma-153-02-01.npz": "C",
    "mdma-120-02-00.npz": "A",
    "mdma-125-02-02.npz": "C",
    "mdma-134-02-04.npz": "D",
    "mdma-156-02-03.npz": "D",
    "mdma-183-02-02.npz": "C",
    "mdma-188-02-00.npz": "C",
    "mdma-113-02-00.npz": "C",
    "mdma-118-02-02.npz": "A",
    "mdma-109-02-04.npz": "A",
    "mdma-192-02-04.npz": "C",
    "mdma-127-02-01.npz": "B",
    "mdma-154-02-00.npz": "D",
    "mdma-181-02-01.npz": "C",
    "mdma-111-02-03.npz": "C",
    "mdma-135-02-03.npz": "B",
    "mdma-108-02-03.npz": "D",
    "mdma-103-02-01.npz": "B",
    "mdma-146-02-02.npz": "B",
    "mdma-198-02-01.npz": "A",
    "mdma-193-02-03.npz": "A",
    "mdma-157-02-04.npz": "A",
    "mdma-137-02-00.npz": "C",
    "mdma-110-02-04.npz": "D",
    "mdma-101-02-02.npz": "D",
    "mdma-144-02-01.npz": "D",
    "mdma-191-02-00.npz": "B",
    "mdma-197-02-01.npz": "D",
    "mdma-149-02-02.npz": "C",
    "mdma-142-02-00.npz": "C",
    "mdma-107-02-03.npz": "C",
    "mdma-158-02-04.npz": "A",
    "mdma-131-02-01.npz": "A",
    "mdma-184-02-04.npz": "A",
    "mdma-195-02-02.npz": "B",
    "mdma-140-02-03.npz": "C",
    "mdma-105-02-00.npz": "C",
    "mdma-122-02-04.npz": "D",
    "mdma-138-02-00.npz": "A",
    "mdma-133-02-02.npz": "B",
    "mdma-117-02-02.npz": "D",
    "mdma-187-02-00.npz": "B",
    "mdma-152-02-01.npz": "A",
    "mdma-159-02-03.npz": "C",
    "mdma-106-02-04.npz": "D",
    "mdma-121-02-00.npz": "A",
    "mdma-141-02-04.npz": "D",
    "mdma-115-02-01.npz": "D",
    "mdma-185-02-03.npz": "C",
    "mdma-150-02-02.npz": "C",
    "mdma-123-02-03.npz": "B",
    "mdma-128-02-01.npz": "C",
    "mdma-124-02-03.npz": "A",
    "mdma-157-02-02.npz": "D",
    "mdma-182-02-03.npz": "A",
    "mdma-189-02-01.npz": "B",
    "mdma-112-02-01.npz": "A",
    "mdma-119-02-03.npz": "allbad",
    "mdma-146-02-04.npz": "A",
    "mdma-126-02-00.npz": "A",
    "mdma-101-02-04.npz": "A",
    "mdma-155-02-01.npz": "A",
    "mdma-180-02-00.npz": "D",
    "mdma-110-02-02.npz": "D",
    "mdma-134-02-02.npz": "D",
    "mdma-125-02-04.npz": "C",
    "mdma-109-02-02.npz": "D",
    "mdma-102-02-00.npz": "D",
    "mdma-147-02-03.npz": "D",
    "mdma-199-02-00.npz": "C",
    "mdma-192-02-02.npz": "D",
    "mdma-183-02-04.npz": "B",
    "mdma-118-02-04.npz": "B",
    "mdma-136-02-01.npz": "B",
    "mdma-100-02-03.npz": "D",
    "mdma-145-02-00.npz": "D",
    "mdma-190-02-01.npz": "B",
    "mdma-196-02-00.npz": "A",
    "mdma-148-02-03.npz": "C",
    "mdma-143-02-01.npz": "A",
    "mdma-106-02-02.npz": "A",
    "mdma-117-02-04.npz": "C",
    "mdma-130-02-00.npz": "D",
    "mdma-150-02-04.npz": "D",
    "mdma-194-02-03.npz": "B",
    "mdma-141-02-02.npz": "B",
    "mdma-104-02-01.npz": "C",
    "mdma-139-02-01.npz": "A",
    "mdma-132-02-03.npz": "A",
    "mdma-116-02-03.npz": "C",
    "mdma-186-02-01.npz": "B",
    "mdma-153-02-00.npz": "C",
    "mdma-158-02-02.npz": "C",
    "mdma-149-02-04.npz": "C",
    "mdma-120-02-01.npz": "A",
    "mdma-195-02-04.npz": "A",
    "mdma-114-02-00.npz": "A",
    "mdma-184-02-02.npz": "A",
    "mdma-151-02-03.npz": "A",
    "mdma-133-02-04.npz": "A",
    "mdma-122-02-02.npz": "A",
    "mdma-129-02-00.npz": "C",
    "mdma-101-02-01.npz": "D",
    "mdma-191-02-03.npz": "C",
    "mdma-144-02-02.npz": "C",
    "mdma-155-02-04.npz": "D",
    "mdma-137-02-03.npz": "C",
    "mdma-189-02-04.npz": "A",
    "mdma-112-02-04.npz": "B",
    "mdma-103-02-02.npz": "allbad",
    "mdma-108-02-00.npz": "C",
    "mdma-193-02-00.npz": "C",
    "mdma-198-02-02.npz": "C",
    "mdma-146-02-01.npz": "D",
    "mdma-135-02-00.npz": "D",
    "mdma-181-02-02.npz": "D",
    "mdma-154-02-03.npz": "C",
    "mdma-111-02-00.npz": "B",
    "mdma-190-02-04.npz": "D",
    "mdma-127-02-02.npz": "B",
    "mdma-136-02-04.npz": "D",
    "mdma-188-02-03.npz": "C",
    "mdma-183-02-01.npz": "D",
    "mdma-156-02-00.npz": "B",
    "mdma-118-02-01.npz": "C",
    "mdma-113-02-03.npz": "C",
    "mdma-125-02-01.npz": "A",
    "mdma-128-02-02.npz": "B",
    "mdma-123-02-00.npz": "C",
    "mdma-139-02-04.npz": "B",
    "mdma-115-02-02.npz": "allbad",
    "mdma-150-02-01.npz": "D",
    "mdma-185-02-00.npz": "A",
    "mdma-104-02-04.npz": "A",
    "mdma-121-02-03.npz": "C",
    "mdma-143-02-04.npz": "D",
    "mdma-117-02-01.npz": "C",
    "mdma-159-02-00.npz": "D",
    "mdma-152-02-02.npz": "C",
    "mdma-187-02-03.npz": "B",
    "mdma-133-02-01.npz": "D",
    "mdma-138-02-03.npz": "A",
    "mdma-140-02-00.npz": "A",
    "mdma-195-02-01.npz": "A",
    "mdma-105-02-03.npz": "C",
    "mdma-120-02-04.npz": "B",
    "mdma-131-02-02.npz": "A",
    "mdma-186-02-04.npz": "B",
    "mdma-142-02-03.npz": "D",
    "mdma-149-02-01.npz": "D",
    "mdma-197-02-02.npz": "A",
    "mdma-107-02-00.npz": "A",
    "mdma-100-02-00.npz": "A",
    "mdma-190-02-02.npz": "C",
    "mdma-145-02-03.npz": "B",
    "mdma-181-02-04.npz": "B",
    "mdma-136-02-02.npz": "allbad",
    "mdma-127-02-04.npz": "B",
    "mdma-102-02-03.npz": "D",
    "mdma-109-02-01.npz": "A",
    "mdma-192-02-01.npz": "C",
    "mdma-199-02-03.npz": "C",
    "mdma-147-02-00.npz": "C",
    "mdma-134-02-01.npz": "C",
    "mdma-180-02-03.npz": "D",
    "mdma-155-02-02.npz": "A",
    "mdma-110-02-01.npz": "B",
    "mdma-144-02-04.npz": "A",
    "mdma-126-02-03.npz": "C",
    "mdma-103-02-04.npz": "B",
    "mdma-198-02-04.npz": "B",
    "mdma-189-02-02.npz": "A",
    "mdma-182-02-00.npz": "A",
    "mdma-157-02-01.npz": "A",
    "mdma-119-02-00.npz": "A",
    "mdma-112-02-02.npz": "C",
    "mdma-124-02-00.npz": "B",
    "mdma-129-02-03.npz": "D",
    "mdma-122-02-01.npz": "C",
    "mdma-114-02-03.npz": "A",
    "mdma-151-02-00.npz": "D",
    "mdma-184-02-01.npz": "D",
    "mdma-131-02-04.npz": "A",
    "mdma-120-02-02.npz": "D",
    "mdma-197-02-04.npz": "D",
    "mdma-116-02-00.npz": "B",
    "mdma-158-02-01.npz": "A",
    "mdma-153-02-03.npz": "C",
    "mdma-186-02-02.npz": "C",
    "mdma-132-02-00.npz": "C",
    "mdma-139-02-02.npz": "B",
    "mdma-128-02-04.npz": "A",
    "mdma-141-02-01.npz": "A",
    "mdma-194-02-00.npz": "A",
    "mdma-104-02-02.npz": "A",
    "mdma-115-02-04.npz": "C",
    "mdma-130-02-03.npz": "C",
    "mdma-152-02-04.npz": "A",
    "mdma-143-02-02.npz": "A",
    "mdma-148-02-00.npz": "D",
    "mdma-196-02-03.npz": "A",
    "mdma-106-02-01.npz": "B",
    "mdma-108-02-01.npz": "C",
    "mdma-103-02-03.npz": "A",
    "mdma-198-02-03.npz": "B",
    "mdma-193-02-01.npz": "A",
    "mdma-146-02-00.npz": "A",
    "mdma-135-02-01.npz": "B",
    "mdma-180-02-04.npz": "C",
    "mdma-101-02-00.npz": "A",
    "mdma-191-02-02.npz": "A",
    "mdma-144-02-03.npz": "A",
    "mdma-126-02-04.npz": "D",
    "mdma-137-02-02.npz": "A",
    "mdma-183-02-00.npz": "B",
    "mdma-188-02-02.npz": "A",
    "mdma-156-02-01.npz": "D",
    "mdma-113-02-02.npz": "B",
    "mdma-118-02-00.npz": "D",
    "mdma-102-02-04.npz": "C",
    "mdma-199-02-04.npz": "C",
    "mdma-145-02-04.npz": "D",
    "mdma-181-02-03.npz": "D",
    "mdma-154-02-02.npz": "B",
    "mdma-111-02-01.npz": "C",
    "mdma-127-02-03.npz": "B",
    "mdma-121-02-02.npz": "B",
    "mdma-130-02-04.npz": "B",
    "mdma-117-02-00.npz": "allbad",
    "mdma-152-02-03.npz": "A",
    "mdma-159-02-01.npz": "A",
    "mdma-187-02-02.npz": "B",
    "mdma-196-02-04.npz": "B",
    "mdma-123-02-01.npz": "A",
    "mdma-128-02-03.npz": "D",
    "mdma-115-02-03.npz": "C",
    "mdma-150-02-00.npz": "D",
    "mdma-185-02-01.npz": "A",
    "mdma-131-02-03.npz": "D",
    "mdma-149-02-00.npz": "D",
    "mdma-142-02-02.npz": "B",
    "mdma-197-02-03.npz": "C",
    "mdma-107-02-01.npz": "B",
    "mdma-153-02-04.npz": "C",
    "mdma-129-02-04.npz": "B",
    "mdma-138-02-02.npz": "C",
    "mdma-133-02-00.npz": "B",
    "mdma-114-02-04.npz": "B",
    "mdma-140-02-01.npz": "C",
    "mdma-195-02-00.npz": "D",
    "mdma-105-02-02.npz": "C",
    "mdma-109-02-00.npz": "D",
    "mdma-102-02-02.npz": "B",
    "mdma-199-02-02.npz": "B",
    "mdma-192-02-00.npz": "A",
    "mdma-147-02-01.npz": "D",
    "mdma-188-02-04.npz": "B",
    "mdma-113-02-04.npz": "A",
    "mdma-134-02-00.npz": "A",
    "mdma-154-02-04.npz": "D",
    "mdma-100-02-01.npz": "A",
    "mdma-190-02-03.npz": "A",
    "mdma-145-02-02.npz": "allbad",
    "mdma-136-02-03.npz": "A",
    "mdma-182-02-01.npz": "D",
    "mdma-189-02-03.npz": "A",
    "mdma-157-02-00.npz": "C",
    "mdma-112-02-03.npz": "B",
    "mdma-119-02-01.npz": "B",
    "mdma-124-02-01.npz": "C",
    "mdma-191-02-04.npz": "C",
    "mdma-180-02-02.npz": "A",
    "mdma-155-02-03.npz": "A",
    "mdma-110-02-00.npz": "D",
    "mdma-137-02-04.npz": "A",
    "mdma-126-02-02.npz": "A",
    "mdma-120-02-03.npz": "C",
    "mdma-116-02-01.npz": "A",
    "mdma-153-02-02.npz": "C",
    "mdma-158-02-00.npz": "B",
    "mdma-186-02-03.npz": "A",
    "mdma-142-02-04.npz": "C",
    "mdma-138-02-04.npz": "A",
    "mdma-122-02-00.npz": "C",
    "mdma-129-02-02.npz": "D",
    "mdma-105-02-04.npz": "D",
    "mdma-114-02-02.npz": "A",
    "mdma-151-02-01.npz": "C",
    "mdma-184-02-00.npz": "A",
    "mdma-130-02-02.npz": "C",
    "mdma-121-02-04.npz": "D",
    "mdma-148-02-01.npz": "D",
    "mdma-143-02-03.npz": "A",
    "mdma-196-02-02.npz": "C",
    "mdma-106-02-00.npz": "C",
    "mdma-187-02-04.npz": "A",
    "mdma-139-02-03.npz": "A",
    "mdma-132-02-01.npz": "C",
    "mdma-141-02-00.npz": "D",
    "mdma-194-02-01.npz": "A",
    "mdma-104-02-03.npz": "C"
}