{"mdmu-s00-07-00.npz": "B", "mdmu-s00-07-01.npz": "D", "mdmu-s01-07-00.npz": "A", "mdmu-s01-07-01.npz": "C", "mdmu-s02-07-01.npz": "D", "mdmu-s03-07-00.npz": "C", "mdmu-s03-07-01.npz": "B", "mdmu-s04-07-00.npz": "C", "mdmu-s04-07-01.npz": "C", "mdmu-s05-07-00.npz": "B", "mdmu-s05-07-01.npz": "B", "mdmu-s06-07-00.npz": "A", "mdmu-s06-07-01.npz": "C", "mdmu-s07-07-00.npz": "B", "mdmu-s07-07-01.npz": "C", "mdmu-s08-07-00.npz": "A", "mdmu-s08-07-01.npz": "C", "mdmu-s09-07-00.npz": "A", "mdmu-s09-07-01.npz": "D", "mdmu-s10-07-00.npz": "B", "mdmu-s10-07-01.npz": "A", "mdmu-s11-07-00.npz": "A", "mdmu-s11-07-01.npz": "D", "mdmu-s12-07-00.npz": "A", "mdmu-s12-07-01.npz": "C", "mdmu-s13-07-00.npz": "D", "mdmu-s13-07-01.npz": "C", "mdmu-s14-07-00.npz": "B", "mdmu-s14-07-01.npz": "D", "mdmu-s15-07-00.npz": "B", "mdmu-s15-07-01.npz": "A", "mdmu-s16-07-00.npz": "C", "mdmu-s16-07-01.npz": "C", "mdmu-s17-07-00.npz": "D", "mdmu-s17-07-01.npz": "B", "mdmu-s18-07-00.npz": "C", "mdmu-s18-07-01.npz": "A", "mdmu-s19-07-00.npz": "B", "mdmu-s19-07-01.npz": "A", "mdmu-s20-07-00.npz": "C", "mdmu-s20-07-01.npz": "B", "mdmu-s21-07-00.npz": "B", "mdmu-s21-07-01.npz": "D", "mdmu-s22-07-00.npz": "B", "mdmu-s22-07-01.npz": "B", "mdmu-s23-07-00.npz": "B", "mdmu-s23-07-01.npz": "D", "mdmu-s24-07-00.npz": "A", "mdmu-s24-07-01.npz": "B", "mdmu-s25-07-00.npz": "D", "mdmu-s25-07-01.npz": "B", "mdmu-s26-07-00.npz": "C", "mdmu-s26-07-01.npz": "B", "mdmu-s27-07-00.npz": "A", "mdmu-s27-07-01.npz": "A", "mdmu-s28-07-00.npz": "B", "mdmu-s28-07-01.npz": "A", "mdmu-s29-07-00.npz": "A", "mdmu-s29-07-01.npz": "A", "mdmu-s30-07-00.npz": "D", "mdmu-s30-07-01.npz": "C", "mdmu-s31-07-00.npz": "A", "mdmu-s31-07-01.npz": "A", "mdmu-s32-07-00.npz": "D", "mdmu-s32-07-01.npz": "A", "mdmu-s33-07-00.npz": "C", "mdmu-s33-07-01.npz": "A", "mdmu-s34-07-00.npz": "A", "mdmu-s34-07-01.npz": "A", "mdmu-s35-07-00.npz": "A", "mdmu-s35-07-01.npz": "D", "mdmu-s36-07-00.npz": "C", "mdmu-s36-07-01.npz": "B", "mdmu-s37-07-00.npz": "B", "mdmu-s37-07-01.npz": "D", "mdmu-s38-07-00.npz": "B", "mdmu-s38-07-01.npz": "C", "mdmu-s39-07-00.npz": "B", "mdmu-s39-07-01.npz": "D", "mdmu-s40-07-01.npz": "A", "mdmu-s41-07-00.npz": "B", "mdmu-s41-07-01.npz": "D", "mdmu-s42-07-00.npz": "B", "mdmu-s42-07-01.npz": "C", "mdmu-s43-07-00.npz": "C", "mdmu-s43-07-01.npz": "A", "mdmu-s44-07-00.npz": "D", "mdmu-s44-07-01.npz": "A", "mdmu-s45-07-00.npz": "D", "mdmu-s45-07-01.npz": "D", "mdmu-s46-07-00.npz": "A", "mdmu-s46-07-01.npz": "C", "mdmu-s47-07-00.npz": "C", "mdmu-s47-07-01.npz": "B", "mdmu-s48-07-00.npz": "A", "mdmu-s48-07-01.npz": "D", "mdmu-s49-07-00.npz": "C", "mdmu-s49-07-01.npz": "B", "mdmu-s50-07-01.npz": "D", "mdmu-s51-07-00.npz": "D", "mdmu-s51-07-01.npz": "D", "mdmu-s52-07-00.npz": "C", "mdmu-s52-07-01.npz": "B", "mdmu-s53-07-00.npz": "C", "mdmu-s53-07-01.npz": "A", "mdmu-s54-07-00.npz": "B", "mdmu-s54-07-01.npz": "B", "mdmu-s55-07-00.npz": "D", "mdmu-s55-07-01.npz": "B", "mdmu-s56-07-00.npz": "C", "mdmu-s56-07-01.npz": "B", "mdmu-s57-07-00.npz": "C", "mdmu-s57-07-01.npz": "B", "mdmu-s58-07-00.npz": "A", "mdmu-s58-07-01.npz": "D", "mdmu-s59-07-00.npz": "A", "mdmu-s59-07-01.npz": "A", "mdmu-s60-07-01.npz": "A", "mdmu-s61-07-00.npz": "A", "mdmu-s61-07-01.npz": "C", "mdmu-s62-07-00.npz": "D", "mdmu-s62-07-01.npz": "C", "mdmu-s63-07-00.npz": "D", "mdmu-s63-07-01.npz": "D", "mdmu-s64-07-00.npz": "D", "mdmu-s64-07-01.npz": "C", "mdmu-s65-07-00.npz": "B", "mdmu-s65-07-01.npz": "C", "mdmu-s66-07-00.npz": "C", "mdmu-s66-07-01.npz": "A", "mdmu-s67-07-00.npz": "C", "mdmu-s67-07-01.npz": "B", "mdmu-s68-07-00.npz": "A", "mdmu-s68-07-01.npz": "D", "mdmu-s69-07-00.npz": "D", "mdmu-s69-07-01.npz": "C", "mdmu-s70-07-01.npz": "D", "mdmu-s71-07-00.npz": "B", "mdmu-s71-07-01.npz": "A", "mdmu-s72-07-00.npz": "D", "mdmu-s72-07-01.npz": "B", "mdmu-s73-07-00.npz": "B", "mdmu-s73-07-01.npz": "D", "mdmu-s74-07-00.npz": "C", "mdmu-s74-07-01.npz": "C", "mdmu-s75-07-00.npz": "D", "mdmu-s75-07-01.npz": "A", "mdmu-s76-07-00.npz": "C", "mdmu-s76-07-01.npz": "B", "mdmu-s77-07-00.npz": "A", "mdmu-s77-07-01.npz": "A", "mdmu-s78-07-00.npz": "A", "mdmu-s78-07-01.npz": "D", "mdmu-s79-07-00.npz": "D", "mdmu-s79-07-01.npz": "C", "mdmu-s81-07-00.npz": "C", "mdmu-s81-07-01.npz": "A", "mdmu-s82-07-00.npz": "C", "mdmu-s82-07-01.npz": "C", "mdmu-s83-07-00.npz": "B", "mdmu-s83-07-01.npz": "B", "mdmu-s84-07-00.npz": "D", "mdmu-s84-07-01.npz": "D", "mdmu-s85-07-00.npz": "A", "mdmu-s85-07-01.npz": "D", "mdmu-s86-07-01.npz": "D", "mdmu-s87-07-00.npz": "C", "mdmu-s87-07-01.npz": "C", "mdmu-s88-07-00.npz": "B", "mdmu-s88-07-01.npz": "C", "mdmu-s89-07-00.npz": "D", "mdmu-s89-07-01.npz": "B", "mdmu-s90-07-01.npz": "A", "mdmu-s91-07-00.npz": "A", "mdmu-s91-07-01.npz": "D", "mdmu-s92-07-00.npz": "C", "mdmu-s92-07-01.npz": "A", "mdmu-s93-07-00.npz": "C", "mdmu-s93-07-01.npz": "C", "mdmu-s94-07-00.npz": "A", "mdmu-s94-07-01.npz": "B", "mdmu-s95-07-00.npz": "D", "mdmu-s95-07-01.npz": "C", "mdmu-s96-07-00.npz": "A", "mdmu-s96-07-01.npz": "B", "mdmu-s97-07-00.npz": "B", "mdmu-s97-07-01.npz": "A", "mdmu-s98-07-00.npz": "A", "mdmu-s98-07-01.npz": "C", "mdmu-s99-07-00.npz": "D", "mdmu-s99-07-01.npz": "C"}