{
    "mdmu-s00-38-00.npz": "C",
    "mdmu-s01-38-00.npz": "B",
    "mdmu-s01-38-01.npz": "A",
    "mdmu-s02-38-00.npz": "B",
    "mdmu-s02-38-01.npz": "A",
    "mdmu-s03-38-00.npz": "A",
    "mdmu-s03-38-01.npz": "C",
    "mdmu-s04-38-00.npz": "B",
    "mdmu-s04-38-01.npz": "B",
    "mdmu-s05-38-00.npz": "D",
    "mdmu-s06-38-00.npz": "C",
    "mdmu-s07-38-00.npz": "allbad",
    "mdmu-s07-38-01.npz": "C",
    "mdmu-s08-38-00.npz": "C",
    "mdmu-s08-38-01.npz": "C",
    "mdmu-s09-38-00.npz": "C",
    "mdmu-s09-38-01.npz": "D",
    "mdmu-s10-38-00.npz": "C",
    "mdmu-s10-38-01.npz": "C",
    "mdmu-s11-38-00.npz": "B",
    "mdmu-s11-38-01.npz": "B",
    "mdmu-s12-38-00.npz": "A",
    "mdmu-s12-38-01.npz": "A",
    "mdmu-s13-38-00.npz": "D",
    "mdmu-s13-38-01.npz": "D",
    "mdmu-s14-38-00.npz": "D",
    "mdmu-s14-38-01.npz": "C",
    "mdmu-s15-38-00.npz": "C",
    "mdmu-s15-38-01.npz": "B",
    "mdmu-s16-38-00.npz": "C",
    "mdmu-s16-38-01.npz": "D",
    "mdmu-s17-38-00.npz": "C",
    "mdmu-s17-38-01.npz": "D",
    "mdmu-s18-38-00.npz": "allbad",
    "mdmu-s18-38-01.npz": "D",
    "mdmu-s19-38-00.npz": "B",
    "mdmu-s19-38-01.npz": "A",
    "mdmu-s20-38-00.npz": "D",
    "mdmu-s20-38-01.npz": "A",
    "mdmu-s21-38-00.npz": "B",
    "mdmu-s21-38-01.npz": "C",
    "mdmu-s22-38-00.npz": "D",
    "mdmu-s22-38-01.npz": "A",
    "mdmu-s23-38-00.npz": "B",
    "mdmu-s23-38-01.npz": "B",
    "mdmu-s24-38-00.npz": "B",
    "mdmu-s25-38-00.npz": "A",
    "mdmu-s25-38-01.npz": "D",
    "mdmu-s26-38-00.npz": "B",
    "mdmu-s26-38-01.npz": "A",
    "mdmu-s27-38-00.npz": "D",
    "mdmu-s27-38-01.npz": "C",
    "mdmu-s28-38-00.npz": "A",
    "mdmu-s28-38-01.npz": "A",
    "mdmu-s29-38-00.npz": "D",
    "mdmu-s29-38-01.npz": "C",
    "mdmu-s30-38-00.npz": "D",
    "mdmu-s30-38-01.npz": "D",
    "mdmu-s31-38-00.npz": "D",
    "mdmu-s31-38-01.npz": "D",
    "mdmu-s32-38-00.npz": "B",
    "mdmu-s32-38-01.npz": "B",
    "mdmu-s33-38-00.npz": "D",
    "mdmu-s33-38-01.npz": "C",
    "mdmu-s34-38-00.npz": "A",
    "mdmu-s34-38-01.npz": "A",
    "mdmu-s35-38-00.npz": "C",
    "mdmu-s35-38-01.npz": "C",
    "mdmu-s36-38-00.npz": "allbad",
    "mdmu-s36-38-01.npz": "A",
    "mdmu-s37-38-00.npz": "D",
    "mdmu-s37-38-01.npz": "D",
    "mdmu-s38-38-00.npz": "B",
    "mdmu-s38-38-01.npz": "D",
    "mdmu-s39-38-00.npz": "A",
    "mdmu-s39-38-01.npz": "B",
    "mdmu-s40-38-01.npz": "B",
    "mdmu-s41-38-00.npz": "D",
    "mdmu-s41-38-01.npz": "A",
    "mdmu-s42-38-00.npz": "D",
    "mdmu-s42-38-01.npz": "A",
    "mdmu-s43-38-00.npz": "C",
    "mdmu-s43-38-01.npz": "A",
    "mdmu-s44-38-00.npz": "C",
    "mdmu-s44-38-01.npz": "B",
    "mdmu-s45-38-00.npz": "C",
    "mdmu-s45-38-01.npz": "A",
    "mdmu-s46-38-00.npz": "D",
    "mdmu-s46-38-01.npz": "B",
    "mdmu-s47-38-00.npz": "B",
    "mdmu-s47-38-01.npz": "A",
    "mdmu-s48-38-00.npz": "C",
    "mdmu-s48-38-01.npz": "D",
    "mdmu-s49-38-00.npz": "A",
    "mdmu-s49-38-01.npz": "A",
    "mdmu-s50-38-01.npz": "C",
    "mdmu-s51-38-00.npz": "C",
    "mdmu-s51-38-01.npz": "A",
    "mdmu-s52-38-00.npz": "A",
    "mdmu-s52-38-01.npz": "C",
    "mdmu-s53-38-00.npz": "C",
    "mdmu-s53-38-01.npz": "B",
    "mdmu-s54-38-00.npz": "B",
    "mdmu-s54-38-01.npz": "A",
    "mdmu-s55-38-00.npz": "B",
    "mdmu-s55-38-01.npz": "D",
    "mdmu-s56-38-00.npz": "allbad",
    "mdmu-s56-38-01.npz": "B",
    "mdmu-s57-38-00.npz": "D",
    "mdmu-s57-38-01.npz": "C",
    "mdmu-s58-38-00.npz": "B",
    "mdmu-s59-38-00.npz": "D",
    "mdmu-s59-38-01.npz": "D",
    "mdmu-s60-38-01.npz": "A",
    "mdmu-s61-38-00.npz": "C",
    "mdmu-s61-38-01.npz": "B",
    "mdmu-s62-38-00.npz": "C",
    "mdmu-s62-38-01.npz": "C",
    "mdmu-s63-38-00.npz": "C",
    "mdmu-s63-38-01.npz": "C",
    "mdmu-s64-38-00.npz": "B",
    "mdmu-s64-38-01.npz": "A",
    "mdmu-s65-38-00.npz": "C",
    "mdmu-s65-38-01.npz": "D",
    "mdmu-s66-38-00.npz": "C",
    "mdmu-s66-38-01.npz": "B",
    "mdmu-s67-38-00.npz": "B",
    "mdmu-s67-38-01.npz": "C",
    "mdmu-s68-38-00.npz": "D",
    "mdmu-s68-38-01.npz": "A",
    "mdmu-s69-38-00.npz": "B",
    "mdmu-s69-38-01.npz": "B",
    "mdmu-s70-38-01.npz": "D",
    "mdmu-s71-38-00.npz": "B",
    "mdmu-s71-38-01.npz": "A",
    "mdmu-s72-38-00.npz": "B",
    "mdmu-s72-38-01.npz": "A",
    "mdmu-s73-38-00.npz": "D",
    "mdmu-s73-38-01.npz": "D",
    "mdmu-s74-38-00.npz": "C",
    "mdmu-s74-38-01.npz": "D",
    "mdmu-s75-38-00.npz": "A",
    "mdmu-s75-38-01.npz": "B",
    "mdmu-s76-38-00.npz": "B",
    "mdmu-s76-38-01.npz": "A",
    "mdmu-s77-38-00.npz": "D",
    "mdmu-s77-38-01.npz": "C",
    "mdmu-s78-38-00.npz": "C",
    "mdmu-s78-38-01.npz": "C",
    "mdmu-s79-38-00.npz": "C",
    "mdmu-s79-38-01.npz": "B",
    "mdmu-s80-38-01.npz": "A",
    "mdmu-s81-38-00.npz": "B",
    "mdmu-s81-38-01.npz": "C",
    "mdmu-s82-38-00.npz": "A",
    "mdmu-s82-38-01.npz": "D",
    "mdmu-s83-38-01.npz": "A",
    "mdmu-s84-38-00.npz": "D",
    "mdmu-s84-38-01.npz": "C",
    "mdmu-s85-38-00.npz": "C",
    "mdmu-s85-38-01.npz": "B",
    "mdmu-s86-38-00.npz": "C",
    "mdmu-s86-38-01.npz": "D",
    "mdmu-s87-38-00.npz": "C",
    "mdmu-s87-38-01.npz": "B",
    "mdmu-s88-38-00.npz": "A",
    "mdmu-s88-38-01.npz": "C",
    "mdmu-s89-38-00.npz": "C",
    "mdmu-s89-38-01.npz": "D",
    "mdmu-s90-38-01.npz": "A",
    "mdmu-s91-38-00.npz": "A",
    "mdmu-s91-38-01.npz": "D",
    "mdmu-s92-38-00.npz": "D",
    "mdmu-s92-38-01.npz": "B",
    "mdmu-s93-38-00.npz": "A",
    "mdmu-s93-38-01.npz": "A",
    "mdmu-s94-38-00.npz": "C",
    "mdmu-s94-38-01.npz": "D",
    "mdmu-s95-38-00.npz": "D",
    "mdmu-s95-38-01.npz": "A",
    "mdmu-s96-38-00.npz": "A",
    "mdmu-s96-38-01.npz": "D",
    "mdmu-s97-38-00.npz": "A",
    "mdmu-s97-38-01.npz": "C",
    "mdmu-s98-38-00.npz": "A",
    "mdmu-s98-38-01.npz": "D",
    "mdmu-s99-38-00.npz": "B",
    "mdmu-s99-38-01.npz": "D"
}