{
    "mdmu-s00-27-00.npz": "allbad",
    "mdmu-s00-27-01.npz": "allbad",
    "mdmu-s01-27-00.npz": "B",
    "mdmu-s01-27-01.npz": "A",
    "mdmu-s02-27-01.npz": "B",
    "mdmu-s04-27-00.npz": "B",
    "mdmu-s04-27-01.npz": "C",
    "mdmu-s05-27-00.npz": "A",
    "mdmu-s06-27-00.npz": "D",
    "mdmu-s06-27-01.npz": "C",
    "mdmu-s07-27-00.npz": "B",
    "mdmu-s08-27-00.npz": "B",
    "mdmu-s08-27-01.npz": "C",
    "mdmu-s09-27-00.npz": "D",
    "mdmu-s10-27-00.npz": "allbad",
    "mdmu-s10-27-01.npz": "allbad",
    "mdmu-s11-27-00.npz": "D",
    "mdmu-s12-27-00.npz": "C",
    "mdmu-s12-27-01.npz": "A",
    "mdmu-s13-27-00.npz": "allbad",
    "mdmu-s13-27-01.npz": "A",
    "mdmu-s14-27-00.npz": "A",
    "mdmu-s14-27-01.npz": "A",
    "mdmu-s15-27-00.npz": "A",
    "mdmu-s15-27-01.npz": "D",
    "mdmu-s16-27-00.npz": "A",
    "mdmu-s16-27-01.npz": "B",
    "mdmu-s17-27-00.npz": "allbad",
    "mdmu-s17-27-01.npz": "D",
    "mdmu-s18-27-00.npz": "B",
    "mdmu-s18-27-01.npz": "allbad",
    "mdmu-s19-27-00.npz": "B",
    "mdmu-s19-27-01.npz": "C",
    "mdmu-s20-27-00.npz": "C",
    "mdmu-s20-27-01.npz": "C",
    "mdmu-s21-27-00.npz": "A",
    "mdmu-s21-27-01.npz": "C",
    "mdmu-s22-27-01.npz": "C",
    "mdmu-s23-27-00.npz": "C",
    "mdmu-s24-27-00.npz": "A",
    "mdmu-s24-27-01.npz": "C",
    "mdmu-s25-27-00.npz": "C",
    "mdmu-s26-27-00.npz": "D",
    "mdmu-s26-27-01.npz": "A",
    "mdmu-s27-27-01.npz": "A",
    "mdmu-s28-27-00.npz": "A",
    "mdmu-s28-27-01.npz": "C",
    "mdmu-s29-27-00.npz": "C",
    "mdmu-s29-27-01.npz": "A",
    "mdmu-s30-27-00.npz": "A",
    "mdmu-s30-27-01.npz": "D",
    "mdmu-s31-27-01.npz": "D",
    "mdmu-s32-27-00.npz": "B",
    "mdmu-s32-27-01.npz": "D",
    "mdmu-s33-27-00.npz": "C",
    "mdmu-s33-27-01.npz": "D",
    "mdmu-s34-27-00.npz": "B",
    "mdmu-s34-27-01.npz": "C",
    "mdmu-s35-27-00.npz": "C",
    "mdmu-s36-27-00.npz": "B",
    "mdmu-s36-27-01.npz": "B",
    "mdmu-s37-27-00.npz": "D",
    "mdmu-s37-27-01.npz": "A",
    "mdmu-s38-27-00.npz": "C",
    "mdmu-s38-27-01.npz": "B",
    "mdmu-s39-27-00.npz": "C",
    "mdmu-s39-27-01.npz": "C",
    "mdmu-s42-27-01.npz": "C",
    "mdmu-s43-27-00.npz": "allbad",
    "mdmu-s44-27-00.npz": "C",
    "mdmu-s45-27-00.npz": "allbad",
    "mdmu-s45-27-01.npz": "A",
    "mdmu-s46-27-00.npz": "allbad",
    "mdmu-s46-27-01.npz": "A",
    "mdmu-s47-27-00.npz": "C",
    "mdmu-s47-27-01.npz": "A",
    "mdmu-s48-27-00.npz": "allbad",
    "mdmu-s48-27-01.npz": "D",
    "mdmu-s49-27-00.npz": "allbad",
    "mdmu-s49-27-01.npz": "D",
    "mdmu-s50-27-01.npz": "B",
    "mdmu-s51-27-00.npz": "B",
    "mdmu-s51-27-01.npz": "A",
    "mdmu-s52-27-00.npz": "B",
    "mdmu-s52-27-01.npz": "A",
    "mdmu-s53-27-00.npz": "allbad",
    "mdmu-s53-27-01.npz": "B",
    "mdmu-s54-27-00.npz": "C",
    "mdmu-s54-27-01.npz": "D",
    "mdmu-s55-27-00.npz": "D",
    "mdmu-s55-27-01.npz": "C",
    "mdmu-s56-27-00.npz": "C",
    "mdmu-s56-27-01.npz": "D",
    "mdmu-s57-27-00.npz": "C",
    "mdmu-s57-27-01.npz": "B",
    "mdmu-s58-27-00.npz": "D",
    "mdmu-s58-27-01.npz": "B",
    "mdmu-s59-27-00.npz": "C",
    "mdmu-s59-27-01.npz": "B",
    "mdmu-s60-27-01.npz": "D",
    "mdmu-s61-27-00.npz": "C",
    "mdmu-s61-27-01.npz": "A",
    "mdmu-s62-27-00.npz": "D",
    "mdmu-s62-27-01.npz": "B",
    "mdmu-s63-27-00.npz": "B",
    "mdmu-s63-27-01.npz": "B",
    "mdmu-s64-27-00.npz": "B",
    "mdmu-s64-27-01.npz": "C",
    "mdmu-s65-27-00.npz": "C",
    "mdmu-s65-27-01.npz": "A",
    "mdmu-s66-27-00.npz": "A",
    "mdmu-s66-27-01.npz": "allbad",
    "mdmu-s67-27-00.npz": "A",
    "mdmu-s67-27-01.npz": "allbad",
    "mdmu-s68-27-00.npz": "A",
    "mdmu-s68-27-01.npz": "C",
    "mdmu-s69-27-00.npz": "C",
    "mdmu-s69-27-01.npz": "A",
    "mdmu-s70-27-01.npz": "D",
    "mdmu-s71-27-00.npz": "C",
    "mdmu-s71-27-01.npz": "C",
    "mdmu-s72-27-00.npz": "C",
    "mdmu-s72-27-01.npz": "A",
    "mdmu-s73-27-00.npz": "C",
    "mdmu-s73-27-01.npz": "A",
    "mdmu-s74-27-00.npz": "A",
    "mdmu-s74-27-01.npz": "D",
    "mdmu-s75-27-00.npz": "D",
    "mdmu-s75-27-01.npz": "A",
    "mdmu-s76-27-00.npz": "B",
    "mdmu-s76-27-01.npz": "allbad",
    "mdmu-s77-27-00.npz": "A",
    "mdmu-s78-27-00.npz": "D",
    "mdmu-s78-27-01.npz": "C",
    "mdmu-s79-27-00.npz": "B",
    "mdmu-s79-27-01.npz": "B",
    "mdmu-s80-27-01.npz": "C",
    "mdmu-s81-27-00.npz": "A",
    "mdmu-s81-27-01.npz": "A",
    "mdmu-s82-27-01.npz": "A",
    "mdmu-s83-27-00.npz": "C",
    "mdmu-s83-27-01.npz": "C",
    "mdmu-s84-27-00.npz": "A",
    "mdmu-s84-27-01.npz": "B",
    "mdmu-s85-27-00.npz": "C",
    "mdmu-s85-27-01.npz": "D",
    "mdmu-s86-27-00.npz": "B",
    "mdmu-s86-27-01.npz": "B",
    "mdmu-s87-27-00.npz": "allbad",
    "mdmu-s87-27-01.npz": "A",
    "mdmu-s88-27-00.npz": "B",
    "mdmu-s88-27-01.npz": "B",
    "mdmu-s89-27-00.npz": "A",
    "mdmu-s89-27-01.npz": "A",
    "mdmu-s90-27-01.npz": "A",
    "mdmu-s91-27-00.npz": "D",
    "mdmu-s91-27-01.npz": "C",
    "mdmu-s92-27-00.npz": "A",
    "mdmu-s92-27-01.npz": "B",
    "mdmu-s93-27-00.npz": "A",
    "mdmu-s93-27-01.npz": "C",
    "mdmu-s94-27-00.npz": "D",
    "mdmu-s94-27-01.npz": "D",
    "mdmu-s95-27-00.npz": "A",
    "mdmu-s95-27-01.npz": "C",
    "mdmu-s96-27-00.npz": "A",
    "mdmu-s96-27-01.npz": "B",
    "mdmu-s97-27-00.npz": "C",
    "mdmu-s97-27-01.npz": "C",
    "mdmu-s98-27-00.npz": "A",
    "mdmu-s98-27-01.npz": "D",
    "mdmu-s99-27-00.npz": "C",
    "mdmu-s99-27-01.npz": "allbad"
}