{"mdmu-s00-33-01.npz": "D", "mdmu-s01-33-00.npz": "D", "mdmu-s01-33-01.npz": "C", "mdmu-s02-33-00.npz": "D", "mdmu-s02-33-01.npz": "D", "mdmu-s03-33-00.npz": "A", "mdmu-s03-33-01.npz": "C", "mdmu-s04-33-00.npz": "B", "mdmu-s05-33-00.npz": "A", "mdmu-s05-33-01.npz": "B", "mdmu-s06-33-00.npz": "D", "mdmu-s06-33-01.npz": "D", "mdmu-s07-33-01.npz": "D", "mdmu-s08-33-00.npz": "C", "mdmu-s08-33-01.npz": "C", "mdmu-s09-33-00.npz": "B", "mdmu-s09-33-01.npz": "B", "mdmu-s10-33-00.npz": "B", "mdmu-s11-33-00.npz": "A", "mdmu-s11-33-01.npz": "B", "mdmu-s12-33-00.npz": "C", "mdmu-s12-33-01.npz": "B", "mdmu-s13-33-00.npz": "C", "mdmu-s13-33-01.npz": "D", "mdmu-s14-33-00.npz": "B", "mdmu-s14-33-01.npz": "A", "mdmu-s15-33-00.npz": "B", "mdmu-s15-33-01.npz": "A", "mdmu-s16-33-00.npz": "B", "mdmu-s16-33-01.npz": "B", "mdmu-s17-33-00.npz": "C", "mdmu-s17-33-01.npz": "A", "mdmu-s18-33-00.npz": "B", "mdmu-s18-33-01.npz": "B", "mdmu-s19-33-00.npz": "A", "mdmu-s19-33-01.npz": "B", "mdmu-s20-33-00.npz": "A", "mdmu-s20-33-01.npz": "C", "mdmu-s21-33-00.npz": "C", "mdmu-s21-33-01.npz": "A", "mdmu-s22-33-00.npz": "B", "mdmu-s22-33-01.npz": "C", "mdmu-s23-33-00.npz": "D", "mdmu-s23-33-01.npz": "C", "mdmu-s24-33-00.npz": "D", "mdmu-s24-33-01.npz": "C", "mdmu-s25-33-01.npz": "B", "mdmu-s26-33-00.npz": "C", "mdmu-s26-33-01.npz": "A", "mdmu-s27-33-00.npz": "D", "mdmu-s27-33-01.npz": "B", "mdmu-s28-33-00.npz": "B", "mdmu-s28-33-01.npz": "A", "mdmu-s29-33-00.npz": "D", "mdmu-s29-33-01.npz": "B", "mdmu-s30-33-00.npz": "D", "mdmu-s30-33-01.npz": "C", "mdmu-s31-33-00.npz": "D", "mdmu-s31-33-01.npz": "C", "mdmu-s32-33-00.npz": "D", "mdmu-s32-33-01.npz": "D", "mdmu-s33-33-00.npz": "C", "mdmu-s33-33-01.npz": "D", "mdmu-s34-33-00.npz": "A", "mdmu-s34-33-01.npz": "A", "mdmu-s35-33-00.npz": "D", "mdmu-s35-33-01.npz": "D", "mdmu-s36-33-00.npz": "A", "mdmu-s36-33-01.npz": "A", "mdmu-s37-33-00.npz": "D", "mdmu-s37-33-01.npz": "C", "mdmu-s38-33-00.npz": "A", "mdmu-s38-33-01.npz": "C", "mdmu-s39-33-00.npz": "A", "mdmu-s39-33-01.npz": "C", "mdmu-s40-33-01.npz": "C", "mdmu-s41-33-00.npz": "D", "mdmu-s41-33-01.npz": "A", "mdmu-s42-33-00.npz": "A", "mdmu-s42-33-01.npz": "D", "mdmu-s43-33-00.npz": "A", "mdmu-s43-33-01.npz": "A", "mdmu-s44-33-00.npz": "B", "mdmu-s44-33-01.npz": "D", "mdmu-s45-33-00.npz": "C", "mdmu-s45-33-01.npz": "C", "mdmu-s46-33-00.npz": "B", "mdmu-s46-33-01.npz": "D", "mdmu-s47-33-00.npz": "D", "mdmu-s47-33-01.npz": "C", "mdmu-s48-33-00.npz": "D", "mdmu-s48-33-01.npz": "A", "mdmu-s49-33-00.npz": "D", "mdmu-s49-33-01.npz": "D", "mdmu-s50-33-01.npz": "A", "mdmu-s51-33-00.npz": "A", "mdmu-s51-33-01.npz": "A", "mdmu-s52-33-00.npz": "A", "mdmu-s52-33-01.npz": "B", "mdmu-s53-33-00.npz": "A", "mdmu-s53-33-01.npz": "C", "mdmu-s54-33-00.npz": "D", "mdmu-s54-33-01.npz": "A", "mdmu-s55-33-00.npz": "D", "mdmu-s55-33-01.npz": "B", "mdmu-s56-33-00.npz": "D", "mdmu-s56-33-01.npz": "D", "mdmu-s57-33-00.npz": "D", "mdmu-s57-33-01.npz": "C", "mdmu-s58-33-00.npz": "C", "mdmu-s58-33-01.npz": "B", "mdmu-s59-33-00.npz": "D", "mdmu-s59-33-01.npz": "C", "mdmu-s60-33-01.npz": "A", "mdmu-s61-33-00.npz": "D", "mdmu-s61-33-01.npz": "B", "mdmu-s62-33-00.npz": "A", "mdmu-s62-33-01.npz": "A", "mdmu-s63-33-00.npz": "D", "mdmu-s63-33-01.npz": "D", "mdmu-s64-33-00.npz": "C", "mdmu-s64-33-01.npz": "B", "mdmu-s65-33-00.npz": "D", "mdmu-s65-33-01.npz": "B", "mdmu-s66-33-00.npz": "A", "mdmu-s66-33-01.npz": "D", "mdmu-s67-33-00.npz": "A", "mdmu-s67-33-01.npz": "B", "mdmu-s68-33-00.npz": "C", "mdmu-s68-33-01.npz": "B", "mdmu-s69-33-00.npz": "A", "mdmu-s69-33-01.npz": "D", "mdmu-s70-33-01.npz": "B", "mdmu-s71-33-00.npz": "A", "mdmu-s71-33-01.npz": "B", "mdmu-s72-33-00.npz": "B", "mdmu-s72-33-01.npz": "D", "mdmu-s73-33-00.npz": "A", "mdmu-s73-33-01.npz": "B", "mdmu-s74-33-00.npz": "D", "mdmu-s74-33-01.npz": "A", "mdmu-s75-33-00.npz": "C", "mdmu-s75-33-01.npz": "A", "mdmu-s76-33-00.npz": "C", "mdmu-s76-33-01.npz": "C", "mdmu-s77-33-00.npz": "A", "mdmu-s77-33-01.npz": "B", "mdmu-s78-33-00.npz": "B", "mdmu-s78-33-01.npz": "C", "mdmu-s79-33-00.npz": "C", "mdmu-s79-33-01.npz": "C", "mdmu-s80-33-01.npz": "D", "mdmu-s81-33-00.npz": "C", "mdmu-s81-33-01.npz": "B", "mdmu-s82-33-00.npz": "B", "mdmu-s82-33-01.npz": "A", "mdmu-s83-33-00.npz": "C", "mdmu-s83-33-01.npz": "C", "mdmu-s84-33-01.npz": "B", "mdmu-s85-33-00.npz": "D", "mdmu-s85-33-01.npz": "B", "mdmu-s86-33-00.npz": "C", "mdmu-s86-33-01.npz": "A", "mdmu-s87-33-00.npz": "B", "mdmu-s87-33-01.npz": "B", "mdmu-s88-33-00.npz": "A", "mdmu-s88-33-01.npz": "A", "mdmu-s89-33-00.npz": "A", "mdmu-s89-33-01.npz": "C", "mdmu-s90-33-01.npz": "A", "mdmu-s91-33-00.npz": "A", "mdmu-s91-33-01.npz": "D", "mdmu-s92-33-00.npz": "B", "mdmu-s92-33-01.npz": "A", "mdmu-s93-33-00.npz": "A", "mdmu-s93-33-01.npz": "A", "mdmu-s94-33-00.npz": "A", "mdmu-s94-33-01.npz": "D", "mdmu-s95-33-00.npz": "A", "mdmu-s95-33-01.npz": "D", "mdmu-s96-33-00.npz": "B", "mdmu-s96-33-01.npz": "D", "mdmu-s97-33-00.npz": "C", "mdmu-s97-33-01.npz": "A", "mdmu-s98-33-00.npz": "C", "mdmu-s98-33-01.npz": "B", "mdmu-s99-33-00.npz": "C", "mdmu-s99-33-01.npz": "B"}