{"mdma-s10-08-00.npz": "C", "mdma-s10-08-01.npz": "B", "mdma-s10-08-02.npz": "A", "mdma-s10-08-03.npz": "B", "mdma-s10-08-04.npz": "B", "mdma-s11-08-00.npz": "A", "mdma-s11-08-01.npz": "A", "mdma-s11-08-02.npz": "B", "mdma-s11-08-03.npz": "C", "mdma-s11-08-04.npz": "C", "mdma-s12-08-00.npz": "D", "mdma-s12-08-01.npz": "C", "mdma-s12-08-02.npz": "C", "mdma-s12-08-03.npz": "A", "mdma-s12-08-04.npz": "B", "mdma-s13-08-00.npz": "C", "mdma-s13-08-01.npz": "B", "mdma-s13-08-02.npz": "B", "mdma-s13-08-03.npz": "B", "mdma-s14-08-00.npz": "D", "mdma-s14-08-01.npz": "C", "mdma-s14-08-02.npz": "C", "mdma-s14-08-03.npz": "B", "mdma-s14-08-04.npz": "D", "mdma-s15-08-00.npz": "A", "mdma-s15-08-01.npz": "D", "mdma-s15-08-02.npz": "C", "mdma-s15-08-03.npz": "D", "mdma-s15-08-04.npz": "B", "mdma-s16-08-00.npz": "C", "mdma-s16-08-01.npz": "B", "mdma-s16-08-02.npz": "D", "mdma-s16-08-03.npz": "B", "mdma-s16-08-04.npz": "C", "mdma-s17-08-00.npz": "B", "mdma-s17-08-01.npz": "B", "mdma-s17-08-02.npz": "B", "mdma-s17-08-03.npz": "A", "mdma-s17-08-04.npz": "D", "mdma-s18-08-00.npz": "B", "mdma-s18-08-01.npz": "B", "mdma-s18-08-02.npz": "D", "mdma-s18-08-03.npz": "B", "mdma-s18-08-04.npz": "B", "mdma-s19-08-00.npz": "B", "mdma-s19-08-01.npz": "C", "mdma-s19-08-02.npz": "B", "mdma-s19-08-03.npz": "D", "mdma-s19-08-04.npz": "B", "mdma-s40-08-01.npz": "C", "mdma-s40-08-02.npz": "B", "mdma-s40-08-03.npz": "A", "mdma-s40-08-04.npz": "D", "mdma-s41-08-00.npz": "C", "mdma-s41-08-01.npz": "B", "mdma-s41-08-02.npz": "A", "mdma-s41-08-03.npz": "D", "mdma-s41-08-04.npz": "D", "mdma-s42-08-00.npz": "A", "mdma-s42-08-01.npz": "C", "mdma-s42-08-02.npz": "C", "mdma-s42-08-03.npz": "B", "mdma-s42-08-04.npz": "B", "mdma-s43-08-00.npz": "B", "mdma-s43-08-01.npz": "C", "mdma-s43-08-02.npz": "C", "mdma-s43-08-03.npz": "C", "mdma-s43-08-04.npz": "C", "mdma-s44-08-00.npz": "A", "mdma-s44-08-01.npz": "B", "mdma-s44-08-02.npz": "B", "mdma-s44-08-03.npz": "C", "mdma-s44-08-04.npz": "B", "mdma-s45-08-00.npz": "B", "mdma-s45-08-01.npz": "D", "mdma-s45-08-02.npz": "A", "mdma-s45-08-03.npz": "B", "mdma-s45-08-04.npz": "B", "mdma-s46-08-00.npz": "D", "mdma-s46-08-01.npz": "C", "mdma-s46-08-02.npz": "C", "mdma-s46-08-03.npz": "B", "mdma-s46-08-04.npz": "C", "mdma-s47-08-00.npz": "D", "mdma-s47-08-01.npz": "A", "mdma-s47-08-02.npz": "A", "mdma-s47-08-03.npz": "C", "mdma-s47-08-04.npz": "D", "mdma-s48-08-00.npz": "B", "mdma-s48-08-01.npz": "A", "mdma-s48-08-02.npz": "D", "mdma-s48-08-03.npz": "A", "mdma-s48-08-04.npz": "A", "mdma-s49-08-00.npz": "B", "mdma-s49-08-01.npz": "B", "mdma-s49-08-02.npz": "B", "mdma-s49-08-03.npz": "C", "mdma-s49-08-04.npz": "B", "mdma-s50-08-01.npz": "C", "mdma-s50-08-02.npz": "D", "mdma-s50-08-03.npz": "A", "mdma-s50-08-04.npz": "A", "mdma-s51-08-00.npz": "B", "mdma-s51-08-01.npz": "A", "mdma-s51-08-02.npz": "B", "mdma-s51-08-03.npz": "C", "mdma-s51-08-04.npz": "B", "mdma-s52-08-00.npz": "C", "mdma-s52-08-01.npz": "A", "mdma-s52-08-02.npz": "A", "mdma-s52-08-03.npz": "C", "mdma-s52-08-04.npz": "D", "mdma-s53-08-00.npz": "D", "mdma-s53-08-01.npz": "C", "mdma-s53-08-02.npz": "C", "mdma-s53-08-03.npz": "C", "mdma-s53-08-04.npz": "C", "mdma-s54-08-00.npz": "C", "mdma-s54-08-01.npz": "B", "mdma-s54-08-02.npz": "B", "mdma-s54-08-03.npz": "B", "mdma-s54-08-04.npz": "C", "mdma-s55-08-00.npz": "C", "mdma-s55-08-01.npz": "B", "mdma-s55-08-02.npz": "B", "mdma-s55-08-03.npz": "C", "mdma-s55-08-04.npz": "C", "mdma-s56-08-00.npz": "C", "mdma-s56-08-01.npz": "C", "mdma-s56-08-02.npz": "B", "mdma-s56-08-03.npz": "B", "mdma-s56-08-04.npz": "C", "mdma-s57-08-00.npz": "A", "mdma-s57-08-01.npz": "B", "mdma-s57-08-02.npz": "B", "mdma-s57-08-03.npz": "D", "mdma-s57-08-04.npz": "B", "mdma-s58-08-00.npz": "D", "mdma-s58-08-01.npz": "A", "mdma-s58-08-02.npz": "C", "mdma-s58-08-03.npz": "D", "mdma-s58-08-04.npz": "C", "mdma-s59-08-00.npz": "B", "mdma-s59-08-01.npz": "C", "mdma-s59-08-02.npz": "A", "mdma-s59-08-03.npz": "A", "mdma-s59-08-04.npz": "D", "mdma-s60-08-01.npz": "D", "mdma-s60-08-02.npz": "B", "mdma-s60-08-03.npz": "C", "mdma-s60-08-04.npz": "B", "mdma-s61-08-00.npz": "A", "mdma-s61-08-01.npz": "A", "mdma-s61-08-02.npz": "B", "mdma-s61-08-03.npz": "D", "mdma-s61-08-04.npz": "B", "mdma-s62-08-00.npz": "C", "mdma-s62-08-01.npz": "D", "mdma-s62-08-02.npz": "C", "mdma-s62-08-03.npz": "B", "mdma-s62-08-04.npz": "B", "mdma-s63-08-00.npz": "B", "mdma-s63-08-01.npz": "B", "mdma-s63-08-02.npz": "D", "mdma-s63-08-03.npz": "D", "mdma-s63-08-04.npz": "C", "mdma-s64-08-00.npz": "C", "mdma-s64-08-01.npz": "B", "mdma-s64-08-02.npz": "D", "mdma-s64-08-03.npz": "B", "mdma-s64-08-04.npz": "B", "mdma-s65-08-00.npz": "D", "mdma-s65-08-01.npz": "C", "mdma-s65-08-02.npz": "D", "mdma-s65-08-03.npz": "C", "mdma-s65-08-04.npz": "B", "mdma-s66-08-00.npz": "D", "mdma-s66-08-01.npz": "B", "mdma-s66-08-02.npz": "B", "mdma-s66-08-03.npz": "D", "mdma-s66-08-04.npz": "B", "mdma-s67-08-00.npz": "B", "mdma-s67-08-01.npz": "C", "mdma-s67-08-02.npz": "A", "mdma-s67-08-04.npz": "C", "mdma-s68-08-01.npz": "C", "mdma-s68-08-02.npz": "C", "mdma-s68-08-03.npz": "B", "mdma-s69-08-01.npz": "C", "mdma-s69-08-02.npz": "D", "mdma-s69-08-03.npz": "C", "mdma-s69-08-04.npz": "D", "mdma-s70-08-01.npz": "D", "mdma-s70-08-02.npz": "A", "mdma-s70-08-03.npz": "D", "mdma-s70-08-04.npz": "D", "mdma-s71-08-00.npz": "D", "mdma-s71-08-02.npz": "B", "mdma-s71-08-03.npz": "A", "mdma-s71-08-04.npz": "C", "mdma-s72-08-00.npz": "D", "mdma-s72-08-01.npz": "A", "mdma-s72-08-02.npz": "B", "mdma-s72-08-03.npz": "B", "mdma-s72-08-04.npz": "D", "mdma-s73-08-00.npz": "B", "mdma-s73-08-01.npz": "B", "mdma-s73-08-03.npz": "A", "mdma-s73-08-04.npz": "D", "mdma-s74-08-00.npz": "A", "mdma-s74-08-01.npz": "A", "mdma-s74-08-02.npz": "A", "mdma-s74-08-03.npz": "A", "mdma-s74-08-04.npz": "D", "mdma-s75-08-00.npz": "C", "mdma-s75-08-01.npz": "B", "mdma-s75-08-02.npz": "B", "mdma-s75-08-03.npz": "C", "mdma-s75-08-04.npz": "D", "mdma-s76-08-01.npz": "C", "mdma-s76-08-02.npz": "C", "mdma-s76-08-04.npz": "B", "mdma-s77-08-00.npz": "A", "mdma-s77-08-01.npz": "B", "mdma-s77-08-02.npz": "B", "mdma-s77-08-03.npz": "B", "mdma-s77-08-04.npz": "B", "mdma-s78-08-00.npz": "A", "mdma-s78-08-01.npz": "C", "mdma-s78-08-02.npz": "B", "mdma-s78-08-03.npz": "C", "mdma-s78-08-04.npz": "C", "mdma-s79-08-00.npz": "A", "mdma-s79-08-01.npz": "A", "mdma-s79-08-02.npz": "B", "mdma-s79-08-03.npz": "A", "mdma-s79-08-04.npz": "D", "mdma-s80-08-01.npz": "B", "mdma-s80-08-02.npz": "A", "mdma-s80-08-03.npz": "A", "mdma-s80-08-04.npz": "B", "mdma-s81-08-00.npz": "C", "mdma-s81-08-01.npz": "C", "mdma-s81-08-02.npz": "A", "mdma-s81-08-03.npz": "C", "mdma-s81-08-04.npz": "A", "mdma-s82-08-00.npz": "C", "mdma-s82-08-01.npz": "C", "mdma-s82-08-02.npz": "D", "mdma-s82-08-03.npz": "B", "mdma-s82-08-04.npz": "B", "mdma-s83-08-00.npz": "D", "mdma-s83-08-01.npz": "B", "mdma-s83-08-02.npz": "A", "mdma-s83-08-03.npz": "A", "mdma-s83-08-04.npz": "A", "mdma-s84-08-00.npz": "A", "mdma-s84-08-01.npz": "C", "mdma-s84-08-02.npz": "B", "mdma-s84-08-03.npz": "A", "mdma-s84-08-04.npz": "A", "mdma-s85-08-00.npz": "A", "mdma-s85-08-01.npz": "D", "mdma-s85-08-02.npz": "C", "mdma-s85-08-03.npz": "C", "mdma-s85-08-04.npz": "C", "mdma-s86-08-00.npz": "D", "mdma-s86-08-01.npz": "B", "mdma-s86-08-02.npz": "B", "mdma-s86-08-03.npz": "C", "mdma-s86-08-04.npz": "B", "mdma-s87-08-00.npz": "A", "mdma-s87-08-01.npz": "B", "mdma-s87-08-02.npz": "D", "mdma-s87-08-03.npz": "B", "mdma-s88-08-00.npz": "C", "mdma-s88-08-01.npz": "D", "mdma-s88-08-02.npz": "C", "mdma-s88-08-03.npz": "A", "mdma-s88-08-04.npz": "A", "mdma-s89-08-00.npz": "A", "mdma-s89-08-01.npz": "B", "mdma-s89-08-02.npz": "D", "mdma-s89-08-03.npz": "D", "mdma-s89-08-04.npz": "A", "mdma-s90-08-01.npz": "A", "mdma-s90-08-02.npz": "A", "mdma-s90-08-03.npz": "B", "mdma-s90-08-04.npz": "B", "mdma-s91-08-00.npz": "C", "mdma-s91-08-01.npz": "D", "mdma-s91-08-02.npz": "A", "mdma-s91-08-03.npz": "B", "mdma-s91-08-04.npz": "A", "mdma-s92-08-00.npz": "B", "mdma-s92-08-01.npz": "D", "mdma-s92-08-02.npz": "B", "mdma-s92-08-03.npz": "D", "mdma-s92-08-04.npz": "D", "mdma-s93-08-00.npz": "A", "mdma-s93-08-01.npz": "A", "mdma-s93-08-02.npz": "A", "mdma-s93-08-03.npz": "D", "mdma-s93-08-04.npz": "A", "mdma-s94-08-00.npz": "C", "mdma-s94-08-01.npz": "C", "mdma-s94-08-02.npz": "B", "mdma-s94-08-03.npz": "B", "mdma-s94-08-04.npz": "C", "mdma-s95-08-00.npz": "C", "mdma-s95-08-01.npz": "D", "mdma-s95-08-02.npz": "C", "mdma-s95-08-03.npz": "B", "mdma-s95-08-04.npz": "D", "mdma-s96-08-00.npz": "A", "mdma-s96-08-01.npz": "B", "mdma-s96-08-02.npz": "D", "mdma-s96-08-03.npz": "D", "mdma-s96-08-04.npz": "B", "mdma-s97-08-00.npz": "B", "mdma-s97-08-01.npz": "B", "mdma-s97-08-02.npz": "D", "mdma-s97-08-03.npz": "A", "mdma-s97-08-04.npz": "D", "mdma-s98-08-00.npz": "B", "mdma-s98-08-01.npz": "B", "mdma-s98-08-02.npz": "A", "mdma-s98-08-03.npz": "B", "mdma-s98-08-04.npz": "B", "mdma-s99-08-00.npz": "B", "mdma-s99-08-01.npz": "B", "mdma-s99-08-02.npz": "B", "mdma-s99-08-03.npz": "D", "mdma-s99-08-04.npz": "C"}