{
    "mdmu-s00-26-00.npz": "B",
    "mdmu-s00-26-01.npz": "B",
    "mdmu-s01-26-00.npz": "B",
    "mdmu-s01-26-01.npz": "B",
    "mdmu-s02-26-00.npz": "B",
    "mdmu-s02-26-01.npz": "B",
    "mdmu-s03-26-00.npz": "B",
    "mdmu-s03-26-01.npz": "B",
    "mdmu-s04-26-00.npz": "A",
    "mdmu-s04-26-01.npz": "B",
    "mdmu-s05-26-00.npz": "allgood",
    "mdmu-s05-26-01.npz": "A",
    "mdmu-s06-26-00.npz": "D",
    "mdmu-s06-26-01.npz": "A",
    "mdmu-s07-26-00.npz": "D",
    "mdmu-s07-26-01.npz": "C",
    "mdmu-s08-26-00.npz": "C",
    "mdmu-s08-26-01.npz": "C",
    "mdmu-s09-26-00.npz": "D",
    "mdmu-s09-26-01.npz": "B",
    "mdmu-s10-26-00.npz": "B",
    "mdmu-s10-26-01.npz": "C",
    "mdmu-s11-26-00.npz": "A",
    "mdmu-s11-26-01.npz": "C",
    "mdmu-s12-26-00.npz": "A",
    "mdmu-s12-26-01.npz": "B",
    "mdmu-s13-26-00.npz": "C",
    "mdmu-s13-26-01.npz": "D",
    "mdmu-s14-26-00.npz": "D",
    "mdmu-s14-26-01.npz": "B",
    "mdmu-s15-26-00.npz": "A",
    "mdmu-s15-26-01.npz": "C",
    "mdmu-s16-26-00.npz": "allbad",
    "mdmu-s16-26-01.npz": "C",
    "mdmu-s17-26-00.npz": "allbad",
    "mdmu-s17-26-01.npz": "C",
    "mdmu-s18-26-00.npz": "D",
    "mdmu-s18-26-01.npz": "A",
    "mdmu-s19-26-00.npz": "B",
    "mdmu-s19-26-01.npz": "D",
    "mdmu-s20-26-00.npz": "A",
    "mdmu-s20-26-01.npz": "B",
    "mdmu-s21-26-00.npz": "D",
    "mdmu-s21-26-01.npz": "C",
    "mdmu-s22-26-00.npz": "A",
    "mdmu-s22-26-01.npz": "C",
    "mdmu-s23-26-00.npz": "D",
    "mdmu-s23-26-01.npz": "C",
    "mdmu-s24-26-00.npz": "A",
    "mdmu-s24-26-01.npz": "B",
    "mdmu-s25-26-01.npz": "C",
    "mdmu-s26-26-00.npz": "D",
    "mdmu-s26-26-01.npz": "A",
    "mdmu-s27-26-00.npz": "B",
    "mdmu-s27-26-01.npz": "A",
    "mdmu-s28-26-00.npz": "D",
    "mdmu-s28-26-01.npz": "B",
    "mdmu-s29-26-00.npz": "C",
    "mdmu-s29-26-01.npz": "D",
    "mdmu-s30-26-00.npz": "D",
    "mdmu-s30-26-01.npz": "D",
    "mdmu-s31-26-00.npz": "D",
    "mdmu-s31-26-01.npz": "A",
    "mdmu-s32-26-00.npz": "D",
    "mdmu-s32-26-01.npz": "D",
    "mdmu-s33-26-00.npz": "A",
    "mdmu-s33-26-01.npz": "D",
    "mdmu-s34-26-00.npz": "A",
    "mdmu-s34-26-01.npz": "A",
    "mdmu-s35-26-01.npz": "A",
    "mdmu-s36-26-00.npz": "A",
    "mdmu-s36-26-01.npz": "B",
    "mdmu-s37-26-00.npz": "C",
    "mdmu-s37-26-01.npz": "C",
    "mdmu-s38-26-00.npz": "B",
    "mdmu-s38-26-01.npz": "D",
    "mdmu-s39-26-00.npz": "A",
    "mdmu-s39-26-01.npz": "A",
    "mdmu-s40-26-01.npz": "A",
    "mdmu-s41-26-00.npz": "A",
    "mdmu-s41-26-01.npz": "A",
    "mdmu-s42-26-00.npz": "D",
    "mdmu-s42-26-01.npz": "A",
    "mdmu-s43-26-00.npz": "B",
    "mdmu-s43-26-01.npz": "D",
    "mdmu-s44-26-00.npz": "B",
    "mdmu-s44-26-01.npz": "A",
    "mdmu-s45-26-00.npz": "A",
    "mdmu-s45-26-01.npz": "A",
    "mdmu-s46-26-00.npz": "A",
    "mdmu-s46-26-01.npz": "A",
    "mdmu-s47-26-00.npz": "A",
    "mdmu-s47-26-01.npz": "A",
    "mdmu-s48-26-00.npz": "A",
    "mdmu-s48-26-01.npz": "A",
    "mdmu-s49-26-00.npz": "B",
    "mdmu-s49-26-01.npz": "C",
    "mdmu-s50-26-01.npz": "B",
    "mdmu-s51-26-00.npz": "C",
    "mdmu-s51-26-01.npz": "D",
    "mdmu-s52-26-00.npz": "B",
    "mdmu-s52-26-01.npz": "A",
    "mdmu-s53-26-00.npz": "C",
    "mdmu-s53-26-01.npz": "B",
    "mdmu-s54-26-00.npz": "B",
    "mdmu-s54-26-01.npz": "A",
    "mdmu-s55-26-00.npz": "B",
    "mdmu-s55-26-01.npz": "A",
    "mdmu-s56-26-00.npz": "D",
    "mdmu-s56-26-01.npz": "D",
    "mdmu-s57-26-00.npz": "A",
    "mdmu-s57-26-01.npz": "C",
    "mdmu-s58-26-00.npz": "D",
    "mdmu-s58-26-01.npz": "B",
    "mdmu-s59-26-00.npz": "C",
    "mdmu-s59-26-01.npz": "A",
    "mdmu-s60-26-01.npz": "C",
    "mdmu-s61-26-00.npz": "A",
    "mdmu-s61-26-01.npz": "C",
    "mdmu-s62-26-00.npz": "B",
    "mdmu-s62-26-01.npz": "B",
    "mdmu-s63-26-00.npz": "D",
    "mdmu-s63-26-01.npz": "A",
    "mdmu-s64-26-00.npz": "D",
    "mdmu-s64-26-01.npz": "B",
    "mdmu-s65-26-00.npz": "C",
    "mdmu-s65-26-01.npz": "D",
    "mdmu-s66-26-00.npz": "B",
    "mdmu-s66-26-01.npz": "A",
    "mdmu-s67-26-00.npz": "B",
    "mdmu-s67-26-01.npz": "D",
    "mdmu-s68-26-00.npz": "A",
    "mdmu-s68-26-01.npz": "B",
    "mdmu-s69-26-00.npz": "B",
    "mdmu-s69-26-01.npz": "D",
    "mdmu-s70-26-01.npz": "A",
    "mdmu-s71-26-00.npz": "A",
    "mdmu-s71-26-01.npz": "A",
    "mdmu-s72-26-00.npz": "A",
    "mdmu-s72-26-01.npz": "A",
    "mdmu-s73-26-00.npz": "B",
    "mdmu-s73-26-01.npz": "B",
    "mdmu-s74-26-00.npz": "A",
    "mdmu-s74-26-01.npz": "A",
    "mdmu-s75-26-00.npz": "C",
    "mdmu-s75-26-01.npz": "D",
    "mdmu-s76-26-00.npz": "B",
    "mdmu-s76-26-01.npz": "C",
    "mdmu-s77-26-00.npz": "C",
    "mdmu-s77-26-01.npz": "A",
    "mdmu-s78-26-00.npz": "A",
    "mdmu-s78-26-01.npz": "D",
    "mdmu-s79-26-00.npz": "C",
    "mdmu-s79-26-01.npz": "B",
    "mdmu-s80-26-01.npz": "B",
    "mdmu-s81-26-00.npz": "B",
    "mdmu-s81-26-01.npz": "B",
    "mdmu-s82-26-00.npz": "B",
    "mdmu-s82-26-01.npz": "D",
    "mdmu-s83-26-00.npz": "D",
    "mdmu-s83-26-01.npz": "A",
    "mdmu-s84-26-00.npz": "A",
    "mdmu-s84-26-01.npz": "C",
    "mdmu-s85-26-00.npz": "D",
    "mdmu-s85-26-01.npz": "A",
    "mdmu-s86-26-00.npz": "A",
    "mdmu-s86-26-01.npz": "A",
    "mdmu-s87-26-00.npz": "C",
    "mdmu-s87-26-01.npz": "A",
    "mdmu-s88-26-00.npz": "A",
    "mdmu-s88-26-01.npz": "B",
    "mdmu-s89-26-00.npz": "B",
    "mdmu-s89-26-01.npz": "D",
    "mdmu-s90-26-01.npz": "D",
    "mdmu-s91-26-00.npz": "D",
    "mdmu-s91-26-01.npz": "C",
    "mdmu-s92-26-00.npz": "D",
    "mdmu-s92-26-01.npz": "C",
    "mdmu-s93-26-00.npz": "C",
    "mdmu-s93-26-01.npz": "A",
    "mdmu-s94-26-00.npz": "D",
    "mdmu-s94-26-01.npz": "A",
    "mdmu-s95-26-00.npz": "C",
    "mdmu-s95-26-01.npz": "A",
    "mdmu-s96-26-00.npz": "C",
    "mdmu-s96-26-01.npz": "B",
    "mdmu-s97-26-00.npz": "A",
    "mdmu-s97-26-01.npz": "D",
    "mdmu-s98-26-00.npz": "D",
    "mdmu-s98-26-01.npz": "B",
    "mdmu-s99-26-00.npz": "A",
    "mdmu-s99-26-01.npz": "D"
}