{
    "mdmu-110-13-00.npz": "A",
    "mdmu-119-13-01.npz": "D",
    "mdmu-100-13-01.npz": "D",
    "mdmu-109-13-00.npz": "D",
    "mdmu-106-13-00.npz": "D",
    "mdmu-116-13-01.npz": "D",
    "mdmu-111-13-01.npz": "B",
    "mdmu-118-13-00.npz": "D",
    "mdmu-101-13-00.npz": "D",
    "mdmu-108-13-01.npz": "D",
    "mdmu-107-13-01.npz": "D",
    "mdmu-117-13-00.npz": "A",
    "mdmu-119-13-00.npz": "A",
    "mdmu-110-13-01.npz": "A",
    "mdmu-109-13-01.npz": "A",
    "mdmu-100-13-00.npz": "A",
    "mdmu-106-13-01.npz": "D",
    "mdmu-116-13-00.npz": "B",
    "mdmu-118-13-01.npz": "B",
    "mdmu-111-13-00.npz": "D",
    "mdmu-108-13-00.npz": "C",
    "mdmu-101-13-01.npz": "C",
    "mdmu-107-13-00.npz": "A",
    "mdmu-117-13-01.npz": "D",
    "mdmu-102-13-00.npz": "D",
    "mdmu-112-13-01.npz": "C",
    "mdmu-114-13-00.npz": "C",
    "mdmu-120-13-01.npz": "B",
    "mdmu-104-13-01.npz": "B",
    "mdmu-144-13-01.npz": "A",
    "mdmu-103-13-01.npz": "C",
    "mdmu-113-13-00.npz": "D",
    "mdmu-115-13-01.npz": "B",
    "mdmu-105-13-00.npz": "B",
    "mdmu-102-13-01.npz": "C",
    "mdmu-112-13-00.npz": "A",
    "mdmu-120-13-00.npz": "B",
    "mdmu-114-13-01.npz": "C",
    "mdmu-104-13-00.npz": "D",
    "mdmu-103-13-00.npz": "D",
    "mdmu-113-13-01.npz": "D",
    "mdmu-115-13-00.npz": "C",
    "mdmu-105-13-01.npz": "B"
}