{"mdmu-s00-12-00.npz": "C", "mdmu-s01-12-00.npz": "D", "mdmu-s01-12-01.npz": "C", "mdmu-s02-12-01.npz": "C", "mdmu-s03-12-00.npz": "C", "mdmu-s03-12-01.npz": "D", "mdmu-s04-12-00.npz": "D", "mdmu-s04-12-01.npz": "B", "mdmu-s05-12-00.npz": "C", "mdmu-s05-12-01.npz": "A", "mdmu-s06-12-00.npz": "A", "mdmu-s06-12-01.npz": "C", "mdmu-s07-12-00.npz": "D", "mdmu-s07-12-01.npz": "D", "mdmu-s08-12-00.npz": "C", "mdmu-s08-12-01.npz": "C", "mdmu-s09-12-00.npz": "C", "mdmu-s09-12-01.npz": "C", "mdmu-s10-12-00.npz": "D", "mdmu-s10-12-01.npz": "B", "mdmu-s11-12-00.npz": "D", "mdmu-s11-12-01.npz": "C", "mdmu-s12-12-00.npz": "B", "mdmu-s12-12-01.npz": "B", "mdmu-s13-12-00.npz": "A", "mdmu-s13-12-01.npz": "C", "mdmu-s14-12-00.npz": "B", "mdmu-s14-12-01.npz": "B", "mdmu-s15-12-00.npz": "C", "mdmu-s15-12-01.npz": "B", "mdmu-s16-12-00.npz": "D", "mdmu-s16-12-01.npz": "D", "mdmu-s17-12-00.npz": "D", "mdmu-s17-12-01.npz": "B", "mdmu-s18-12-00.npz": "C", "mdmu-s18-12-01.npz": "B", "mdmu-s19-12-00.npz": "B", "mdmu-s19-12-01.npz": "C", "mdmu-s20-12-00.npz": "C", "mdmu-s20-12-01.npz": "C", "mdmu-s21-12-00.npz": "B", "mdmu-s21-12-01.npz": "C", "mdmu-s22-12-00.npz": "A", "mdmu-s22-12-01.npz": "D", "mdmu-s23-12-00.npz": "A", "mdmu-s23-12-01.npz": "C", "mdmu-s24-12-00.npz": "B", "mdmu-s24-12-01.npz": "D", "mdmu-s25-12-00.npz": "D", "mdmu-s25-12-01.npz": "C", "mdmu-s26-12-00.npz": "D", "mdmu-s26-12-01.npz": "D", "mdmu-s27-12-00.npz": "A", "mdmu-s27-12-01.npz": "B", "mdmu-s28-12-00.npz": "B", "mdmu-s28-12-01.npz": "B", "mdmu-s29-12-00.npz": "D", "mdmu-s29-12-01.npz": "B", "mdmu-s30-12-00.npz": "B", "mdmu-s30-12-01.npz": "A", "mdmu-s31-12-00.npz": "A", "mdmu-s31-12-01.npz": "C", "mdmu-s32-12-00.npz": "C", "mdmu-s32-12-01.npz": "D", "mdmu-s33-12-00.npz": "A", "mdmu-s33-12-01.npz": "B", "mdmu-s34-12-00.npz": "D", "mdmu-s34-12-01.npz": "B", "mdmu-s35-12-00.npz": "C", "mdmu-s35-12-01.npz": "A", "mdmu-s36-12-00.npz": "B", "mdmu-s36-12-01.npz": "A", "mdmu-s37-12-00.npz": "B", "mdmu-s37-12-01.npz": "D", "mdmu-s38-12-00.npz": "D", "mdmu-s38-12-01.npz": "B", "mdmu-s39-12-00.npz": "B", "mdmu-s39-12-01.npz": "D", "mdmu-s40-12-01.npz": "A", "mdmu-s41-12-00.npz": "C", "mdmu-s41-12-01.npz": "A", "mdmu-s42-12-00.npz": "B", "mdmu-s42-12-01.npz": "D", "mdmu-s43-12-00.npz": "B", "mdmu-s43-12-01.npz": "C", "mdmu-s44-12-00.npz": "D", "mdmu-s44-12-01.npz": "C", "mdmu-s45-12-00.npz": "B", "mdmu-s45-12-01.npz": "B", "mdmu-s46-12-00.npz": "C", "mdmu-s46-12-01.npz": "B", "mdmu-s47-12-00.npz": "C", "mdmu-s47-12-01.npz": "D", "mdmu-s48-12-00.npz": "B", "mdmu-s48-12-01.npz": "A", "mdmu-s49-12-00.npz": "C", "mdmu-s49-12-01.npz": "D", "mdmu-s50-12-01.npz": "C", "mdmu-s51-12-00.npz": "B", "mdmu-s51-12-01.npz": "A", "mdmu-s52-12-00.npz": "B", "mdmu-s52-12-01.npz": "C", "mdmu-s53-12-00.npz": "B", "mdmu-s53-12-01.npz": "B", "mdmu-s54-12-00.npz": "C", "mdmu-s54-12-01.npz": "A", "mdmu-s55-12-00.npz": "C", "mdmu-s55-12-01.npz": "A", "mdmu-s56-12-00.npz": "B", "mdmu-s56-12-01.npz": "C", "mdmu-s57-12-00.npz": "C", "mdmu-s57-12-01.npz": "D", "mdmu-s58-12-00.npz": "B", "mdmu-s58-12-01.npz": "A", "mdmu-s59-12-00.npz": "C", "mdmu-s59-12-01.npz": "A", "mdmu-s60-12-01.npz": "D", "mdmu-s61-12-00.npz": "B", "mdmu-s61-12-01.npz": "B", "mdmu-s62-12-00.npz": "C", "mdmu-s62-12-01.npz": "A", "mdmu-s63-12-00.npz": "D", "mdmu-s63-12-01.npz": "A", "mdmu-s64-12-00.npz": "C", "mdmu-s64-12-01.npz": "B", "mdmu-s65-12-00.npz": "B", "mdmu-s65-12-01.npz": "A", "mdmu-s66-12-00.npz": "A", "mdmu-s66-12-01.npz": "D", "mdmu-s67-12-00.npz": "C", "mdmu-s67-12-01.npz": "B", "mdmu-s68-12-00.npz": "D", "mdmu-s68-12-01.npz": "B", "mdmu-s69-12-00.npz": "C", "mdmu-s69-12-01.npz": "C", "mdmu-s70-12-01.npz": "D", "mdmu-s71-12-00.npz": "B", "mdmu-s71-12-01.npz": "A", "mdmu-s72-12-00.npz": "C", "mdmu-s72-12-01.npz": "D", "mdmu-s73-12-00.npz": "C", "mdmu-s73-12-01.npz": "D", "mdmu-s74-12-00.npz": "D", "mdmu-s74-12-01.npz": "A", "mdmu-s75-12-00.npz": "C", "mdmu-s75-12-01.npz": "D", "mdmu-s76-12-00.npz": "B", "mdmu-s76-12-01.npz": "B", "mdmu-s77-12-00.npz": "B", "mdmu-s77-12-01.npz": "B", "mdmu-s78-12-00.npz": "D", "mdmu-s78-12-01.npz": "C", "mdmu-s79-12-00.npz": "B", "mdmu-s79-12-01.npz": "C", "mdmu-s80-12-01.npz": "A", "mdmu-s81-12-00.npz": "A", "mdmu-s81-12-01.npz": "D", "mdmu-s82-12-00.npz": "D", "mdmu-s82-12-01.npz": "B", "mdmu-s83-12-00.npz": "C", "mdmu-s83-12-01.npz": "B", "mdmu-s84-12-00.npz": "C", "mdmu-s84-12-01.npz": "A", "mdmu-s85-12-00.npz": "D", "mdmu-s85-12-01.npz": "C", "mdmu-s86-12-00.npz": "A", "mdmu-s86-12-01.npz": "D", "mdmu-s87-12-00.npz": "A", "mdmu-s87-12-01.npz": "A", "mdmu-s88-12-00.npz": "A", "mdmu-s88-12-01.npz": "D", "mdmu-s89-12-00.npz": "C", "mdmu-s89-12-01.npz": "B", "mdmu-s90-12-01.npz": "B", "mdmu-s91-12-00.npz": "B", "mdmu-s91-12-01.npz": "A", "mdmu-s92-12-00.npz": "B", "mdmu-s92-12-01.npz": "B", "mdmu-s93-12-00.npz": "B", "mdmu-s93-12-01.npz": "D", "mdmu-s94-12-00.npz": "C", "mdmu-s94-12-01.npz": "C", "mdmu-s95-12-00.npz": "A", "mdmu-s95-12-01.npz": "C", "mdmu-s96-12-00.npz": "C", "mdmu-s96-12-01.npz": "A", "mdmu-s97-12-00.npz": "D", "mdmu-s97-12-01.npz": "B", "mdmu-s98-12-00.npz": "C", "mdmu-s98-12-01.npz": "C", "mdmu-s99-12-00.npz": "C", "mdmu-s99-12-01.npz": "B"}