{
    "mdmu-s58-38-01.npz": "D",
    "mdmu-112-38-01.npz": "B",
    "mdmu-180-38-00.npz": "A",
    "mdmu-102-38-00.npz": "A",
    "mdmu-104-38-01.npz": "B",
    "mdmu-114-38-00.npz": "B",
    "mdmu-113-38-00.npz": "C",
    "mdmu-103-38-01.npz": "D",
    "mdmu-105-38-00.npz": "C",
    "mdmu-115-38-01.npz": "A",
    "mdmu-112-38-00.npz": "A",
    "mdmu-102-38-01.npz": "C",
    "mdmu-104-38-00.npz": "D",
    "mdmu-114-38-01.npz": "A",
    "mdmu-113-38-01.npz": "B",
    "mdmu-103-38-00.npz": "A",
    "mdmu-105-38-01.npz": "D",
    "mdmu-115-38-00.npz": "C",
    "mdmu-109-38-00.npz": "C",
    "mdmu-100-38-01.npz": "A",
    "mdmu-119-38-01.npz": "D",
    "mdmu-110-38-00.npz": "B",
    "mdmu-116-38-01.npz": "B",
    "mdmu-106-38-00.npz": "A",
    "mdmu-108-38-01.npz": "D",
    "mdmu-101-38-00.npz": "A",
    "mdmu-118-38-00.npz": "D",
    "mdmu-111-38-01.npz": "A",
    "mdmu-117-38-00.npz": "D",
    "mdmu-107-38-01.npz": "C",
    "mdmu-100-38-00.npz": "C",
    "mdmu-109-38-01.npz": "C",
    "mdmu-110-38-01.npz": "D",
    "mdmu-119-38-00.npz": "A",
    "mdmu-116-38-00.npz": "C",
    "mdmu-106-38-01.npz": "D",
    "mdmu-101-38-01.npz": "B",
    "mdmu-108-38-00.npz": "D",
    "mdmu-111-38-00.npz": "B",
    "mdmu-118-38-01.npz": "B",
    "mdmu-117-38-01.npz": "B",
    "mdmu-107-38-00.npz": "B"
}