{"mdmu-s00-35-00.npz": "C", "mdmu-s00-35-01.npz": "C", "mdmu-s01-35-00.npz": "A", "mdmu-s01-35-01.npz": "A", "mdmu-s02-35-00.npz": "B", "mdmu-s02-35-01.npz": "D", "mdmu-s03-35-00.npz": "C", "mdmu-s03-35-01.npz": "B", "mdmu-s04-35-00.npz": "A", "mdmu-s04-35-01.npz": "D", "mdmu-s05-35-00.npz": "D", "mdmu-s05-35-01.npz": "D", "mdmu-s06-35-00.npz": "D", "mdmu-s06-35-01.npz": "A", "mdmu-s07-35-00.npz": "B", "mdmu-s07-35-01.npz": "D", "mdmu-s08-35-00.npz": "A", "mdmu-s08-35-01.npz": "D", "mdmu-s09-35-00.npz": "B", "mdmu-s09-35-01.npz": "A", "mdmu-s10-35-00.npz": "A", "mdmu-s10-35-01.npz": "B", "mdmu-s11-35-00.npz": "A", "mdmu-s11-35-01.npz": "B", "mdmu-s12-35-00.npz": "A", "mdmu-s12-35-01.npz": "D", "mdmu-s13-35-00.npz": "B", "mdmu-s13-35-01.npz": "D", "mdmu-s14-35-00.npz": "D", "mdmu-s14-35-01.npz": "B", "mdmu-s15-35-00.npz": "A", "mdmu-s15-35-01.npz": "D", "mdmu-s16-35-00.npz": "C", "mdmu-s16-35-01.npz": "C", "mdmu-s17-35-00.npz": "C", "mdmu-s17-35-01.npz": "C", "mdmu-s18-35-00.npz": "C", "mdmu-s18-35-01.npz": "D", "mdmu-s19-35-00.npz": "C", "mdmu-s19-35-01.npz": "A", "mdmu-s20-35-00.npz": "D", "mdmu-s20-35-01.npz": "C", "mdmu-s21-35-00.npz": "D", "mdmu-s21-35-01.npz": "D", "mdmu-s22-35-00.npz": "D", "mdmu-s22-35-01.npz": "B", "mdmu-s23-35-00.npz": "A", "mdmu-s23-35-01.npz": "A", "mdmu-s24-35-00.npz": "D", "mdmu-s24-35-01.npz": "D", "mdmu-s25-35-00.npz": "C", "mdmu-s25-35-01.npz": "A", "mdmu-s26-35-00.npz": "A", "mdmu-s26-35-01.npz": "C", "mdmu-s27-35-00.npz": "A", "mdmu-s27-35-01.npz": "D", "mdmu-s28-35-00.npz": "C", "mdmu-s28-35-01.npz": "A", "mdmu-s29-35-00.npz": "A", "mdmu-s29-35-01.npz": "A", "mdmu-s30-35-00.npz": "C", "mdmu-s30-35-01.npz": "B", "mdmu-s31-35-00.npz": "A", "mdmu-s31-35-01.npz": "D", "mdmu-s32-35-00.npz": "D", "mdmu-s32-35-01.npz": "A", "mdmu-s33-35-00.npz": "D", "mdmu-s33-35-01.npz": "A", "mdmu-s34-35-00.npz": "D", "mdmu-s34-35-01.npz": "A", "mdmu-s35-35-00.npz": "A", "mdmu-s35-35-01.npz": "D", "mdmu-s36-35-00.npz": "A", "mdmu-s36-35-01.npz": "A", "mdmu-s37-35-00.npz": "A", "mdmu-s37-35-01.npz": "D", "mdmu-s38-35-00.npz": "D", "mdmu-s38-35-01.npz": "B", "mdmu-s39-35-00.npz": "C", "mdmu-s39-35-01.npz": "D", "mdmu-s40-35-01.npz": "D", "mdmu-s41-35-00.npz": "C", "mdmu-s41-35-01.npz": "B", "mdmu-s42-35-00.npz": "A", "mdmu-s42-35-01.npz": "C", "mdmu-s43-35-00.npz": "A", "mdmu-s43-35-01.npz": "C", "mdmu-s44-35-00.npz": "A", "mdmu-s44-35-01.npz": "D", "mdmu-s45-35-00.npz": "B", "mdmu-s45-35-01.npz": "B", "mdmu-s46-35-00.npz": "C", "mdmu-s46-35-01.npz": "A", "mdmu-s47-35-00.npz": "D", "mdmu-s47-35-01.npz": "A", "mdmu-s48-35-00.npz": "D", "mdmu-s48-35-01.npz": "B", "mdmu-s49-35-00.npz": "A", "mdmu-s49-35-01.npz": "C", "mdmu-s50-35-01.npz": "D", "mdmu-s51-35-00.npz": "C", "mdmu-s51-35-01.npz": "A", "mdmu-s52-35-00.npz": "C", "mdmu-s52-35-01.npz": "C", "mdmu-s53-35-00.npz": "C", "mdmu-s53-35-01.npz": "C", "mdmu-s54-35-00.npz": "A", "mdmu-s54-35-01.npz": "C", "mdmu-s55-35-00.npz": "D", "mdmu-s55-35-01.npz": "B", "mdmu-s56-35-00.npz": "A", "mdmu-s56-35-01.npz": "D", "mdmu-s57-35-00.npz": "B", "mdmu-s57-35-01.npz": "C", "mdmu-s58-35-00.npz": "B", "mdmu-s58-35-01.npz": "C", "mdmu-s59-35-00.npz": "C", "mdmu-s59-35-01.npz": "B", "mdmu-s60-35-01.npz": "B", "mdmu-s61-35-00.npz": "B", "mdmu-s61-35-01.npz": "C", "mdmu-s62-35-00.npz": "C", "mdmu-s62-35-01.npz": "B", "mdmu-s63-35-00.npz": "D", "mdmu-s63-35-01.npz": "C", "mdmu-s64-35-00.npz": "A", "mdmu-s64-35-01.npz": "B", "mdmu-s65-35-00.npz": "C", "mdmu-s65-35-01.npz": "B", "mdmu-s66-35-00.npz": "D", "mdmu-s66-35-01.npz": "D", "mdmu-s67-35-00.npz": "C", "mdmu-s67-35-01.npz": "C", "mdmu-s68-35-00.npz": "D", "mdmu-s68-35-01.npz": "A", "mdmu-s69-35-00.npz": "B", "mdmu-s69-35-01.npz": "B", "mdmu-s70-35-01.npz": "B", "mdmu-s71-35-00.npz": "C", "mdmu-s71-35-01.npz": "D", "mdmu-s72-35-00.npz": "C", "mdmu-s72-35-01.npz": "B", "mdmu-s73-35-00.npz": "A", "mdmu-s73-35-01.npz": "C", "mdmu-s74-35-00.npz": "A", "mdmu-s74-35-01.npz": "A", "mdmu-s75-35-00.npz": "A", "mdmu-s75-35-01.npz": "B", "mdmu-s76-35-00.npz": "D", "mdmu-s76-35-01.npz": "D", "mdmu-s77-35-00.npz": "D", "mdmu-s77-35-01.npz": "D", "mdmu-s78-35-00.npz": "B", "mdmu-s78-35-01.npz": "D", "mdmu-s79-35-00.npz": "B", "mdmu-s79-35-01.npz": "D", "mdmu-s80-35-01.npz": "C", "mdmu-s81-35-00.npz": "C", "mdmu-s81-35-01.npz": "D", "mdmu-s82-35-00.npz": "B", "mdmu-s82-35-01.npz": "D", "mdmu-s83-35-00.npz": "D", "mdmu-s83-35-01.npz": "B", "mdmu-s84-35-00.npz": "A", "mdmu-s84-35-01.npz": "B", "mdmu-s85-35-00.npz": "A", "mdmu-s85-35-01.npz": "C", "mdmu-s86-35-00.npz": "C", "mdmu-s86-35-01.npz": "C", "mdmu-s87-35-00.npz": "D", "mdmu-s87-35-01.npz": "C", "mdmu-s88-35-00.npz": "C", "mdmu-s88-35-01.npz": "A", "mdmu-s89-35-00.npz": "B", "mdmu-s89-35-01.npz": "A", "mdmu-s90-35-01.npz": "A", "mdmu-s91-35-00.npz": "A", "mdmu-s91-35-01.npz": "D", "mdmu-s92-35-00.npz": "D", "mdmu-s92-35-01.npz": "C", "mdmu-s93-35-00.npz": "A", "mdmu-s93-35-01.npz": "A", "mdmu-s94-35-00.npz": "D", "mdmu-s94-35-01.npz": "A", "mdmu-s95-35-00.npz": "D", "mdmu-s95-35-01.npz": "D", "mdmu-s96-35-00.npz": "C", "mdmu-s96-35-01.npz": "B", "mdmu-s97-35-00.npz": "B", "mdmu-s97-35-01.npz": "B", "mdmu-s98-35-00.npz": "D", "mdmu-s98-35-01.npz": "A", "mdmu-s99-35-00.npz": "D"}