{
    "mdma-s10-03-00.npz": "B",
    "mdma-s10-03-01.npz": "A",
    "mdma-s10-03-02.npz": "B",
    "mdma-s10-03-03.npz": "C",
    "mdma-s11-03-00.npz": "C",
    "mdma-s11-03-01.npz": "A",
    "mdma-s11-03-02.npz": "D",
    "mdma-s11-03-03.npz": "B",
    "mdma-s11-03-04.npz": "D",
    "mdma-s12-03-00.npz": "B",
    "mdma-s12-03-01.npz": "A",
    "mdma-s12-03-02.npz": "A",
    "mdma-s12-03-03.npz": "A",
    "mdma-s12-03-04.npz": "C",
    "mdma-s13-03-00.npz": "D",
    "mdma-s13-03-01.npz": "C",
    "mdma-s13-03-02.npz": "C",
    "mdma-s13-03-03.npz": "A",
    "mdma-s13-03-04.npz": "C",
    "mdma-s14-03-00.npz": "B",
    "mdma-s14-03-01.npz": "B",
    "mdma-s14-03-02.npz": "D",
    "mdma-s14-03-03.npz": "D",
    "mdma-s14-03-04.npz": "D",
    "mdma-s15-03-00.npz": "C",
    "mdma-s15-03-01.npz": "B",
    "mdma-s15-03-02.npz": "D",
    "mdma-s15-03-03.npz": "C",
    "mdma-s15-03-04.npz": "A",
    "mdma-s16-03-00.npz": "B",
    "mdma-s16-03-01.npz": "D",
    "mdma-s16-03-02.npz": "C",
    "mdma-s16-03-03.npz": "A",
    "mdma-s16-03-04.npz": "A",
    "mdma-s17-03-00.npz": "A",
    "mdma-s17-03-01.npz": "D",
    "mdma-s17-03-02.npz": "D",
    "mdma-s17-03-03.npz": "D",
    "mdma-s17-03-04.npz": "D",
    "mdma-s18-03-00.npz": "B",
    "mdma-s18-03-01.npz": "D",
    "mdma-s18-03-02.npz": "B",
    "mdma-s18-03-03.npz": "D",
    "mdma-s18-03-04.npz": "D",
    "mdma-s19-03-00.npz": "C",
    "mdma-s19-03-01.npz": "B",
    "mdma-s19-03-02.npz": "A",
    "mdma-s19-03-03.npz": "B",
    "mdma-s19-03-04.npz": "D",
    "mdma-s40-03-01.npz": "A",
    "mdma-s40-03-02.npz": "D",
    "mdma-s40-03-03.npz": "D",
    "mdma-s40-03-04.npz": "C",
    "mdma-s41-03-00.npz": "A",
    "mdma-s41-03-01.npz": "B",
    "mdma-s41-03-02.npz": "D",
    "mdma-s41-03-03.npz": "C",
    "mdma-s41-03-04.npz": "A",
    "mdma-s42-03-00.npz": "B",
    "mdma-s42-03-01.npz": "D",
    "mdma-s42-03-02.npz": "A",
    "mdma-s42-03-03.npz": "D",
    "mdma-s42-03-04.npz": "A",
    "mdma-s43-03-00.npz": "C",
    "mdma-s43-03-01.npz": "B",
    "mdma-s43-03-02.npz": "B",
    "mdma-s43-03-03.npz": "C",
    "mdma-s43-03-04.npz": "B",
    "mdma-s44-03-00.npz": "C",
    "mdma-s44-03-01.npz": "B",
    "mdma-s44-03-02.npz": "B",
    "mdma-s44-03-03.npz": "B",
    "mdma-s44-03-04.npz": "B",
    "mdma-s45-03-00.npz": "D",
    "mdma-s45-03-01.npz": "A",
    "mdma-s45-03-02.npz": "A",
    "mdma-s45-03-03.npz": "A",
    "mdma-s45-03-04.npz": "C",
    "mdma-s46-03-00.npz": "D",
    "mdma-s46-03-01.npz": "C",
    "mdma-s46-03-02.npz": "D",
    "mdma-s46-03-03.npz": "C",
    "mdma-s46-03-04.npz": "A",
    "mdma-s47-03-00.npz": "A",
    "mdma-s47-03-01.npz": "D",
    "mdma-s47-03-02.npz": "D",
    "mdma-s47-03-03.npz": "B",
    "mdma-s47-03-04.npz": "A",
    "mdma-s48-03-00.npz": "C",
    "mdma-s48-03-01.npz": "A",
    "mdma-s48-03-02.npz": "B",
    "mdma-s48-03-03.npz": "A",
    "mdma-s48-03-04.npz": "A",
    "mdma-s49-03-00.npz": "C",
    "mdma-s49-03-01.npz": "D",
    "mdma-s49-03-02.npz": "C",
    "mdma-s49-03-03.npz": "B",
    "mdma-s49-03-04.npz": "A",
    "mdma-s50-03-01.npz": "C",
    "mdma-s50-03-02.npz": "A",
    "mdma-s50-03-03.npz": "B",
    "mdma-s50-03-04.npz": "A",
    "mdma-s51-03-00.npz": "C",
    "mdma-s51-03-01.npz": "C",
    "mdma-s51-03-02.npz": "B",
    "mdma-s51-03-03.npz": "A",
    "mdma-s51-03-04.npz": "A",
    "mdma-s52-03-00.npz": "D",
    "mdma-s52-03-01.npz": "B",
    "mdma-s52-03-02.npz": "D",
    "mdma-s52-03-03.npz": "D",
    "mdma-s52-03-04.npz": "B",
    "mdma-s53-03-00.npz": "B",
    "mdma-s53-03-01.npz": "D",
    "mdma-s53-03-02.npz": "B",
    "mdma-s53-03-03.npz": "C",
    "mdma-s53-03-04.npz": "A",
    "mdma-s54-03-00.npz": "A",
    "mdma-s54-03-01.npz": "B",
    "mdma-s54-03-02.npz": "B",
    "mdma-s54-03-03.npz": "C",
    "mdma-s54-03-04.npz": "D",
    "mdma-s55-03-00.npz": "D",
    "mdma-s55-03-01.npz": "C",
    "mdma-s55-03-02.npz": "A",
    "mdma-s55-03-03.npz": "B",
    "mdma-s55-03-04.npz": "B",
    "mdma-s56-03-00.npz": "B",
    "mdma-s56-03-01.npz": "B",
    "mdma-s56-03-02.npz": "B",
    "mdma-s56-03-03.npz": "C",
    "mdma-s56-03-04.npz": "C",
    "mdma-s57-03-00.npz": "C",
    "mdma-s57-03-01.npz": "C",
    "mdma-s57-03-02.npz": "allbad",
    "mdma-s57-03-03.npz": "A",
    "mdma-s57-03-04.npz": "B",
    "mdma-s58-03-00.npz": "A",
    "mdma-s58-03-01.npz": "C",
    "mdma-s58-03-02.npz": "A",
    "mdma-s58-03-03.npz": "D",
    "mdma-s58-03-04.npz": "D",
    "mdma-s59-03-00.npz": "B",
    "mdma-s59-03-01.npz": "A",
    "mdma-s59-03-02.npz": "A",
    "mdma-s59-03-03.npz": "A",
    "mdma-s59-03-04.npz": "C",
    "mdma-s60-03-01.npz": "D",
    "mdma-s60-03-02.npz": "D",
    "mdma-s60-03-03.npz": "B",
    "mdma-s60-03-04.npz": "D",
    "mdma-s61-03-00.npz": "A",
    "mdma-s61-03-01.npz": "C",
    "mdma-s61-03-02.npz": "D",
    "mdma-s61-03-03.npz": "A",
    "mdma-s61-03-04.npz": "B",
    "mdma-s62-03-00.npz": "D",
    "mdma-s62-03-01.npz": "allbad",
    "mdma-s62-03-02.npz": "D",
    "mdma-s62-03-03.npz": "B",
    "mdma-s62-03-04.npz": "A",
    "mdma-s63-03-00.npz": "C",
    "mdma-s63-03-01.npz": "B",
    "mdma-s63-03-02.npz": "D",
    "mdma-s63-03-03.npz": "A",
    "mdma-s63-03-04.npz": "D",
    "mdma-s64-03-00.npz": "B",
    "mdma-s64-03-01.npz": "D",
    "mdma-s64-03-03.npz": "B",
    "mdma-s64-03-04.npz": "D",
    "mdma-s65-03-00.npz": "D",
    "mdma-s65-03-01.npz": "A",
    "mdma-s65-03-02.npz": "B",
    "mdma-s65-03-03.npz": "C",
    "mdma-s65-03-04.npz": "D",
    "mdma-s66-03-00.npz": "A",
    "mdma-s66-03-01.npz": "C",
    "mdma-s66-03-02.npz": "B",
    "mdma-s66-03-03.npz": "C",
    "mdma-s66-03-04.npz": "D",
    "mdma-s67-03-00.npz": "A",
    "mdma-s67-03-01.npz": "A",
    "mdma-s67-03-02.npz": "B",
    "mdma-s67-03-03.npz": "C",
    "mdma-s67-03-04.npz": "C",
    "mdma-s68-03-00.npz": "A",
    "mdma-s68-03-01.npz": "B",
    "mdma-s68-03-02.npz": "A",
    "mdma-s68-03-03.npz": "D",
    "mdma-s68-03-04.npz": "D",
    "mdma-s69-03-00.npz": "D",
    "mdma-s69-03-01.npz": "D",
    "mdma-s69-03-04.npz": "B",
    "mdma-s70-03-01.npz": "D",
    "mdma-s70-03-02.npz": "B",
    "mdma-s70-03-03.npz": "D",
    "mdma-s70-03-04.npz": "C",
    "mdma-s71-03-00.npz": "B",
    "mdma-s71-03-01.npz": "B",
    "mdma-s71-03-03.npz": "C",
    "mdma-s71-03-04.npz": "B",
    "mdma-s72-03-00.npz": "A",
    "mdma-s72-03-01.npz": "B",
    "mdma-s72-03-02.npz": "A",
    "mdma-s72-03-04.npz": "C",
    "mdma-s73-03-00.npz": "D",
    "mdma-s73-03-01.npz": "D",
    "mdma-s73-03-02.npz": "C",
    "mdma-s73-03-04.npz": "B",
    "mdma-s74-03-00.npz": "C",
    "mdma-s74-03-01.npz": "D",
    "mdma-s74-03-02.npz": "A",
    "mdma-s74-03-03.npz": "B",
    "mdma-s74-03-04.npz": "A",
    "mdma-s75-03-00.npz": "B",
    "mdma-s75-03-01.npz": "B",
    "mdma-s75-03-02.npz": "B",
    "mdma-s75-03-03.npz": "B",
    "mdma-s75-03-04.npz": "D",
    "mdma-s76-03-00.npz": "A",
    "mdma-s76-03-01.npz": "C",
    "mdma-s76-03-02.npz": "D",
    "mdma-s76-03-03.npz": "A",
    "mdma-s76-03-04.npz": "C",
    "mdma-s77-03-00.npz": "C",
    "mdma-s77-03-01.npz": "A",
    "mdma-s77-03-02.npz": "A",
    "mdma-s77-03-03.npz": "A",
    "mdma-s77-03-04.npz": "B",
    "mdma-s78-03-00.npz": "C",
    "mdma-s78-03-01.npz": "B",
    "mdma-s78-03-03.npz": "C",
    "mdma-s79-03-00.npz": "A",
    "mdma-s79-03-01.npz": "A",
    "mdma-s79-03-02.npz": "B",
    "mdma-s79-03-03.npz": "A",
    "mdma-s79-03-04.npz": "C",
    "mdma-s80-03-01.npz": "B",
    "mdma-s80-03-02.npz": "D",
    "mdma-s80-03-03.npz": "B",
    "mdma-s80-03-04.npz": "B",
    "mdma-s81-03-00.npz": "D",
    "mdma-s81-03-01.npz": "C",
    "mdma-s81-03-02.npz": "A",
    "mdma-s81-03-03.npz": "D",
    "mdma-s81-03-04.npz": "D",
    "mdma-s82-03-00.npz": "A",
    "mdma-s82-03-01.npz": "D",
    "mdma-s82-03-02.npz": "A",
    "mdma-s82-03-03.npz": "A",
    "mdma-s82-03-04.npz": "D",
    "mdma-s83-03-01.npz": "B",
    "mdma-s83-03-02.npz": "C",
    "mdma-s83-03-03.npz": "C",
    "mdma-s83-03-04.npz": "A",
    "mdma-s84-03-00.npz": "A",
    "mdma-s84-03-01.npz": "B",
    "mdma-s84-03-02.npz": "C",
    "mdma-s84-03-03.npz": "A",
    "mdma-s84-03-04.npz": "A",
    "mdma-s85-03-00.npz": "D",
    "mdma-s85-03-02.npz": "A",
    "mdma-s85-03-03.npz": "A",
    "mdma-s85-03-04.npz": "B",
    "mdma-s86-03-00.npz": "C",
    "mdma-s86-03-01.npz": "A",
    "mdma-s86-03-02.npz": "A",
    "mdma-s86-03-03.npz": "A",
    "mdma-s86-03-04.npz": "C",
    "mdma-s87-03-00.npz": "A",
    "mdma-s87-03-01.npz": "D",
    "mdma-s87-03-02.npz": "C",
    "mdma-s87-03-03.npz": "A",
    "mdma-s87-03-04.npz": "D",
    "mdma-s88-03-01.npz": "D",
    "mdma-s88-03-02.npz": "C",
    "mdma-s88-03-03.npz": "A",
    "mdma-s88-03-04.npz": "D",
    "mdma-s89-03-00.npz": "B",
    "mdma-s89-03-01.npz": "A",
    "mdma-s89-03-02.npz": "C",
    "mdma-s89-03-03.npz": "A",
    "mdma-s90-03-01.npz": "C",
    "mdma-s90-03-02.npz": "A",
    "mdma-s90-03-03.npz": "D",
    "mdma-s90-03-04.npz": "C",
    "mdma-s91-03-00.npz": "D",
    "mdma-s91-03-01.npz": "D",
    "mdma-s91-03-02.npz": "B",
    "mdma-s91-03-03.npz": "B",
    "mdma-s91-03-04.npz": "B",
    "mdma-s92-03-00.npz": "C",
    "mdma-s92-03-01.npz": "B",
    "mdma-s92-03-02.npz": "C",
    "mdma-s92-03-03.npz": "C",
    "mdma-s92-03-04.npz": "A",
    "mdma-s93-03-00.npz": "B",
    "mdma-s93-03-01.npz": "B",
    "mdma-s93-03-02.npz": "C",
    "mdma-s93-03-03.npz": "A",
    "mdma-s93-03-04.npz": "D",
    "mdma-s94-03-00.npz": "D",
    "mdma-s94-03-02.npz": "A",
    "mdma-s94-03-03.npz": "C",
    "mdma-s94-03-04.npz": "B",
    "mdma-s95-03-00.npz": "D",
    "mdma-s95-03-01.npz": "B",
    "mdma-s95-03-02.npz": "C",
    "mdma-s95-03-03.npz": "D",
    "mdma-s95-03-04.npz": "C",
    "mdma-s96-03-00.npz": "D",
    "mdma-s96-03-01.npz": "C",
    "mdma-s96-03-02.npz": "B",
    "mdma-s96-03-03.npz": "A",
    "mdma-s96-03-04.npz": "B",
    "mdma-s97-03-00.npz": "A",
    "mdma-s97-03-02.npz": "C",
    "mdma-s97-03-03.npz": "C",
    "mdma-s97-03-04.npz": "A",
    "mdma-s98-03-00.npz": "B",
    "mdma-s98-03-01.npz": "C",
    "mdma-s98-03-02.npz": "C",
    "mdma-s98-03-03.npz": "B",
    "mdma-s98-03-04.npz": "D",
    "mdma-s99-03-00.npz": "D",
    "mdma-s99-03-01.npz": "A",
    "mdma-s99-03-02.npz": "A",
    "mdma-s99-03-04.npz": "C"
}