{
    "mdmu-112-17-00.npz": "D",
    "mdmu-102-17-01.npz": "A",
    "mdmu-104-17-00.npz": "D",
    "mdmu-114-17-01.npz": "A",
    "mdmu-120-17-00.npz": "C",
    "mdmu-113-17-01.npz": "C",
    "mdmu-103-17-00.npz": "C",
    "mdmu-105-17-01.npz": "A",
    "mdmu-115-17-00.npz": "D",
    "mdmu-112-17-01.npz": "D",
    "mdmu-102-17-00.npz": "B",
    "mdmu-104-17-01.npz": "A",
    "mdmu-120-17-01.npz": "B",
    "mdmu-114-17-00.npz": "C",
    "mdmu-113-17-00.npz": "B",
    "mdmu-103-17-01.npz": "D",
    "mdmu-105-17-00.npz": "A",
    "mdmu-115-17-01.npz": "D",
    "mdmu-100-17-00.npz": "A",
    "mdmu-109-17-01.npz": "A",
    "mdmu-110-17-01.npz": "B",
    "mdmu-119-17-00.npz": "D",
    "mdmu-116-17-00.npz": "D",
    "mdmu-106-17-01.npz": "D",
    "mdmu-101-17-01.npz": "B",
    "mdmu-108-17-00.npz": "C",
    "mdmu-111-17-00.npz": "C",
    "mdmu-118-17-01.npz": "D",
    "mdmu-117-17-01.npz": "C",
    "mdmu-107-17-00.npz": "A",
    "mdmu-109-17-00.npz": "D",
    "mdmu-100-17-01.npz": "C",
    "mdmu-119-17-01.npz": "C",
    "mdmu-110-17-00.npz": "C",
    "mdmu-116-17-01.npz": "C",
    "mdmu-106-17-00.npz": "A",
    "mdmu-108-17-01.npz": "C",
    "mdmu-101-17-00.npz": "A",
    "mdmu-118-17-00.npz": "A",
    "mdmu-111-17-01.npz": "B",
    "mdmu-117-17-00.npz": "A",
    "mdmu-107-17-01.npz": "C"
}