{
    "mdma-126-11-01.npz": "C",
    "mdma-110-11-03.npz": "C",
    "mdma-155-11-00.npz": "B",
    "mdma-180-11-01.npz": "C",
    "mdma-124-11-02.npz": "C",
    "mdma-135-11-04.npz": "D",
    "mdma-112-11-00.npz": "D",
    "mdma-119-11-02.npz": "B",
    "mdma-157-11-03.npz": "A",
    "mdma-182-11-02.npz": "C",
    "mdma-189-11-00.npz": "C",
    "mdma-193-11-04.npz": "A",
    "mdma-108-11-04.npz": "A",
    "mdma-136-11-00.npz": "D",
    "mdma-111-11-04.npz": "C",
    "mdma-145-11-01.npz": "A",
    "mdma-190-11-00.npz": "D",
    "mdma-100-11-02.npz": "A",
    "mdma-134-11-03.npz": "B",
    "mdma-147-11-02.npz": "D",
    "mdma-199-11-01.npz": "C",
    "mdma-192-11-03.npz": "A",
    "mdma-109-11-03.npz": "B",
    "mdma-102-11-01.npz": "B",
    "mdma-156-11-04.npz": "A",
    "mdma-185-11-04.npz": "A",
    "mdma-104-11-00.npz": "B",
    "mdma-194-11-02.npz": "B",
    "mdma-141-11-03.npz": "A",
    "mdma-123-11-04.npz": "C",
    "mdma-139-11-00.npz": "A",
    "mdma-132-11-02.npz": "D",
    "mdma-106-11-03.npz": "C",
    "mdma-196-11-01.npz": "B",
    "mdma-148-11-02.npz": "C",
    "mdma-143-11-00.npz": "B",
    "mdma-159-11-04.npz": "B",
    "mdma-130-11-01.npz": "B",
    "mdma-140-11-04.npz": "C",
    "mdma-184-11-03.npz": "D",
    "mdma-151-11-02.npz": "C",
    "mdma-114-11-01.npz": "C",
    "mdma-122-11-03.npz": "B",
    "mdma-129-11-01.npz": "C",
    "mdma-186-11-00.npz": "C",
    "mdma-153-11-01.npz": "B",
    "mdma-158-11-03.npz": "C",
    "mdma-116-11-02.npz": "C",
    "mdma-107-11-04.npz": "A",
    "mdma-120-11-00.npz": "A",
    "mdma-127-11-00.npz": "B",
    "mdma-100-11-04.npz": "C",
    "mdma-111-11-02.npz": "B",
    "mdma-154-11-01.npz": "D",
    "mdma-181-11-00.npz": "D",
    "mdma-125-11-03.npz": "B",
    "mdma-113-11-01.npz": "C",
    "mdma-118-11-03.npz": "B",
    "mdma-156-11-02.npz": "D",
    "mdma-183-11-03.npz": "A",
    "mdma-188-11-01.npz": "D",
    "mdma-147-11-04.npz": "C",
    "mdma-137-11-01.npz": "C",
    "mdma-144-11-00.npz": "C",
    "mdma-191-11-01.npz": "B",
    "mdma-101-11-03.npz": "A",
    "mdma-135-11-02.npz": "D",
    "mdma-124-11-04.npz": "C",
    "mdma-146-11-03.npz": "A",
    "mdma-198-11-00.npz": "allbad",
    "mdma-193-11-02.npz": "C",
    "mdma-108-11-02.npz": "A",
    "mdma-103-11-00.npz": "B",
    "mdma-119-11-04.npz": "B",
    "mdma-182-11-04.npz": "A",
    "mdma-151-11-04.npz": "B",
    "mdma-105-11-01.npz": "B",
    "mdma-195-11-03.npz": "D",
    "mdma-140-11-02.npz": "B",
    "mdma-138-11-01.npz": "C",
    "mdma-133-11-03.npz": "D",
    "mdma-107-11-02.npz": "D",
    "mdma-197-11-00.npz": "D",
    "mdma-149-11-03.npz": "C",
    "mdma-142-11-01.npz": "B",
    "mdma-116-11-04.npz": "C",
    "mdma-131-11-00.npz": "D",
    "mdma-194-11-04.npz": "D",
    "mdma-185-11-02.npz": "A",
    "mdma-150-11-03.npz": "D",
    "mdma-115-11-00.npz": "C",
    "mdma-132-11-04.npz": "A",
    "mdma-123-11-02.npz": "C",
    "mdma-128-11-00.npz": "D",
    "mdma-187-11-01.npz": "B",
    "mdma-152-11-00.npz": "D",
    "mdma-159-11-02.npz": "A",
    "mdma-117-11-03.npz": "D",
    "mdma-148-11-04.npz": "D",
    "mdma-121-11-01.npz": "D",
    "mdma-124-11-03.npz": "A",
    "mdma-146-11-04.npz": "A",
    "mdma-119-11-03.npz": "D",
    "mdma-112-11-01.npz": "D",
    "mdma-157-11-02.npz": "B",
    "mdma-189-11-01.npz": "D",
    "mdma-182-11-03.npz": "C",
    "mdma-126-11-00.npz": "C",
    "mdma-110-11-02.npz": "D",
    "mdma-155-11-01.npz": "C",
    "mdma-180-11-00.npz": "A",
    "mdma-101-11-04.npz": "A",
    "mdma-125-11-04.npz": "B",
    "mdma-134-11-02.npz": "A",
    "mdma-118-11-04.npz": "A",
    "mdma-183-11-04.npz": "D",
    "mdma-147-11-03.npz": "D",
    "mdma-192-11-02.npz": "A",
    "mdma-199-11-00.npz": "A",
    "mdma-102-11-00.npz": "B",
    "mdma-109-11-02.npz": "C",
    "mdma-136-11-01.npz": "A",
    "mdma-145-11-00.npz": "D",
    "mdma-190-11-01.npz": "A",
    "mdma-100-11-03.npz": "C",
    "mdma-117-11-04.npz": "C",
    "mdma-106-11-02.npz": "D",
    "mdma-196-11-00.npz": "C",
    "mdma-143-11-01.npz": "A",
    "mdma-148-11-03.npz": "C",
    "mdma-130-11-00.npz": "D",
    "mdma-104-11-01.npz": "A",
    "mdma-194-11-03.npz": "A",
    "mdma-141-11-02.npz": "B",
    "mdma-150-11-04.npz": "A",
    "mdma-132-11-03.npz": "A",
    "mdma-139-11-01.npz": "D",
    "mdma-149-11-04.npz": "B",
    "mdma-186-11-01.npz": "D",
    "mdma-158-11-02.npz": "D",
    "mdma-153-11-00.npz": "C",
    "mdma-116-11-03.npz": "A",
    "mdma-120-11-01.npz": "C",
    "mdma-184-11-02.npz": "D",
    "mdma-151-11-03.npz": "B",
    "mdma-114-11-00.npz": "D",
    "mdma-195-11-04.npz": "C",
    "mdma-129-11-00.npz": "A",
    "mdma-122-11-02.npz": "B",
    "mdma-133-11-04.npz": "D",
    "mdma-134-11-04.npz": "A",
    "mdma-125-11-02.npz": "D",
    "mdma-192-11-04.npz": "C",
    "mdma-109-11-04.npz": "C",
    "mdma-118-11-02.npz": "C",
    "mdma-113-11-00.npz": "C",
    "mdma-156-11-03.npz": "A",
    "mdma-188-11-00.npz": "A",
    "mdma-183-11-02.npz": "D",
    "mdma-127-11-01.npz": "C",
    "mdma-111-11-03.npz": "A",
    "mdma-154-11-00.npz": "C",
    "mdma-181-11-01.npz": "C",
    "mdma-135-11-03.npz": "A",
    "mdma-157-11-04.npz": "B",
    "mdma-146-11-02.npz": "A",
    "mdma-193-11-03.npz": "D",
    "mdma-198-11-01.npz": "B",
    "mdma-103-11-01.npz": "D",
    "mdma-108-11-03.npz": "A",
    "mdma-137-11-00.npz": "B",
    "mdma-144-11-01.npz": "C",
    "mdma-191-11-00.npz": "B",
    "mdma-101-11-02.npz": "A",
    "mdma-110-11-04.npz": "C",
    "mdma-158-11-04.npz": "A",
    "mdma-107-11-03.npz": "A",
    "mdma-197-11-01.npz": "D",
    "mdma-142-11-00.npz": "A",
    "mdma-149-11-02.npz": "B",
    "mdma-131-11-01.npz": "C",
    "mdma-105-11-00.npz": "B",
    "mdma-195-11-02.npz": "A",
    "mdma-140-11-03.npz": "B",
    "mdma-184-11-04.npz": "C",
    "mdma-133-11-02.npz": "A",
    "mdma-138-11-00.npz": "D",
    "mdma-122-11-04.npz": "A",
    "mdma-106-11-04.npz": "B",
    "mdma-187-11-00.npz": "D",
    "mdma-159-11-03.npz": "B",
    "mdma-152-11-01.npz": "B",
    "mdma-117-11-02.npz": "B",
    "mdma-121-11-00.npz": "A",
    "mdma-185-11-03.npz": "B",
    "mdma-150-11-02.npz": "A",
    "mdma-115-11-01.npz": "D",
    "mdma-141-11-04.npz": "A",
    "mdma-128-11-01.npz": "C",
    "mdma-123-11-03.npz": "D",
    "mdma-181-11-04.npz": "C",
    "mdma-190-11-02.npz": "D",
    "mdma-145-11-03.npz": "A",
    "mdma-100-11-00.npz": "A",
    "mdma-127-11-04.npz": "D",
    "mdma-136-11-02.npz": "B",
    "mdma-199-11-03.npz": "D",
    "mdma-192-11-01.npz": "D",
    "mdma-147-11-00.npz": "A",
    "mdma-109-11-01.npz": "B",
    "mdma-102-11-03.npz": "C",
    "mdma-134-11-01.npz": "B",
    "mdma-144-11-04.npz": "B",
    "mdma-110-11-01.npz": "B",
    "mdma-180-11-03.npz": "A",
    "mdma-155-11-02.npz": "A",
    "mdma-126-11-03.npz": "D",
    "mdma-112-11-02.npz": "A",
    "mdma-119-11-00.npz": "C",
    "mdma-182-11-00.npz": "C",
    "mdma-189-11-02.npz": "D",
    "mdma-157-11-01.npz": "C",
    "mdma-198-11-04.npz": "C",
    "mdma-103-11-04.npz": "D",
    "mdma-124-11-00.npz": "A",
    "mdma-122-11-01.npz": "A",
    "mdma-129-11-03.npz": "B",
    "mdma-151-11-00.npz": "D",
    "mdma-184-11-01.npz": "D",
    "mdma-114-11-03.npz": "A",
    "mdma-120-11-02.npz": "A",
    "mdma-131-11-04.npz": "D",
    "mdma-153-11-03.npz": "A",
    "mdma-158-11-01.npz": "C",
    "mdma-186-11-02.npz": "D",
    "mdma-116-11-00.npz": "D",
    "mdma-197-11-04.npz": "C",
    "mdma-128-11-04.npz": "D",
    "mdma-139-11-02.npz": "C",
    "mdma-132-11-00.npz": "C",
    "mdma-115-11-04.npz": "C",
    "mdma-104-11-02.npz": "D",
    "mdma-141-11-01.npz": "B",
    "mdma-194-11-00.npz": "A",
    "mdma-130-11-03.npz": "D",
    "mdma-106-11-01.npz": "D",
    "mdma-148-11-00.npz": "B",
    "mdma-143-11-02.npz": "A",
    "mdma-196-11-03.npz": "C",
    "mdma-152-11-04.npz": "D",
    "mdma-155-11-04.npz": "B",
    "mdma-191-11-03.npz": "C",
    "mdma-144-11-02.npz": "C",
    "mdma-101-11-01.npz": "A",
    "mdma-137-11-03.npz": "A",
    "mdma-198-11-02.npz": "B",
    "mdma-193-11-00.npz": "D",
    "mdma-146-11-01.npz": "C",
    "mdma-108-11-00.npz": "D",
    "mdma-103-11-02.npz": "A",
    "mdma-112-11-04.npz": "C",
    "mdma-189-11-04.npz": "C",
    "mdma-135-11-00.npz": "B",
    "mdma-190-11-04.npz": "B",
    "mdma-111-11-00.npz": "C",
    "mdma-181-11-02.npz": "B",
    "mdma-154-11-03.npz": "A",
    "mdma-136-11-04.npz": "C",
    "mdma-127-11-02.npz": "C",
    "mdma-113-11-03.npz": "A",
    "mdma-118-11-01.npz": "B",
    "mdma-183-11-01.npz": "D",
    "mdma-188-11-03.npz": "A",
    "mdma-156-11-00.npz": "B",
    "mdma-125-11-01.npz": "A",
    "mdma-139-11-04.npz": "A",
    "mdma-123-11-00.npz": "C",
    "mdma-128-11-02.npz": "D",
    "mdma-104-11-04.npz": "C",
    "mdma-150-11-01.npz": "D",
    "mdma-185-11-00.npz": "C",
    "mdma-115-11-02.npz": "C",
    "mdma-121-11-03.npz": "B",
    "mdma-152-11-02.npz": "B",
    "mdma-159-11-00.npz": "D",
    "mdma-187-11-03.npz": "A",
    "mdma-117-11-01.npz": "B",
    "mdma-143-11-04.npz": "A",
    "mdma-138-11-03.npz": "D",
    "mdma-133-11-01.npz": "D",
    "mdma-105-11-03.npz": "C",
    "mdma-140-11-00.npz": "C",
    "mdma-195-11-01.npz": "D",
    "mdma-131-11-02.npz": "B",
    "mdma-120-11-04.npz": "C",
    "mdma-107-11-00.npz": "C",
    "mdma-149-11-01.npz": "D",
    "mdma-142-11-03.npz": "B",
    "mdma-197-11-02.npz": "C",
    "mdma-186-11-04.npz": "A",
    "mdma-113-11-04.npz": "C",
    "mdma-188-11-04.npz": "B",
    "mdma-192-11-00.npz": "B",
    "mdma-199-11-02.npz": "A",
    "mdma-147-11-01.npz": "D",
    "mdma-102-11-02.npz": "C",
    "mdma-109-11-00.npz": "C",
    "mdma-134-11-00.npz": "C",
    "mdma-190-11-03.npz": "A",
    "mdma-145-11-02.npz": "D",
    "mdma-100-11-01.npz": "A",
    "mdma-154-11-04.npz": "D",
    "mdma-136-11-03.npz": "B",
    "mdma-119-11-01.npz": "B",
    "mdma-112-11-03.npz": "C",
    "mdma-189-11-03.npz": "B",
    "mdma-182-11-01.npz": "D",
    "mdma-157-11-00.npz": "A",
    "mdma-124-11-01.npz": "A",
    "mdma-110-11-00.npz": "B",
    "mdma-180-11-02.npz": "D",
    "mdma-155-11-03.npz": "C",
    "mdma-191-11-04.npz": "C",
    "mdma-126-11-02.npz": "A",
    "mdma-137-11-04.npz": "A",
    "mdma-120-11-03.npz": "C",
    "mdma-142-11-04.npz": "C",
    "mdma-158-11-00.npz": "B",
    "mdma-153-11-02.npz": "B",
    "mdma-186-11-03.npz": "C",
    "mdma-116-11-01.npz": "C",
    "mdma-129-11-02.npz": "B",
    "mdma-122-11-00.npz": "B",
    "mdma-138-11-04.npz": "A",
    "mdma-151-11-01.npz": "A",
    "mdma-184-11-00.npz": "B",
    "mdma-114-11-02.npz": "D",
    "mdma-105-11-04.npz": "C",
    "mdma-121-11-04.npz": "B",
    "mdma-130-11-02.npz": "B",
    "mdma-187-11-04.npz": "C",
    "mdma-106-11-00.npz": "C",
    "mdma-143-11-03.npz": "D",
    "mdma-148-11-01.npz": "D",
    "mdma-196-11-02.npz": "B",
    "mdma-132-11-01.npz": "B",
    "mdma-139-11-03.npz": "A",
    "mdma-104-11-03.npz": "C",
    "mdma-141-11-00.npz": "C",
    "mdma-194-11-01.npz": "D",
    "mdma-193-11-01.npz": "D",
    "mdma-198-11-03.npz": "D",
    "mdma-146-11-00.npz": "A",
    "mdma-103-11-03.npz": "B",
    "mdma-108-11-01.npz": "A",
    "mdma-135-11-01.npz": "C",
    "mdma-191-11-02.npz": "B",
    "mdma-144-11-03.npz": "D",
    "mdma-101-11-00.npz": "B",
    "mdma-180-11-04.npz": "C",
    "mdma-137-11-02.npz": "D",
    "mdma-126-11-04.npz": "D",
    "mdma-199-11-04.npz": "A",
    "mdma-102-11-04.npz": "D",
    "mdma-118-11-00.npz": "A",
    "mdma-113-11-02.npz": "B",
    "mdma-188-11-02.npz": "D",
    "mdma-183-11-00.npz": "A",
    "mdma-156-11-01.npz": "C",
    "mdma-125-11-00.npz": "B",
    "mdma-111-11-01.npz": "A",
    "mdma-181-11-03.npz": "D",
    "mdma-154-11-02.npz": "C",
    "mdma-145-11-04.npz": "B",
    "mdma-127-11-03.npz": "D",
    "mdma-130-11-04.npz": "A",
    "mdma-121-11-02.npz": "A",
    "mdma-196-11-04.npz": "C",
    "mdma-159-11-01.npz": "D",
    "mdma-152-11-03.npz": "B",
    "mdma-187-11-02.npz": "B",
    "mdma-117-11-00.npz": "D",
    "mdma-128-11-03.npz": "C",
    "mdma-123-11-01.npz": "D",
    "mdma-150-11-00.npz": "B",
    "mdma-185-11-01.npz": "C",
    "mdma-115-11-03.npz": "B",
    "mdma-131-11-03.npz": "D",
    "mdma-153-11-04.npz": "C",
    "mdma-107-11-01.npz": "D",
    "mdma-142-11-02.npz": "C",
    "mdma-149-11-00.npz": "C",
    "mdma-197-11-03.npz": "B",
    "mdma-133-11-00.npz": "C",
    "mdma-138-11-02.npz": "C",
    "mdma-129-11-04.npz": "C",
    "mdma-105-11-02.npz": "A",
    "mdma-140-11-01.npz": "D",
    "mdma-195-11-00.npz": "B",
    "mdma-114-11-04.npz": "D"
}