{
    "mdmu-s59-37-01.npz": "D",
    "mdmu-s32-37-01.npz": "B",
    "mdmu-s75-37-00.npz": "A",
    "mdmu-s28-37-01.npz": "allbad",
    "mdmu-106-37-00.npz": "D",
    "mdmu-116-37-01.npz": "C",
    "mdmu-110-37-00.npz": "D",
    "mdmu-119-37-01.npz": "B",
    "mdmu-100-37-01.npz": "C",
    "mdmu-109-37-00.npz": "D",
    "mdmu-107-37-01.npz": "C",
    "mdmu-159-37-01.npz": "C",
    "mdmu-117-37-00.npz": "C",
    "mdmu-111-37-01.npz": "A",
    "mdmu-118-37-00.npz": "allgood",
    "mdmu-101-37-00.npz": "A",
    "mdmu-108-37-01.npz": "A",
    "mdmu-106-37-01.npz": "C",
    "mdmu-116-37-00.npz": "D",
    "mdmu-119-37-00.npz": "C",
    "mdmu-110-37-01.npz": "D",
    "mdmu-109-37-01.npz": "D",
    "mdmu-100-37-00.npz": "B",
    "mdmu-107-37-00.npz": "B",
    "mdmu-149-37-01.npz": "A",
    "mdmu-117-37-01.npz": "A",
    "mdmu-118-37-01.npz": "C",
    "mdmu-111-37-00.npz": "D",
    "mdmu-108-37-00.npz": "A",
    "mdmu-101-37-01.npz": "C",
    "mdmu-114-37-00.npz": "D",
    "mdmu-129-37-00.npz": "B",
    "mdmu-104-37-01.npz": "C",
    "mdmu-136-37-01.npz": "D",
    "mdmu-102-37-00.npz": "B",
    "mdmu-112-37-01.npz": "C",
    "mdmu-115-37-01.npz": "C",
    "mdmu-105-37-00.npz": "D",
    "mdmu-142-37-00.npz": "D",
    "mdmu-103-37-01.npz": "C",
    "mdmu-113-37-00.npz": "A",
    "mdmu-114-37-01.npz": "D",
    "mdmu-104-37-00.npz": "C",
    "mdmu-102-37-01.npz": "A",
    "mdmu-112-37-00.npz": "D",
    "mdmu-121-37-01.npz": "D",
    "mdmu-115-37-00.npz": "B",
    "mdmu-105-37-01.npz": "B",
    "mdmu-198-37-00.npz": "A",
    "mdmu-103-37-00.npz": "A",
    "mdmu-113-37-01.npz": "C"
}