{
    "mdma-s10-06-00.npz": "D",
    "mdma-s10-06-01.npz": "C",
    "mdma-s10-06-02.npz": "A",
    "mdma-s10-06-03.npz": "C",
    "mdma-s10-06-04.npz": "D",
    "mdma-s11-06-00.npz": "C",
    "mdma-s11-06-01.npz": "A",
    "mdma-s11-06-02.npz": "B",
    "mdma-s11-06-03.npz": "D",
    "mdma-s11-06-04.npz": "D",
    "mdma-s12-06-00.npz": "D",
    "mdma-s12-06-01.npz": "allbad",
    "mdma-s12-06-03.npz": "B",
    "mdma-s12-06-04.npz": "D",
    "mdma-s13-06-01.npz": "B",
    "mdma-s13-06-02.npz": "B",
    "mdma-s13-06-03.npz": "A",
    "mdma-s13-06-04.npz": "D",
    "mdma-s14-06-00.npz": "A",
    "mdma-s14-06-01.npz": "B",
    "mdma-s14-06-02.npz": "D",
    "mdma-s14-06-03.npz": "C",
    "mdma-s14-06-04.npz": "C",
    "mdma-s15-06-00.npz": "A",
    "mdma-s15-06-01.npz": "A",
    "mdma-s15-06-02.npz": "allbad",
    "mdma-s15-06-03.npz": "C",
    "mdma-s15-06-04.npz": "C",
    "mdma-s16-06-00.npz": "A",
    "mdma-s16-06-01.npz": "C",
    "mdma-s16-06-02.npz": "B",
    "mdma-s16-06-03.npz": "D",
    "mdma-s16-06-04.npz": "C",
    "mdma-s17-06-00.npz": "D",
    "mdma-s17-06-01.npz": "D",
    "mdma-s17-06-02.npz": "D",
    "mdma-s17-06-04.npz": "B",
    "mdma-s18-06-00.npz": "A",
    "mdma-s18-06-01.npz": "A",
    "mdma-s18-06-02.npz": "D",
    "mdma-s18-06-03.npz": "D",
    "mdma-s18-06-04.npz": "C",
    "mdma-s19-06-00.npz": "A",
    "mdma-s19-06-01.npz": "C",
    "mdma-s19-06-02.npz": "A",
    "mdma-s19-06-03.npz": "A",
    "mdma-s19-06-04.npz": "B",
    "mdma-s40-06-01.npz": "C",
    "mdma-s40-06-02.npz": "C",
    "mdma-s40-06-03.npz": "B",
    "mdma-s40-06-04.npz": "C",
    "mdma-s41-06-00.npz": "B",
    "mdma-s41-06-01.npz": "B",
    "mdma-s41-06-02.npz": "C",
    "mdma-s41-06-03.npz": "A",
    "mdma-s41-06-04.npz": "B",
    "mdma-s42-06-00.npz": "C",
    "mdma-s42-06-01.npz": "B",
    "mdma-s42-06-02.npz": "C",
    "mdma-s42-06-03.npz": "B",
    "mdma-s42-06-04.npz": "allbad",
    "mdma-s43-06-00.npz": "B",
    "mdma-s43-06-01.npz": "D",
    "mdma-s43-06-02.npz": "D",
    "mdma-s43-06-03.npz": "B",
    "mdma-s43-06-04.npz": "C",
    "mdma-s44-06-00.npz": "D",
    "mdma-s44-06-01.npz": "B",
    "mdma-s44-06-02.npz": "A",
    "mdma-s44-06-03.npz": "C",
    "mdma-s44-06-04.npz": "B",
    "mdma-s45-06-00.npz": "C",
    "mdma-s45-06-01.npz": "D",
    "mdma-s45-06-02.npz": "A",
    "mdma-s45-06-03.npz": "D",
    "mdma-s45-06-04.npz": "C",
    "mdma-s46-06-00.npz": "A",
    "mdma-s46-06-01.npz": "A",
    "mdma-s46-06-02.npz": "A",
    "mdma-s46-06-03.npz": "A",
    "mdma-s46-06-04.npz": "C",
    "mdma-s47-06-00.npz": "C",
    "mdma-s47-06-01.npz": "C",
    "mdma-s47-06-02.npz": "B",
    "mdma-s47-06-03.npz": "A",
    "mdma-s47-06-04.npz": "C",
    "mdma-s48-06-00.npz": "B",
    "mdma-s48-06-01.npz": "B",
    "mdma-s48-06-02.npz": "C",
    "mdma-s48-06-03.npz": "D",
    "mdma-s48-06-04.npz": "C",
    "mdma-s49-06-00.npz": "B",
    "mdma-s49-06-01.npz": "B",
    "mdma-s49-06-02.npz": "D",
    "mdma-s49-06-03.npz": "B",
    "mdma-s49-06-04.npz": "C",
    "mdma-s50-06-01.npz": "D",
    "mdma-s50-06-02.npz": "D",
    "mdma-s50-06-03.npz": "B",
    "mdma-s50-06-04.npz": "B",
    "mdma-s51-06-00.npz": "allbad",
    "mdma-s51-06-01.npz": "B",
    "mdma-s51-06-02.npz": "B",
    "mdma-s51-06-03.npz": "allbad",
    "mdma-s51-06-04.npz": "A",
    "mdma-s52-06-00.npz": "D",
    "mdma-s52-06-01.npz": "allbad",
    "mdma-s52-06-02.npz": "B",
    "mdma-s52-06-03.npz": "A",
    "mdma-s52-06-04.npz": "D",
    "mdma-s53-06-00.npz": "D",
    "mdma-s53-06-01.npz": "D",
    "mdma-s53-06-02.npz": "A",
    "mdma-s53-06-03.npz": "D",
    "mdma-s53-06-04.npz": "D",
    "mdma-s54-06-00.npz": "A",
    "mdma-s54-06-01.npz": "D",
    "mdma-s54-06-02.npz": "allbad",
    "mdma-s54-06-03.npz": "C",
    "mdma-s54-06-04.npz": "D",
    "mdma-s55-06-00.npz": "D",
    "mdma-s55-06-01.npz": "A",
    "mdma-s55-06-02.npz": "D",
    "mdma-s55-06-03.npz": "C",
    "mdma-s55-06-04.npz": "B",
    "mdma-s56-06-00.npz": "A",
    "mdma-s56-06-01.npz": "D",
    "mdma-s56-06-02.npz": "B",
    "mdma-s56-06-03.npz": "A",
    "mdma-s56-06-04.npz": "A",
    "mdma-s57-06-00.npz": "C",
    "mdma-s57-06-01.npz": "B",
    "mdma-s57-06-02.npz": "C",
    "mdma-s57-06-03.npz": "C",
    "mdma-s57-06-04.npz": "C",
    "mdma-s58-06-00.npz": "B",
    "mdma-s58-06-01.npz": "D",
    "mdma-s58-06-02.npz": "A",
    "mdma-s58-06-03.npz": "B",
    "mdma-s58-06-04.npz": "C",
    "mdma-s59-06-01.npz": "D",
    "mdma-s59-06-02.npz": "B",
    "mdma-s59-06-03.npz": "D",
    "mdma-s59-06-04.npz": "A",
    "mdma-s60-06-01.npz": "D",
    "mdma-s60-06-02.npz": "C",
    "mdma-s60-06-03.npz": "C",
    "mdma-s60-06-04.npz": "A",
    "mdma-s61-06-00.npz": "D",
    "mdma-s61-06-01.npz": "A",
    "mdma-s61-06-02.npz": "D",
    "mdma-s61-06-04.npz": "A",
    "mdma-s62-06-00.npz": "C",
    "mdma-s62-06-01.npz": "D",
    "mdma-s62-06-02.npz": "C",
    "mdma-s62-06-03.npz": "A",
    "mdma-s62-06-04.npz": "D",
    "mdma-s63-06-00.npz": "D",
    "mdma-s63-06-01.npz": "D",
    "mdma-s63-06-02.npz": "allbad",
    "mdma-s63-06-03.npz": "C",
    "mdma-s63-06-04.npz": "D",
    "mdma-s64-06-00.npz": "D",
    "mdma-s64-06-01.npz": "A",
    "mdma-s64-06-02.npz": "D",
    "mdma-s64-06-03.npz": "B",
    "mdma-s64-06-04.npz": "D",
    "mdma-s65-06-00.npz": "C",
    "mdma-s65-06-01.npz": "B",
    "mdma-s65-06-02.npz": "C",
    "mdma-s65-06-03.npz": "B",
    "mdma-s65-06-04.npz": "B",
    "mdma-s66-06-00.npz": "D",
    "mdma-s66-06-01.npz": "C",
    "mdma-s66-06-02.npz": "D",
    "mdma-s66-06-03.npz": "C",
    "mdma-s66-06-04.npz": "C",
    "mdma-s67-06-00.npz": "C",
    "mdma-s67-06-01.npz": "A",
    "mdma-s67-06-02.npz": "C",
    "mdma-s67-06-03.npz": "C",
    "mdma-s67-06-04.npz": "D",
    "mdma-s68-06-02.npz": "B",
    "mdma-s68-06-04.npz": "A",
    "mdma-s69-06-02.npz": "B",
    "mdma-s69-06-03.npz": "A",
    "mdma-s70-06-01.npz": "A",
    "mdma-s70-06-02.npz": "B",
    "mdma-s70-06-03.npz": "D",
    "mdma-s70-06-04.npz": "C",
    "mdma-s71-06-00.npz": "D",
    "mdma-s71-06-02.npz": "B",
    "mdma-s71-06-03.npz": "A",
    "mdma-s71-06-04.npz": "A",
    "mdma-s72-06-00.npz": "D",
    "mdma-s72-06-01.npz": "C",
    "mdma-s72-06-02.npz": "D",
    "mdma-s72-06-03.npz": "B",
    "mdma-s72-06-04.npz": "A",
    "mdma-s73-06-00.npz": "D",
    "mdma-s73-06-01.npz": "B",
    "mdma-s73-06-02.npz": "A",
    "mdma-s73-06-03.npz": "B",
    "mdma-s73-06-04.npz": "B",
    "mdma-s74-06-00.npz": "B",
    "mdma-s74-06-01.npz": "B",
    "mdma-s74-06-02.npz": "A",
    "mdma-s74-06-03.npz": "C",
    "mdma-s74-06-04.npz": "A",
    "mdma-s75-06-00.npz": "A",
    "mdma-s75-06-01.npz": "A",
    "mdma-s75-06-02.npz": "D",
    "mdma-s75-06-03.npz": "A",
    "mdma-s76-06-00.npz": "C",
    "mdma-s76-06-01.npz": "D",
    "mdma-s76-06-02.npz": "C",
    "mdma-s76-06-04.npz": "C",
    "mdma-s77-06-00.npz": "A",
    "mdma-s77-06-01.npz": "A",
    "mdma-s77-06-02.npz": "B",
    "mdma-s77-06-03.npz": "C",
    "mdma-s78-06-00.npz": "A",
    "mdma-s78-06-01.npz": "A",
    "mdma-s78-06-03.npz": "B",
    "mdma-s78-06-04.npz": "D",
    "mdma-s79-06-00.npz": "A",
    "mdma-s79-06-01.npz": "B",
    "mdma-s79-06-03.npz": "A",
    "mdma-s79-06-04.npz": "B",
    "mdma-s80-06-02.npz": "D",
    "mdma-s80-06-03.npz": "A",
    "mdma-s80-06-04.npz": "A",
    "mdma-s81-06-00.npz": "A",
    "mdma-s81-06-01.npz": "D",
    "mdma-s81-06-02.npz": "C",
    "mdma-s81-06-03.npz": "C",
    "mdma-s81-06-04.npz": "A",
    "mdma-s82-06-00.npz": "B",
    "mdma-s82-06-01.npz": "C",
    "mdma-s82-06-02.npz": "C",
    "mdma-s83-06-00.npz": "C",
    "mdma-s83-06-01.npz": "D",
    "mdma-s83-06-02.npz": "B",
    "mdma-s83-06-03.npz": "allbad",
    "mdma-s83-06-04.npz": "B",
    "mdma-s84-06-00.npz": "B",
    "mdma-s84-06-01.npz": "allbad",
    "mdma-s84-06-02.npz": "allbad",
    "mdma-s84-06-03.npz": "A",
    "mdma-s84-06-04.npz": "A",
    "mdma-s85-06-00.npz": "B",
    "mdma-s85-06-01.npz": "A",
    "mdma-s85-06-02.npz": "A",
    "mdma-s85-06-04.npz": "C",
    "mdma-s86-06-00.npz": "B",
    "mdma-s86-06-01.npz": "B",
    "mdma-s86-06-03.npz": "B",
    "mdma-s87-06-01.npz": "B",
    "mdma-s87-06-02.npz": "B",
    "mdma-s87-06-03.npz": "D",
    "mdma-s87-06-04.npz": "C",
    "mdma-s88-06-00.npz": "C",
    "mdma-s88-06-01.npz": "A",
    "mdma-s88-06-02.npz": "A",
    "mdma-s88-06-03.npz": "C",
    "mdma-s88-06-04.npz": "D",
    "mdma-s89-06-00.npz": "D",
    "mdma-s89-06-01.npz": "allbad",
    "mdma-s89-06-03.npz": "B",
    "mdma-s89-06-04.npz": "B",
    "mdma-s90-06-01.npz": "A",
    "mdma-s90-06-02.npz": "C",
    "mdma-s90-06-03.npz": "C",
    "mdma-s90-06-04.npz": "D",
    "mdma-s91-06-00.npz": "B",
    "mdma-s91-06-01.npz": "C",
    "mdma-s91-06-02.npz": "B",
    "mdma-s91-06-03.npz": "B",
    "mdma-s91-06-04.npz": "allbad",
    "mdma-s92-06-01.npz": "A",
    "mdma-s92-06-02.npz": "A",
    "mdma-s92-06-03.npz": "allbad",
    "mdma-s92-06-04.npz": "C",
    "mdma-s93-06-00.npz": "allbad",
    "mdma-s93-06-01.npz": "D",
    "mdma-s93-06-02.npz": "A",
    "mdma-s93-06-03.npz": "C",
    "mdma-s93-06-04.npz": "B",
    "mdma-s94-06-00.npz": "B",
    "mdma-s94-06-01.npz": "C",
    "mdma-s94-06-02.npz": "B",
    "mdma-s94-06-04.npz": "C",
    "mdma-s95-06-01.npz": "D",
    "mdma-s95-06-02.npz": "D",
    "mdma-s95-06-03.npz": "B",
    "mdma-s95-06-04.npz": "C",
    "mdma-s96-06-00.npz": "A",
    "mdma-s96-06-01.npz": "C",
    "mdma-s96-06-02.npz": "B",
    "mdma-s96-06-03.npz": "D",
    "mdma-s96-06-04.npz": "B",
    "mdma-s97-06-00.npz": "B",
    "mdma-s97-06-01.npz": "D",
    "mdma-s97-06-02.npz": "D",
    "mdma-s97-06-03.npz": "D",
    "mdma-s97-06-04.npz": "A",
    "mdma-s98-06-00.npz": "C",
    "mdma-s98-06-01.npz": "A",
    "mdma-s98-06-02.npz": "allbad",
    "mdma-s98-06-03.npz": "A",
    "mdma-s98-06-04.npz": "D",
    "mdma-s99-06-00.npz": "C",
    "mdma-s99-06-01.npz": "D",
    "mdma-s99-06-02.npz": "C",
    "mdma-s99-06-03.npz": "D",
    "mdma-s99-06-04.npz": "B"
}