{"mdmu-s00-20-00.npz": "C", "mdmu-s00-20-01.npz": "D", "mdmu-s01-20-00.npz": "A", "mdmu-s01-20-01.npz": "A", "mdmu-s02-20-00.npz": "D", "mdmu-s02-20-01.npz": "C", "mdmu-s03-20-00.npz": "A", "mdmu-s03-20-01.npz": "A", "mdmu-s04-20-00.npz": "A", "mdmu-s04-20-01.npz": "D", "mdmu-s05-20-01.npz": "D", "mdmu-s06-20-00.npz": "D", "mdmu-s07-20-00.npz": "A", "mdmu-s07-20-01.npz": "C", "mdmu-s08-20-00.npz": "D", "mdmu-s09-20-00.npz": "C", "mdmu-s09-20-01.npz": "D", "mdmu-s10-20-00.npz": "D", "mdmu-s10-20-01.npz": "C", "mdmu-s11-20-00.npz": "A", "mdmu-s11-20-01.npz": "A", "mdmu-s12-20-00.npz": "D", "mdmu-s12-20-01.npz": "B", "mdmu-s13-20-00.npz": "A", "mdmu-s13-20-01.npz": "C", "mdmu-s14-20-00.npz": "B", "mdmu-s14-20-01.npz": "A", "mdmu-s15-20-00.npz": "C", "mdmu-s15-20-01.npz": "B", "mdmu-s16-20-00.npz": "C", "mdmu-s16-20-01.npz": "C", "mdmu-s17-20-00.npz": "C", "mdmu-s17-20-01.npz": "C", "mdmu-s18-20-00.npz": "D", "mdmu-s18-20-01.npz": "A", "mdmu-s19-20-00.npz": "D", "mdmu-s19-20-01.npz": "A", "mdmu-s20-20-00.npz": "A", "mdmu-s20-20-01.npz": "B", "mdmu-s21-20-00.npz": "A", "mdmu-s21-20-01.npz": "D", "mdmu-s22-20-00.npz": "B", "mdmu-s22-20-01.npz": "C", "mdmu-s23-20-00.npz": "D", "mdmu-s23-20-01.npz": "C", "mdmu-s24-20-00.npz": "C", "mdmu-s25-20-01.npz": "D", "mdmu-s26-20-00.npz": "D", "mdmu-s26-20-01.npz": "C", "mdmu-s27-20-00.npz": "D", "mdmu-s27-20-01.npz": "A", "mdmu-s28-20-00.npz": "C", "mdmu-s28-20-01.npz": "D", "mdmu-s29-20-00.npz": "C", "mdmu-s29-20-01.npz": "A", "mdmu-s30-20-00.npz": "D", "mdmu-s30-20-01.npz": "B", "mdmu-s31-20-00.npz": "B", "mdmu-s31-20-01.npz": "D", "mdmu-s32-20-00.npz": "A", "mdmu-s33-20-00.npz": "D", "mdmu-s33-20-01.npz": "A", "mdmu-s34-20-00.npz": "B", "mdmu-s34-20-01.npz": "B", "mdmu-s35-20-00.npz": "B", "mdmu-s35-20-01.npz": "D", "mdmu-s36-20-00.npz": "A", "mdmu-s36-20-01.npz": "B", "mdmu-s37-20-00.npz": "C", "mdmu-s37-20-01.npz": "C", "mdmu-s38-20-00.npz": "B", "mdmu-s38-20-01.npz": "D", "mdmu-s39-20-00.npz": "B", "mdmu-s39-20-01.npz": "B", "mdmu-s40-20-01.npz": "C", "mdmu-s41-20-00.npz": "B", "mdmu-s41-20-01.npz": "C", "mdmu-s42-20-00.npz": "A", "mdmu-s42-20-01.npz": "C", "mdmu-s43-20-00.npz": "B", "mdmu-s43-20-01.npz": "A", "mdmu-s44-20-00.npz": "C", "mdmu-s44-20-01.npz": "D", "mdmu-s45-20-00.npz": "B", "mdmu-s45-20-01.npz": "C", "mdmu-s46-20-00.npz": "C", "mdmu-s46-20-01.npz": "D", "mdmu-s47-20-00.npz": "C", "mdmu-s47-20-01.npz": "B", "mdmu-s48-20-00.npz": "A", "mdmu-s48-20-01.npz": "B", "mdmu-s49-20-00.npz": "B", "mdmu-s49-20-01.npz": "B", "mdmu-s50-20-01.npz": "A", "mdmu-s51-20-00.npz": "C", "mdmu-s51-20-01.npz": "A", "mdmu-s52-20-00.npz": "D", "mdmu-s52-20-01.npz": "C", "mdmu-s53-20-00.npz": "C", "mdmu-s53-20-01.npz": "B", "mdmu-s54-20-00.npz": "D", "mdmu-s54-20-01.npz": "C", "mdmu-s55-20-00.npz": "B", "mdmu-s55-20-01.npz": "D", "mdmu-s56-20-00.npz": "A", "mdmu-s56-20-01.npz": "B", "mdmu-s57-20-00.npz": "C", "mdmu-s57-20-01.npz": "D", "mdmu-s58-20-00.npz": "D", "mdmu-s58-20-01.npz": "A", "mdmu-s59-20-00.npz": "A", "mdmu-s59-20-01.npz": "C", "mdmu-s60-20-01.npz": "D", "mdmu-s61-20-00.npz": "C", "mdmu-s61-20-01.npz": "D", "mdmu-s62-20-00.npz": "A", "mdmu-s62-20-01.npz": "B", "mdmu-s63-20-00.npz": "A", "mdmu-s64-20-00.npz": "B", "mdmu-s64-20-01.npz": "D", "mdmu-s65-20-00.npz": "A", "mdmu-s65-20-01.npz": "B", "mdmu-s66-20-00.npz": "A", "mdmu-s66-20-01.npz": "C", "mdmu-s67-20-00.npz": "D", "mdmu-s67-20-01.npz": "D", "mdmu-s68-20-00.npz": "A", "mdmu-s68-20-01.npz": "B", "mdmu-s69-20-00.npz": "C", "mdmu-s69-20-01.npz": "A", "mdmu-s70-20-01.npz": "B", "mdmu-s71-20-00.npz": "A", "mdmu-s71-20-01.npz": "D", "mdmu-s72-20-00.npz": "C", "mdmu-s72-20-01.npz": "B", "mdmu-s73-20-00.npz": "A", "mdmu-s73-20-01.npz": "A", "mdmu-s74-20-00.npz": "C", "mdmu-s74-20-01.npz": "D", "mdmu-s75-20-00.npz": "D", "mdmu-s75-20-01.npz": "B", "mdmu-s76-20-00.npz": "D", "mdmu-s76-20-01.npz": "B", "mdmu-s77-20-00.npz": "C", "mdmu-s77-20-01.npz": "C", "mdmu-s78-20-00.npz": "D", "mdmu-s78-20-01.npz": "B", "mdmu-s79-20-00.npz": "C", "mdmu-s79-20-01.npz": "B", "mdmu-s80-20-01.npz": "A", "mdmu-s81-20-00.npz": "D", "mdmu-s81-20-01.npz": "A", "mdmu-s82-20-00.npz": "D", "mdmu-s82-20-01.npz": "A", "mdmu-s83-20-00.npz": "D", "mdmu-s83-20-01.npz": "A", "mdmu-s84-20-00.npz": "D", "mdmu-s84-20-01.npz": "A", "mdmu-s85-20-00.npz": "B", "mdmu-s85-20-01.npz": "C", "mdmu-s86-20-00.npz": "B", "mdmu-s86-20-01.npz": "B", "mdmu-s87-20-00.npz": "B", "mdmu-s87-20-01.npz": "B", "mdmu-s88-20-00.npz": "B", "mdmu-s88-20-01.npz": "A", "mdmu-s89-20-00.npz": "D", "mdmu-s89-20-01.npz": "B", "mdmu-s90-20-01.npz": "B", "mdmu-s91-20-00.npz": "A", "mdmu-s91-20-01.npz": "A", "mdmu-s92-20-00.npz": "C", "mdmu-s93-20-00.npz": "B", "mdmu-s93-20-01.npz": "A", "mdmu-s94-20-00.npz": "A", "mdmu-s94-20-01.npz": "D", "mdmu-s95-20-00.npz": "A", "mdmu-s95-20-01.npz": "C", "mdmu-s96-20-00.npz": "D", "mdmu-s96-20-01.npz": "A", "mdmu-s97-20-00.npz": "A", "mdmu-s97-20-01.npz": "A", "mdmu-s98-20-00.npz": "C", "mdmu-s98-20-01.npz": "C", "mdmu-s99-20-00.npz": "A", "mdmu-s99-20-01.npz": "D"}