{
    "mdmu-103-39-01.npz": "A",
    "mdmu-113-39-00.npz": "D",
    "mdmu-115-39-01.npz": "D",
    "mdmu-105-39-00.npz": "D",
    "mdmu-102-39-00.npz": "D",
    "mdmu-112-39-01.npz": "C",
    "mdmu-114-39-00.npz": "D",
    "mdmu-104-39-01.npz": "A",
    "mdmu-103-39-00.npz": "C",
    "mdmu-113-39-01.npz": "C",
    "mdmu-115-39-00.npz": "D",
    "mdmu-105-39-01.npz": "D",
    "mdmu-102-39-01.npz": "C",
    "mdmu-112-39-00.npz": "C",
    "mdmu-114-39-01.npz": "C",
    "mdmu-104-39-00.npz": "D",
    "mdmu-118-39-00.npz": "A",
    "mdmu-111-39-01.npz": "D",
    "mdmu-108-39-01.npz": "D",
    "mdmu-101-39-00.npz": "D",
    "mdmu-107-39-01.npz": "A",
    "mdmu-117-39-00.npz": "D",
    "mdmu-119-39-01.npz": "D",
    "mdmu-110-39-00.npz": "D",
    "mdmu-109-39-00.npz": "D",
    "mdmu-100-39-01.npz": "allbad",
    "mdmu-106-39-00.npz": "C",
    "mdmu-116-39-01.npz": "D",
    "mdmu-111-39-00.npz": "D",
    "mdmu-118-39-01.npz": "D",
    "mdmu-101-39-01.npz": "D",
    "mdmu-108-39-00.npz": "D",
    "mdmu-107-39-00.npz": "C",
    "mdmu-149-39-01.npz": "D",
    "mdmu-117-39-01.npz": "A",
    "mdmu-110-39-01.npz": "A",
    "mdmu-119-39-00.npz": "B",
    "mdmu-100-39-00.npz": "D",
    "mdmu-109-39-01.npz": "C",
    "mdmu-106-39-01.npz": "D",
    "mdmu-116-39-00.npz": "D"
}