{
    "mdma-190-03-00.npz": "D",
    "mdma-145-03-01.npz": "D",
    "mdma-100-03-02.npz": "B",
    "mdma-111-03-04.npz": "C",
    "mdma-136-03-00.npz": "A",
    "mdma-156-03-04.npz": "A",
    "mdma-199-03-01.npz": "B",
    "mdma-192-03-03.npz": "C",
    "mdma-147-03-02.npz": "C",
    "mdma-109-03-03.npz": "C",
    "mdma-102-03-01.npz": "C",
    "mdma-134-03-03.npz": "D",
    "mdma-110-03-03.npz": "D",
    "mdma-180-03-01.npz": "B",
    "mdma-155-03-00.npz": "D",
    "mdma-126-03-01.npz": "B",
    "mdma-193-03-04.npz": "B",
    "mdma-108-03-04.npz": "D",
    "mdma-112-03-00.npz": "D",
    "mdma-119-03-02.npz": "B",
    "mdma-182-03-02.npz": "D",
    "mdma-189-03-00.npz": "B",
    "mdma-157-03-03.npz": "C",
    "mdma-135-03-04.npz": "D",
    "mdma-124-03-02.npz": "A",
    "mdma-122-03-03.npz": "B",
    "mdma-129-03-01.npz": "D",
    "mdma-151-03-02.npz": "D",
    "mdma-184-03-03.npz": "D",
    "mdma-114-03-01.npz": "C",
    "mdma-140-03-04.npz": "B",
    "mdma-120-03-00.npz": "B",
    "mdma-107-03-04.npz": "A",
    "mdma-153-03-01.npz": "A",
    "mdma-158-03-03.npz": "C",
    "mdma-186-03-00.npz": "D",
    "mdma-116-03-02.npz": "C",
    "mdma-139-03-00.npz": "D",
    "mdma-132-03-02.npz": "D",
    "mdma-123-03-04.npz": "C",
    "mdma-104-03-00.npz": "C",
    "mdma-141-03-03.npz": "D",
    "mdma-194-03-02.npz": "C",
    "mdma-185-03-04.npz": "B",
    "mdma-130-03-01.npz": "D",
    "mdma-159-03-04.npz": "D",
    "mdma-106-03-03.npz": "D",
    "mdma-148-03-02.npz": "C",
    "mdma-143-03-00.npz": "D",
    "mdma-196-03-01.npz": "B",
    "mdma-191-03-01.npz": "A",
    "mdma-144-03-00.npz": "C",
    "mdma-101-03-03.npz": "A",
    "mdma-137-03-01.npz": "A",
    "mdma-119-03-04.npz": "C",
    "mdma-182-03-04.npz": "D",
    "mdma-198-03-00.npz": "D",
    "mdma-193-03-02.npz": "D",
    "mdma-146-03-03.npz": "D",
    "mdma-108-03-02.npz": "A",
    "mdma-103-03-00.npz": "B",
    "mdma-124-03-04.npz": "A",
    "mdma-135-03-02.npz": "B",
    "mdma-111-03-02.npz": "A",
    "mdma-181-03-00.npz": "D",
    "mdma-154-03-01.npz": "D",
    "mdma-100-03-04.npz": "A",
    "mdma-127-03-00.npz": "A",
    "mdma-147-03-04.npz": "C",
    "mdma-113-03-01.npz": "B",
    "mdma-118-03-03.npz": "C",
    "mdma-183-03-03.npz": "D",
    "mdma-188-03-01.npz": "B",
    "mdma-156-03-02.npz": "A",
    "mdma-125-03-03.npz": "B",
    "mdma-123-03-02.npz": "B",
    "mdma-128-03-00.npz": "C",
    "mdma-132-03-04.npz": "D",
    "mdma-150-03-03.npz": "A",
    "mdma-185-03-02.npz": "A",
    "mdma-115-03-00.npz": "C",
    "mdma-194-03-04.npz": "A",
    "mdma-121-03-01.npz": "A",
    "mdma-148-03-04.npz": "D",
    "mdma-152-03-00.npz": "A",
    "mdma-159-03-02.npz": "C",
    "mdma-187-03-01.npz": "D",
    "mdma-117-03-03.npz": "B",
    "mdma-138-03-01.npz": "D",
    "mdma-133-03-03.npz": "D",
    "mdma-105-03-01.npz": "D",
    "mdma-140-03-02.npz": "A",
    "mdma-195-03-03.npz": "C",
    "mdma-151-03-04.npz": "B",
    "mdma-131-03-00.npz": "D",
    "mdma-116-03-04.npz": "D",
    "mdma-107-03-02.npz": "B",
    "mdma-149-03-03.npz": "A",
    "mdma-142-03-01.npz": "D",
    "mdma-197-03-00.npz": "D",
    "mdma-192-03-02.npz": "D",
    "mdma-199-03-00.npz": "D",
    "mdma-147-03-03.npz": "D",
    "mdma-102-03-00.npz": "B",
    "mdma-109-03-02.npz": "B",
    "mdma-118-03-04.npz": "A",
    "mdma-183-03-04.npz": "A",
    "mdma-134-03-02.npz": "A",
    "mdma-125-03-04.npz": "allbad",
    "mdma-190-03-01.npz": "B",
    "mdma-145-03-00.npz": "B",
    "mdma-100-03-03.npz": "B",
    "mdma-136-03-01.npz": "B",
    "mdma-119-03-03.npz": "C",
    "mdma-112-03-01.npz": "C",
    "mdma-189-03-01.npz": "D",
    "mdma-182-03-03.npz": "A",
    "mdma-157-03-02.npz": "D",
    "mdma-146-03-04.npz": "A",
    "mdma-124-03-03.npz": "C",
    "mdma-101-03-04.npz": "B",
    "mdma-110-03-02.npz": "D",
    "mdma-180-03-00.npz": "D",
    "mdma-155-03-01.npz": "D",
    "mdma-126-03-00.npz": "B",
    "mdma-120-03-01.npz": "A",
    "mdma-158-03-02.npz": "D",
    "mdma-153-03-00.npz": "B",
    "mdma-186-03-01.npz": "B",
    "mdma-116-03-03.npz": "C",
    "mdma-149-03-04.npz": "B",
    "mdma-133-03-04.npz": "B",
    "mdma-129-03-00.npz": "D",
    "mdma-122-03-02.npz": "C",
    "mdma-195-03-04.npz": "A",
    "mdma-151-03-03.npz": "A",
    "mdma-184-03-02.npz": "A",
    "mdma-114-03-00.npz": "B",
    "mdma-130-03-00.npz": "C",
    "mdma-106-03-02.npz": "B",
    "mdma-143-03-01.npz": "C",
    "mdma-148-03-03.npz": "D",
    "mdma-196-03-00.npz": "A",
    "mdma-117-03-04.npz": "D",
    "mdma-132-03-03.npz": "B",
    "mdma-139-03-01.npz": "C",
    "mdma-150-03-04.npz": "B",
    "mdma-104-03-01.npz": "D",
    "mdma-141-03-02.npz": "B",
    "mdma-194-03-03.npz": "B",
    "mdma-193-03-03.npz": "D",
    "mdma-198-03-01.npz": "A",
    "mdma-146-03-02.npz": "D",
    "mdma-103-03-01.npz": "B",
    "mdma-108-03-03.npz": "A",
    "mdma-157-03-04.npz": "A",
    "mdma-135-03-03.npz": "allbad",
    "mdma-110-03-04.npz": "A",
    "mdma-191-03-00.npz": "B",
    "mdma-144-03-01.npz": "D",
    "mdma-101-03-02.npz": "B",
    "mdma-137-03-00.npz": "D",
    "mdma-118-03-02.npz": "D",
    "mdma-113-03-00.npz": "C",
    "mdma-188-03-00.npz": "A",
    "mdma-183-03-02.npz": "D",
    "mdma-156-03-03.npz": "D",
    "mdma-192-03-04.npz": "B",
    "mdma-109-03-04.npz": "A",
    "mdma-125-03-02.npz": "A",
    "mdma-134-03-04.npz": "B",
    "mdma-111-03-03.npz": "D",
    "mdma-181-03-01.npz": "A",
    "mdma-154-03-00.npz": "D",
    "mdma-127-03-01.npz": "D",
    "mdma-121-03-00.npz": "C",
    "mdma-159-03-03.npz": "C",
    "mdma-152-03-01.npz": "D",
    "mdma-187-03-00.npz": "C",
    "mdma-117-03-02.npz": "C",
    "mdma-106-03-04.npz": "C",
    "mdma-128-03-01.npz": "A",
    "mdma-123-03-03.npz": "C",
    "mdma-141-03-04.npz": "A",
    "mdma-150-03-02.npz": "D",
    "mdma-185-03-03.npz": "A",
    "mdma-115-03-01.npz": "A",
    "mdma-131-03-01.npz": "B",
    "mdma-107-03-03.npz": "D",
    "mdma-142-03-00.npz": "B",
    "mdma-149-03-02.npz": "D",
    "mdma-197-03-01.npz": "B",
    "mdma-158-03-04.npz": "A",
    "mdma-122-03-04.npz": "D",
    "mdma-133-03-02.npz": "D",
    "mdma-138-03-00.npz": "D",
    "mdma-184-03-04.npz": "D",
    "mdma-105-03-00.npz": "A",
    "mdma-140-03-03.npz": "B",
    "mdma-195-03-02.npz": "A",
    "mdma-126-03-03.npz": "A",
    "mdma-110-03-01.npz": "C",
    "mdma-155-03-02.npz": "D",
    "mdma-180-03-03.npz": "C",
    "mdma-144-03-04.npz": "D",
    "mdma-124-03-00.npz": "C",
    "mdma-198-03-04.npz": "B",
    "mdma-103-03-04.npz": "A",
    "mdma-112-03-02.npz": "B",
    "mdma-119-03-00.npz": "C",
    "mdma-157-03-01.npz": "B",
    "mdma-182-03-00.npz": "C",
    "mdma-189-03-02.npz": "B",
    "mdma-136-03-02.npz": "D",
    "mdma-127-03-04.npz": "C",
    "mdma-145-03-03.npz": "C",
    "mdma-190-03-02.npz": "D",
    "mdma-100-03-00.npz": "C",
    "mdma-181-03-04.npz": "D",
    "mdma-134-03-01.npz": "C",
    "mdma-147-03-00.npz": "D",
    "mdma-199-03-03.npz": "A",
    "mdma-192-03-01.npz": "C",
    "mdma-109-03-01.npz": "A",
    "mdma-102-03-03.npz": "C",
    "mdma-104-03-02.npz": "B",
    "mdma-194-03-00.npz": "B",
    "mdma-141-03-01.npz": "C",
    "mdma-115-03-04.npz": "A",
    "mdma-139-03-02.npz": "B",
    "mdma-132-03-00.npz": "D",
    "mdma-128-03-04.npz": "C",
    "mdma-152-03-04.npz": "C",
    "mdma-106-03-01.npz": "D",
    "mdma-196-03-03.npz": "B",
    "mdma-148-03-00.npz": "A",
    "mdma-143-03-02.npz": "C",
    "mdma-130-03-03.npz": "D",
    "mdma-184-03-01.npz": "B",
    "mdma-151-03-00.npz": "C",
    "mdma-114-03-03.npz": "C",
    "mdma-122-03-01.npz": "A",
    "mdma-129-03-03.npz": "A",
    "mdma-197-03-04.npz": "C",
    "mdma-186-03-02.npz": "D",
    "mdma-153-03-03.npz": "B",
    "mdma-158-03-01.npz": "C",
    "mdma-116-03-00.npz": "B",
    "mdma-131-03-04.npz": "D",
    "mdma-120-03-02.npz": "B",
    "mdma-127-03-02.npz": "B",
    "mdma-136-03-04.npz": "D",
    "mdma-111-03-00.npz": "B",
    "mdma-154-03-03.npz": "B",
    "mdma-181-03-02.npz": "C",
    "mdma-190-03-04.npz": "C",
    "mdma-125-03-01.npz": "B",
    "mdma-113-03-03.npz": "D",
    "mdma-118-03-01.npz": "B",
    "mdma-156-03-00.npz": "C",
    "mdma-183-03-01.npz": "B",
    "mdma-188-03-03.npz": "A",
    "mdma-137-03-03.npz": "C",
    "mdma-144-03-02.npz": "C",
    "mdma-191-03-03.npz": "A",
    "mdma-101-03-01.npz": "A",
    "mdma-155-03-04.npz": "A",
    "mdma-135-03-00.npz": "D",
    "mdma-112-03-04.npz": "C",
    "mdma-189-03-04.npz": "D",
    "mdma-146-03-01.npz": "C",
    "mdma-198-03-02.npz": "C",
    "mdma-193-03-00.npz": "C",
    "mdma-108-03-00.npz": "B",
    "mdma-103-03-02.npz": "A",
    "mdma-105-03-03.npz": "D",
    "mdma-195-03-01.npz": "B",
    "mdma-140-03-00.npz": "A",
    "mdma-138-03-03.npz": "A",
    "mdma-133-03-01.npz": "A",
    "mdma-186-03-04.npz": "C",
    "mdma-107-03-00.npz": "A",
    "mdma-197-03-02.npz": "C",
    "mdma-149-03-01.npz": "C",
    "mdma-142-03-03.npz": "A",
    "mdma-120-03-04.npz": "C",
    "mdma-131-03-02.npz": "B",
    "mdma-185-03-00.npz": "B",
    "mdma-150-03-01.npz": "C",
    "mdma-115-03-02.npz": "C",
    "mdma-104-03-04.npz": "D",
    "mdma-123-03-00.npz": "A",
    "mdma-128-03-02.npz": "C",
    "mdma-139-03-04.npz": "A",
    "mdma-143-03-04.npz": "C",
    "mdma-187-03-03.npz": "C",
    "mdma-152-03-02.npz": "B",
    "mdma-159-03-00.npz": "A",
    "mdma-117-03-01.npz": "C",
    "mdma-121-03-03.npz": "C",
    "mdma-124-03-01.npz": "A",
    "mdma-119-03-01.npz": "A",
    "mdma-112-03-03.npz": "B",
    "mdma-157-03-00.npz": "D",
    "mdma-189-03-03.npz": "C",
    "mdma-182-03-01.npz": "B",
    "mdma-137-03-04.npz": "B",
    "mdma-126-03-02.npz": "A",
    "mdma-191-03-04.npz": "C",
    "mdma-110-03-00.npz": "A",
    "mdma-155-03-03.npz": "C",
    "mdma-180-03-02.npz": "B",
    "mdma-134-03-00.npz": "C",
    "mdma-147-03-01.npz": "A",
    "mdma-192-03-00.npz": "C",
    "mdma-199-03-02.npz": "D",
    "mdma-102-03-02.npz": "C",
    "mdma-109-03-00.npz": "A",
    "mdma-113-03-04.npz": "B",
    "mdma-188-03-04.npz": "C",
    "mdma-136-03-03.npz": "D",
    "mdma-154-03-04.npz": "C",
    "mdma-145-03-02.npz": "C",
    "mdma-190-03-03.npz": "A",
    "mdma-100-03-01.npz": "A",
    "mdma-106-03-00.npz": "B",
    "mdma-196-03-02.npz": "C",
    "mdma-143-03-03.npz": "A",
    "mdma-148-03-01.npz": "C",
    "mdma-187-03-04.npz": "A",
    "mdma-130-03-02.npz": "C",
    "mdma-121-03-04.npz": "A",
    "mdma-104-03-03.npz": "D",
    "mdma-194-03-01.npz": "C",
    "mdma-141-03-00.npz": "C",
    "mdma-132-03-01.npz": "A",
    "mdma-139-03-03.npz": "C",
    "mdma-186-03-03.npz": "A",
    "mdma-158-03-00.npz": "B",
    "mdma-153-03-02.npz": "A",
    "mdma-116-03-01.npz": "B",
    "mdma-142-03-04.npz": "B",
    "mdma-120-03-03.npz": "B",
    "mdma-105-03-04.npz": "C",
    "mdma-184-03-00.npz": "B",
    "mdma-151-03-01.npz": "C",
    "mdma-114-03-02.npz": "A",
    "mdma-138-03-04.npz": "D",
    "mdma-129-03-02.npz": "A",
    "mdma-122-03-00.npz": "D",
    "mdma-125-03-00.npz": "D",
    "mdma-118-03-00.npz": "C",
    "mdma-113-03-02.npz": "D",
    "mdma-156-03-01.npz": "D",
    "mdma-188-03-02.npz": "D",
    "mdma-183-03-00.npz": "D",
    "mdma-199-03-04.npz": "D",
    "mdma-102-03-04.npz": "C",
    "mdma-127-03-03.npz": "A",
    "mdma-145-03-04.npz": "B",
    "mdma-111-03-01.npz": "C",
    "mdma-154-03-02.npz": "D",
    "mdma-181-03-03.npz": "A",
    "mdma-135-03-01.npz": "B",
    "mdma-146-03-00.npz": "A",
    "mdma-193-03-01.npz": "D",
    "mdma-198-03-03.npz": "C",
    "mdma-103-03-03.npz": "A",
    "mdma-108-03-01.npz": "B",
    "mdma-126-03-04.npz": "B",
    "mdma-137-03-02.npz": "D",
    "mdma-180-03-04.npz": "D",
    "mdma-144-03-03.npz": "D",
    "mdma-191-03-02.npz": "B",
    "mdma-101-03-00.npz": "C",
    "mdma-107-03-01.npz": "C",
    "mdma-197-03-03.npz": "D",
    "mdma-142-03-02.npz": "A",
    "mdma-149-03-00.npz": "B",
    "mdma-153-03-04.npz": "D",
    "mdma-131-03-03.npz": "allbad",
    "mdma-114-03-04.npz": "A",
    "mdma-105-03-02.npz": "D",
    "mdma-195-03-00.npz": "C",
    "mdma-140-03-01.npz": "C",
    "mdma-129-03-04.npz": "A",
    "mdma-133-03-00.npz": "C",
    "mdma-138-03-02.npz": "B",
    "mdma-187-03-02.npz": "C",
    "mdma-159-03-01.npz": "D",
    "mdma-152-03-03.npz": "A",
    "mdma-117-03-00.npz": "C",
    "mdma-196-03-04.npz": "D",
    "mdma-121-03-02.npz": "D",
    "mdma-130-03-04.npz": "A",
    "mdma-185-03-01.npz": "C",
    "mdma-150-03-00.npz": "C",
    "mdma-115-03-03.npz": "D",
    "mdma-128-03-03.npz": "D",
    "mdma-123-03-01.npz": "B",
    "mdma-s83-03-00.npz": "A"
}