{
    "mdmu-s00-17-00.npz": "B",
    "mdmu-s01-17-00.npz": "B",
    "mdmu-s01-17-01.npz": "A",
    "mdmu-s02-17-01.npz": "A",
    "mdmu-s03-17-00.npz": "A",
    "mdmu-s03-17-01.npz": "A",
    "mdmu-s04-17-00.npz": "D",
    "mdmu-s04-17-01.npz": "D",
    "mdmu-s05-17-01.npz": "D",
    "mdmu-s06-17-00.npz": "D",
    "mdmu-s06-17-01.npz": "A",
    "mdmu-s07-17-00.npz": "C",
    "mdmu-s07-17-01.npz": "A",
    "mdmu-s08-17-00.npz": "D",
    "mdmu-s08-17-01.npz": "B",
    "mdmu-s09-17-00.npz": "C",
    "mdmu-s09-17-01.npz": "A",
    "mdmu-s10-17-00.npz": "D",
    "mdmu-s10-17-01.npz": "C",
    "mdmu-s11-17-00.npz": "D",
    "mdmu-s11-17-01.npz": "C",
    "mdmu-s12-17-00.npz": "A",
    "mdmu-s12-17-01.npz": "D",
    "mdmu-s13-17-00.npz": "C",
    "mdmu-s13-17-01.npz": "B",
    "mdmu-s14-17-00.npz": "D",
    "mdmu-s14-17-01.npz": "C",
    "mdmu-s15-17-00.npz": "D",
    "mdmu-s15-17-01.npz": "C",
    "mdmu-s16-17-00.npz": "B",
    "mdmu-s16-17-01.npz": "B",
    "mdmu-s17-17-00.npz": "allbad",
    "mdmu-s17-17-01.npz": "B",
    "mdmu-s18-17-00.npz": "B",
    "mdmu-s18-17-01.npz": "C",
    "mdmu-s19-17-00.npz": "B",
    "mdmu-s19-17-01.npz": "A",
    "mdmu-s20-17-00.npz": "D",
    "mdmu-s20-17-01.npz": "B",
    "mdmu-s21-17-00.npz": "B",
    "mdmu-s21-17-01.npz": "A",
    "mdmu-s22-17-00.npz": "C",
    "mdmu-s22-17-01.npz": "D",
    "mdmu-s23-17-00.npz": "A",
    "mdmu-s23-17-01.npz": "B",
    "mdmu-s24-17-00.npz": "D",
    "mdmu-s24-17-01.npz": "A",
    "mdmu-s25-17-00.npz": "B",
    "mdmu-s25-17-01.npz": "A",
    "mdmu-s26-17-00.npz": "C",
    "mdmu-s26-17-01.npz": "A",
    "mdmu-s27-17-00.npz": "B",
    "mdmu-s27-17-01.npz": "D",
    "mdmu-s28-17-00.npz": "D",
    "mdmu-s28-17-01.npz": "C",
    "mdmu-s29-17-00.npz": "C",
    "mdmu-s29-17-01.npz": "D",
    "mdmu-s30-17-00.npz": "C",
    "mdmu-s30-17-01.npz": "A",
    "mdmu-s31-17-00.npz": "A",
    "mdmu-s31-17-01.npz": "D",
    "mdmu-s32-17-00.npz": "C",
    "mdmu-s32-17-01.npz": "B",
    "mdmu-s33-17-00.npz": "B",
    "mdmu-s33-17-01.npz": "A",
    "mdmu-s34-17-00.npz": "D",
    "mdmu-s34-17-01.npz": "A",
    "mdmu-s35-17-00.npz": "D",
    "mdmu-s35-17-01.npz": "A",
    "mdmu-s36-17-00.npz": "C",
    "mdmu-s36-17-01.npz": "D",
    "mdmu-s37-17-00.npz": "D",
    "mdmu-s37-17-01.npz": "D",
    "mdmu-s38-17-00.npz": "B",
    "mdmu-s38-17-01.npz": "B",
    "mdmu-s39-17-00.npz": "A",
    "mdmu-s39-17-01.npz": "D",
    "mdmu-s40-17-01.npz": "D",
    "mdmu-s41-17-00.npz": "C",
    "mdmu-s41-17-01.npz": "B",
    "mdmu-s42-17-00.npz": "D",
    "mdmu-s42-17-01.npz": "C",
    "mdmu-s43-17-00.npz": "B",
    "mdmu-s43-17-01.npz": "C",
    "mdmu-s44-17-00.npz": "A",
    "mdmu-s44-17-01.npz": "D",
    "mdmu-s45-17-00.npz": "B",
    "mdmu-s45-17-01.npz": "C",
    "mdmu-s46-17-00.npz": "C",
    "mdmu-s46-17-01.npz": "A",
    "mdmu-s47-17-00.npz": "B",
    "mdmu-s47-17-01.npz": "C",
    "mdmu-s48-17-00.npz": "D",
    "mdmu-s48-17-01.npz": "A",
    "mdmu-s49-17-00.npz": "A",
    "mdmu-s49-17-01.npz": "A",
    "mdmu-s50-17-01.npz": "C",
    "mdmu-s51-17-00.npz": "D",
    "mdmu-s51-17-01.npz": "A",
    "mdmu-s52-17-00.npz": "D",
    "mdmu-s52-17-01.npz": "D",
    "mdmu-s53-17-00.npz": "A",
    "mdmu-s53-17-01.npz": "C",
    "mdmu-s54-17-00.npz": "C",
    "mdmu-s54-17-01.npz": "C",
    "mdmu-s55-17-00.npz": "C",
    "mdmu-s55-17-01.npz": "C",
    "mdmu-s56-17-00.npz": "A",
    "mdmu-s56-17-01.npz": "C",
    "mdmu-s57-17-00.npz": "C",
    "mdmu-s57-17-01.npz": "D",
    "mdmu-s58-17-00.npz": "A",
    "mdmu-s58-17-01.npz": "C",
    "mdmu-s59-17-00.npz": "B",
    "mdmu-s59-17-01.npz": "D",
    "mdmu-s60-17-01.npz": "D",
    "mdmu-s61-17-00.npz": "C",
    "mdmu-s61-17-01.npz": "C",
    "mdmu-s62-17-00.npz": "B",
    "mdmu-s62-17-01.npz": "A",
    "mdmu-s63-17-00.npz": "D",
    "mdmu-s63-17-01.npz": "B",
    "mdmu-s64-17-00.npz": "C",
    "mdmu-s64-17-01.npz": "B",
    "mdmu-s65-17-00.npz": "D",
    "mdmu-s65-17-01.npz": "C",
    "mdmu-s66-17-00.npz": "C",
    "mdmu-s66-17-01.npz": "C",
    "mdmu-s67-17-00.npz": "B",
    "mdmu-s67-17-01.npz": "D",
    "mdmu-s68-17-00.npz": "D",
    "mdmu-s68-17-01.npz": "A",
    "mdmu-s69-17-00.npz": "D",
    "mdmu-s69-17-01.npz": "C",
    "mdmu-s70-17-01.npz": "C",
    "mdmu-s71-17-00.npz": "A",
    "mdmu-s71-17-01.npz": "D",
    "mdmu-s72-17-00.npz": "B",
    "mdmu-s72-17-01.npz": "D",
    "mdmu-s73-17-00.npz": "A",
    "mdmu-s73-17-01.npz": "A",
    "mdmu-s74-17-00.npz": "C",
    "mdmu-s74-17-01.npz": "D",
    "mdmu-s75-17-00.npz": "C",
    "mdmu-s75-17-01.npz": "C",
    "mdmu-s76-17-00.npz": "A",
    "mdmu-s76-17-01.npz": "A",
    "mdmu-s77-17-00.npz": "B",
    "mdmu-s77-17-01.npz": "D",
    "mdmu-s78-17-00.npz": "B",
    "mdmu-s78-17-01.npz": "B",
    "mdmu-s79-17-00.npz": "B",
    "mdmu-s79-17-01.npz": "D",
    "mdmu-s80-17-01.npz": "C",
    "mdmu-s81-17-00.npz": "D",
    "mdmu-s81-17-01.npz": "D",
    "mdmu-s82-17-00.npz": "A",
    "mdmu-s82-17-01.npz": "C",
    "mdmu-s83-17-00.npz": "B",
    "mdmu-s83-17-01.npz": "C",
    "mdmu-s84-17-00.npz": "D",
    "mdmu-s84-17-01.npz": "A",
    "mdmu-s85-17-00.npz": "A",
    "mdmu-s85-17-01.npz": "C",
    "mdmu-s86-17-00.npz": "D",
    "mdmu-s86-17-01.npz": "B",
    "mdmu-s87-17-00.npz": "A",
    "mdmu-s87-17-01.npz": "A",
    "mdmu-s88-17-00.npz": "A",
    "mdmu-s88-17-01.npz": "C",
    "mdmu-s89-17-00.npz": "B",
    "mdmu-s89-17-01.npz": "C",
    "mdmu-s90-17-01.npz": "A",
    "mdmu-s91-17-00.npz": "A",
    "mdmu-s91-17-01.npz": "A",
    "mdmu-s92-17-00.npz": "D",
    "mdmu-s92-17-01.npz": "B",
    "mdmu-s93-17-00.npz": "C",
    "mdmu-s93-17-01.npz": "C",
    "mdmu-s94-17-00.npz": "C",
    "mdmu-s94-17-01.npz": "B",
    "mdmu-s95-17-00.npz": "A",
    "mdmu-s95-17-01.npz": "D",
    "mdmu-s96-17-00.npz": "C",
    "mdmu-s96-17-01.npz": "A",
    "mdmu-s97-17-00.npz": "A",
    "mdmu-s97-17-01.npz": "A",
    "mdmu-s98-17-00.npz": "A",
    "mdmu-s98-17-01.npz": "A",
    "mdmu-s99-17-00.npz": "A",
    "mdmu-s99-17-01.npz": "C"
}