{
    "mdmu-s00-39-00.npz": "D",
    "mdmu-s00-39-01.npz": "C",
    "mdmu-s01-39-00.npz": "B",
    "mdmu-s01-39-01.npz": "A",
    "mdmu-s02-39-00.npz": "B",
    "mdmu-s02-39-01.npz": "C",
    "mdmu-s03-39-00.npz": "C",
    "mdmu-s03-39-01.npz": "B",
    "mdmu-s04-39-00.npz": "D",
    "mdmu-s04-39-01.npz": "D",
    "mdmu-s06-39-00.npz": "B",
    "mdmu-s06-39-01.npz": "D",
    "mdmu-s07-39-00.npz": "D",
    "mdmu-s07-39-01.npz": "C",
    "mdmu-s08-39-00.npz": "D",
    "mdmu-s08-39-01.npz": "B",
    "mdmu-s09-39-00.npz": "C",
    "mdmu-s09-39-01.npz": "A",
    "mdmu-s10-39-00.npz": "D",
    "mdmu-s10-39-01.npz": "D",
    "mdmu-s11-39-00.npz": "C",
    "mdmu-s11-39-01.npz": "D",
    "mdmu-s12-39-00.npz": "B",
    "mdmu-s12-39-01.npz": "A",
    "mdmu-s13-39-00.npz": "B",
    "mdmu-s13-39-01.npz": "D",
    "mdmu-s14-39-00.npz": "B",
    "mdmu-s14-39-01.npz": "D",
    "mdmu-s15-39-00.npz": "A",
    "mdmu-s15-39-01.npz": "D",
    "mdmu-s16-39-00.npz": "A",
    "mdmu-s16-39-01.npz": "A",
    "mdmu-s17-39-00.npz": "D",
    "mdmu-s17-39-01.npz": "D",
    "mdmu-s18-39-00.npz": "A",
    "mdmu-s18-39-01.npz": "B",
    "mdmu-s19-39-00.npz": "A",
    "mdmu-s19-39-01.npz": "B",
    "mdmu-s20-39-00.npz": "allbad",
    "mdmu-s20-39-01.npz": "C",
    "mdmu-s21-39-00.npz": "C",
    "mdmu-s21-39-01.npz": "B",
    "mdmu-s22-39-00.npz": "D",
    "mdmu-s22-39-01.npz": "B",
    "mdmu-s23-39-00.npz": "B",
    "mdmu-s23-39-01.npz": "A",
    "mdmu-s24-39-00.npz": "C",
    "mdmu-s24-39-01.npz": "C",
    "mdmu-s25-39-00.npz": "D",
    "mdmu-s25-39-01.npz": "B",
    "mdmu-s26-39-00.npz": "A",
    "mdmu-s26-39-01.npz": "B",
    "mdmu-s27-39-00.npz": "A",
    "mdmu-s27-39-01.npz": "A",
    "mdmu-s28-39-00.npz": "B",
    "mdmu-s28-39-01.npz": "C",
    "mdmu-s29-39-00.npz": "B",
    "mdmu-s29-39-01.npz": "C",
    "mdmu-s30-39-00.npz": "C",
    "mdmu-s30-39-01.npz": "A",
    "mdmu-s31-39-00.npz": "B",
    "mdmu-s31-39-01.npz": "D",
    "mdmu-s32-39-00.npz": "A",
    "mdmu-s32-39-01.npz": "A",
    "mdmu-s33-39-00.npz": "C",
    "mdmu-s33-39-01.npz": "D",
    "mdmu-s34-39-00.npz": "A",
    "mdmu-s34-39-01.npz": "A",
    "mdmu-s35-39-00.npz": "allbad",
    "mdmu-s35-39-01.npz": "D",
    "mdmu-s36-39-00.npz": "B",
    "mdmu-s36-39-01.npz": "B",
    "mdmu-s37-39-00.npz": "B",
    "mdmu-s37-39-01.npz": "B",
    "mdmu-s38-39-00.npz": "A",
    "mdmu-s38-39-01.npz": "D",
    "mdmu-s39-39-00.npz": "D",
    "mdmu-s39-39-01.npz": "D",
    "mdmu-s40-39-01.npz": "A",
    "mdmu-s41-39-00.npz": "D",
    "mdmu-s41-39-01.npz": "D",
    "mdmu-s42-39-00.npz": "D",
    "mdmu-s42-39-01.npz": "B",
    "mdmu-s43-39-00.npz": "B",
    "mdmu-s43-39-01.npz": "D",
    "mdmu-s44-39-00.npz": "A",
    "mdmu-s44-39-01.npz": "B",
    "mdmu-s45-39-00.npz": "D",
    "mdmu-s45-39-01.npz": "C",
    "mdmu-s46-39-00.npz": "C",
    "mdmu-s46-39-01.npz": "B",
    "mdmu-s47-39-00.npz": "D",
    "mdmu-s47-39-01.npz": "B",
    "mdmu-s48-39-00.npz": "A",
    "mdmu-s48-39-01.npz": "D",
    "mdmu-s49-39-00.npz": "C",
    "mdmu-s49-39-01.npz": "B",
    "mdmu-s50-39-01.npz": "B",
    "mdmu-s51-39-00.npz": "D",
    "mdmu-s51-39-01.npz": "A",
    "mdmu-s52-39-00.npz": "B",
    "mdmu-s52-39-01.npz": "B",
    "mdmu-s53-39-00.npz": "B",
    "mdmu-s53-39-01.npz": "D",
    "mdmu-s54-39-00.npz": "C",
    "mdmu-s54-39-01.npz": "D",
    "mdmu-s55-39-00.npz": "D",
    "mdmu-s55-39-01.npz": "D",
    "mdmu-s56-39-00.npz": "B",
    "mdmu-s56-39-01.npz": "D",
    "mdmu-s57-39-00.npz": "D",
    "mdmu-s57-39-01.npz": "A",
    "mdmu-s58-39-00.npz": "C",
    "mdmu-s58-39-01.npz": "C",
    "mdmu-s59-39-00.npz": "D",
    "mdmu-s59-39-01.npz": "D",
    "mdmu-s60-39-01.npz": "D",
    "mdmu-s61-39-00.npz": "C",
    "mdmu-s61-39-01.npz": "D",
    "mdmu-s62-39-00.npz": "B",
    "mdmu-s62-39-01.npz": "A",
    "mdmu-s63-39-00.npz": "allbad",
    "mdmu-s63-39-01.npz": "B",
    "mdmu-s64-39-00.npz": "D",
    "mdmu-s64-39-01.npz": "A",
    "mdmu-s65-39-00.npz": "A",
    "mdmu-s65-39-01.npz": "C",
    "mdmu-s66-39-00.npz": "C",
    "mdmu-s66-39-01.npz": "C",
    "mdmu-s67-39-00.npz": "C",
    "mdmu-s67-39-01.npz": "A",
    "mdmu-s68-39-00.npz": "D",
    "mdmu-s68-39-01.npz": "B",
    "mdmu-s69-39-00.npz": "D",
    "mdmu-s69-39-01.npz": "D",
    "mdmu-s70-39-01.npz": "D",
    "mdmu-s71-39-00.npz": "B",
    "mdmu-s72-39-00.npz": "D",
    "mdmu-s72-39-01.npz": "C",
    "mdmu-s73-39-00.npz": "C",
    "mdmu-s73-39-01.npz": "A",
    "mdmu-s74-39-00.npz": "C",
    "mdmu-s74-39-01.npz": "B",
    "mdmu-s75-39-00.npz": "D",
    "mdmu-s75-39-01.npz": "B",
    "mdmu-s76-39-00.npz": "D",
    "mdmu-s76-39-01.npz": "A",
    "mdmu-s77-39-00.npz": "allbad",
    "mdmu-s77-39-01.npz": "D",
    "mdmu-s78-39-00.npz": "C",
    "mdmu-s78-39-01.npz": "B",
    "mdmu-s79-39-00.npz": "B",
    "mdmu-s79-39-01.npz": "D",
    "mdmu-s80-39-01.npz": "D",
    "mdmu-s81-39-00.npz": "A",
    "mdmu-s81-39-01.npz": "C",
    "mdmu-s82-39-00.npz": "A",
    "mdmu-s82-39-01.npz": "D",
    "mdmu-s83-39-00.npz": "A",
    "mdmu-s83-39-01.npz": "C",
    "mdmu-s84-39-00.npz": "D",
    "mdmu-s84-39-01.npz": "D",
    "mdmu-s85-39-00.npz": "B",
    "mdmu-s85-39-01.npz": "C",
    "mdmu-s86-39-00.npz": "A",
    "mdmu-s86-39-01.npz": "D",
    "mdmu-s87-39-00.npz": "D",
    "mdmu-s87-39-01.npz": "A",
    "mdmu-s88-39-00.npz": "A",
    "mdmu-s88-39-01.npz": "C",
    "mdmu-s89-39-00.npz": "A",
    "mdmu-s89-39-01.npz": "A",
    "mdmu-s90-39-01.npz": "D",
    "mdmu-s91-39-00.npz": "B",
    "mdmu-s91-39-01.npz": "A",
    "mdmu-s92-39-00.npz": "D",
    "mdmu-s92-39-01.npz": "A",
    "mdmu-s93-39-00.npz": "D",
    "mdmu-s93-39-01.npz": "D",
    "mdmu-s94-39-00.npz": "C",
    "mdmu-s94-39-01.npz": "D",
    "mdmu-s95-39-00.npz": "A",
    "mdmu-s95-39-01.npz": "D",
    "mdmu-s96-39-00.npz": "B",
    "mdmu-s96-39-01.npz": "A",
    "mdmu-s97-39-00.npz": "B",
    "mdmu-s97-39-01.npz": "A",
    "mdmu-s98-39-00.npz": "C",
    "mdmu-s98-39-01.npz": "A",
    "mdmu-s99-39-00.npz": "B",
    "mdmu-s99-39-01.npz": "allbad"
}