{
    "flame-019531.npz": "C",
    "flame-025740.npz": "C",
    "flame-006770.npz": "D",
    "flame-012103.npz": "C",
    "flame-020799.npz": "A",
    "flame-005692.npz": "D",
    "flame-003867.npz": "A",
    "flame-020651.npz": "B",
    "flame-006737.npz": "C",
    "flame-004927.npz": "D",
    "flame-011364.npz": "C",
    "flame-012279.npz": "C",
    "flame-024791.npz": "A",
    "flame-006853.npz": "D",
    "flame-025296.npz": "A",
    "flame-006754.npz": "A",
    "flame-006701.npz": "C",
    "flame-025165.npz": "B",
    "flame-025137.npz": "A",
    "flame-006912.npz": "A",
    "flame-020487.npz": "C",
    "flame-025328.npz": "A",
    "flame-022115.npz": "D",
    "flame-025529.npz": "A",
    "flame-006837.npz": "B",
    "flame-004826.npz": "C",
    "flame-021573.npz": "C",
    "flame-025397.npz": "D",
    "flame-006907.npz": "B",
    "flame-012634.npz": "A",
    "flame-025088.npz": "C",
    "flame-001663.npz": "D",
    "flame-005260.npz": "D",
    "flame-003874.npz": "D",
    "flame-020393.npz": "C",
    "flame-005693.npz": "B",
    "flame-026180.npz": "D",
    "flame-006771.npz": "C",
    "flame-006789.npz": "C",
    "flame-001753.npz": "B",
    "flame-019696.npz": "C",
    "flame-006707.npz": "B",
    "flame-022876.npz": "B",
    "flame-004295.npz": "C",
    "flame-006622.npz": "D",
    "flame-026151.npz": "C",
    "flame-000037.npz": "B",
    "flame-020686.npz": "B",
    "flame-024955.npz": "A",
    "flame-011622.npz": "B",
    "flame-000025.npz": "C",
    "flame-025213.npz": "A",
    "flame-026279.npz": "D",
    "flame-002151.npz": "A",
    "flame-020433.npz": "D",
    "flame-025669.npz": "D",
    "flame-021295.npz": "B",
    "flame-024931.npz": "C",
    "flame-012543.npz": "B",
    "flame-012693.npz": "D",
    "flame-019853.npz": "B",
    "flame-006796.npz": "D",
    "flame-004986.npz": "B",
    "flame-019163.npz": "D",
    "flame-023284.npz": "C",
    "flame-005832.npz": "D",
    "flame-026110.npz": "A",
    "flame-020680.npz": "B",
    "flame-008825.npz": "A",
    "flame-025240.npz": "A",
    "flame-006300.npz": "A",
    "flame-005594.npz": "C",
    "flame-006882.npz": "B",
    "flame-022882.npz": "B",
    "flame-026150.npz": "D",
    "flame-010991.npz": "D",
    "flame-026238.npz": "B",
    "flame-006890.npz": "C",
    "flame-006315.npz": "C",
    "flame-005579.npz": "C",
    "flame-004526.npz": "D",
    "flame-024970.npz": "D",
    "flame-011123.npz": "B",
    "flame-022184.npz": "C",
    "flame-006525.npz": "D",
    "flame-022129.npz": "D",
    "flame-004367.npz": "B",
    "flame-022455.npz": "C",
    "flame-023070.npz": "D",
    "flame-012086.npz": "A",
    "flame-004242.npz": "B",
    "flame-012680.npz": "C",
    "flame-012893.npz": "A",
    "flame-006819.npz": "A",
    "flame-012234.npz": "A",
    "flame-025534.npz": "B",
    "flame-006880.npz": "B",
    "flame-006227.npz": "D",
    "flame-006302.npz": "D",
    "flame-006878.npz": "A",
    "flame-013024.npz": "A",
    "flame-011348.npz": "B",
    "flame-020430.npz": "B",
    "flame-025360.npz": "D",
    "flame-000021.npz": "B",
    "flame-023016.npz": "B",
    "flame-006693.npz": "C",
    "flame-019904.npz": "B",
    "flame-010572.npz": "A",
    "flame-020425.npz": "C",
    "flame-025404.npz": "B",
    "flame-012414.npz": "B",
    "flame-012563.npz": "A",
    "flame-025205.npz": "C",
    "flame-018794.npz": "C",
    "flame-010445.npz": "B",
    "flame-006679.npz": "C",
    "flame-007379.npz": "B",
    "flame-013055.npz": "C",
    "flame-025510.npz": "C",
    "flame-008921.npz": "D",
    "flame-005707.npz": "C",
    "flame-025109.npz": "B",
    "flame-011973.npz": "B",
    "flame-003546.npz": "C",
    "flame-026369.npz": "C",
    "flame-006567.npz": "C",
    "flame-025472.npz": "C",
    "flame-012231.npz": "A",
    "flame-025039.npz": "C",
    "flame-005976.npz": "C",
    "flame-025203.npz": "C",
    "flame-008834.npz": "A",
    "flame-011033.npz": "C",
    "flame-012728.npz": "D",
    "flame-025216.npz": "B",
    "flame-006881.npz": "A",
    "flame-023761.npz": "C",
    "flame-013290.npz": "C",
    "flame-002015.npz": "A",
    "flame-006534.npz": "D",
    "flame-006561.npz": "A",
    "flame-023293.npz": "B",
    "flame-004129.npz": "C",
    "flame-022794.npz": "B",
    "flame-026122.npz": "A",
    "flame-015190.npz": "C",
    "flame-005837.npz": "C",
    "flame-006808.npz": "B",
    "flame-012423.npz": "C",
    "flame-015406.npz": "B",
    "flame-025078.npz": "B",
    "flame-024974.npz": "C",
    "flame-025080.npz": "D",
    "flame-004324.npz": "B",
    "flame-012719.npz": "C",
    "flame-011398.npz": "A",
    "flame-012888.npz": "C",
    "flame-006802.npz": "A",
    "flame-012484.npz": "C",
    "flame-022935.npz": "B",
    "flame-020652.npz": "C",
    "flame-011180.npz": "C",
    "flame-004989.npz": "D",
    "flame-006733.npz": "C",
    "flame-006761.npz": "C",
    "flame-012947.npz": "B",
    "flame-021082.npz": "D",
    "flame-006774.npz": "B",
    "flame-015419.npz": "B",
    "flame-025035.npz": "C",
    "flame-006821.npz": "B",
    "flame-012924.npz": "B",
    "flame-006904.npz": "C",
    "flame-006698.npz": "A",
    "flame-006911.npz": "A",
    "flame-011420.npz": "B",
    "flame-001650.npz": "B",
    "flame-025610.npz": "D",
    "flame-010626.npz": "C",
    "flame-026364.npz": "D",
    "flame-025279.npz": "B",
    "flame-012269.npz": "D",
    "flame-011203.npz": "C",
    "flame-006727.npz": "A",
    "flame-019566.npz": "B",
    "flame-004047.npz": "C",
    "flame-008405.npz": "C",
    "flame-011608.npz": "D",
    "flame-022811.npz": "B",
    "flame-006760.npz": "B",
    "flame-006161.npz": "C",
    "flame-006898.npz": "A",
    "flame-011357.npz": "B",
    "flame-006673.npz": "C",
    "flame-026424.npz": "D",
    "flame-006902.npz": "D",
    "flame-006716.npz": "B",
    "flame-006743.npz": "C",
    "flame-023049.npz": "B",
    "flame-012015.npz": "B"
}