{
    "mdma-145-04-01.npz": "A",
    "mdma-190-04-00.npz": "C",
    "mdma-100-04-02.npz": "A",
    "mdma-111-04-04.npz": "B",
    "mdma-136-04-00.npz": "B",
    "mdma-156-04-04.npz": "C",
    "mdma-147-04-02.npz": "A",
    "mdma-199-04-01.npz": "A",
    "mdma-192-04-03.npz": "A",
    "mdma-109-04-03.npz": "B",
    "mdma-102-04-01.npz": "A",
    "mdma-134-04-03.npz": "B",
    "mdma-110-04-03.npz": "A",
    "mdma-155-04-00.npz": "A",
    "mdma-180-04-01.npz": "A",
    "mdma-126-04-01.npz": "A",
    "mdma-193-04-04.npz": "C",
    "mdma-108-04-04.npz": "C",
    "mdma-112-04-00.npz": "C",
    "mdma-119-04-02.npz": "B",
    "mdma-157-04-03.npz": "B",
    "mdma-182-04-02.npz": "B",
    "mdma-189-04-00.npz": "D",
    "mdma-135-04-04.npz": "B",
    "mdma-124-04-02.npz": "C",
    "mdma-122-04-03.npz": "B",
    "mdma-129-04-01.npz": "C",
    "mdma-184-04-03.npz": "A",
    "mdma-151-04-02.npz": "C",
    "mdma-114-04-01.npz": "C",
    "mdma-140-04-04.npz": "D",
    "mdma-120-04-00.npz": "B",
    "mdma-107-04-04.npz": "B",
    "mdma-186-04-00.npz": "D",
    "mdma-153-04-01.npz": "B",
    "mdma-158-04-03.npz": "A",
    "mdma-116-04-02.npz": "D",
    "mdma-139-04-00.npz": "B",
    "mdma-132-04-02.npz": "B",
    "mdma-123-04-04.npz": "D",
    "mdma-104-04-00.npz": "C",
    "mdma-194-04-02.npz": "A",
    "mdma-141-04-03.npz": "A",
    "mdma-185-04-04.npz": "B",
    "mdma-130-04-01.npz": "C",
    "mdma-159-04-04.npz": "C",
    "mdma-106-04-03.npz": "C",
    "mdma-196-04-01.npz": "B",
    "mdma-148-04-02.npz": "D",
    "mdma-143-04-00.npz": "B",
    "mdma-144-04-00.npz": "C",
    "mdma-191-04-01.npz": "A",
    "mdma-101-04-03.npz": "D",
    "mdma-137-04-01.npz": "C",
    "mdma-119-04-04.npz": "D",
    "mdma-182-04-04.npz": "C",
    "mdma-146-04-03.npz": "C",
    "mdma-198-04-00.npz": "D",
    "mdma-193-04-02.npz": "C",
    "mdma-108-04-02.npz": "A",
    "mdma-103-04-00.npz": "D",
    "mdma-124-04-04.npz": "B",
    "mdma-135-04-02.npz": "C",
    "mdma-111-04-02.npz": "C",
    "mdma-154-04-01.npz": "B",
    "mdma-181-04-00.npz": "D",
    "mdma-100-04-04.npz": "D",
    "mdma-127-04-00.npz": "C",
    "mdma-147-04-04.npz": "B",
    "mdma-113-04-01.npz": "A",
    "mdma-118-04-03.npz": "D",
    "mdma-156-04-02.npz": "A",
    "mdma-183-04-03.npz": "C",
    "mdma-188-04-01.npz": "B",
    "mdma-125-04-03.npz": "A",
    "mdma-123-04-02.npz": "B",
    "mdma-128-04-00.npz": "C",
    "mdma-132-04-04.npz": "C",
    "mdma-185-04-02.npz": "C",
    "mdma-150-04-03.npz": "B",
    "mdma-115-04-00.npz": "B",
    "mdma-194-04-04.npz": "D",
    "mdma-121-04-01.npz": "D",
    "mdma-148-04-04.npz": "B",
    "mdma-187-04-01.npz": "D",
    "mdma-152-04-00.npz": "D",
    "mdma-159-04-02.npz": "D",
    "mdma-117-04-03.npz": "B",
    "mdma-138-04-01.npz": "A",
    "mdma-133-04-03.npz": "C",
    "mdma-105-04-01.npz": "B",
    "mdma-195-04-03.npz": "A",
    "mdma-140-04-02.npz": "C",
    "mdma-151-04-04.npz": "A",
    "mdma-131-04-00.npz": "D",
    "mdma-116-04-04.npz": "C",
    "mdma-107-04-02.npz": "C",
    "mdma-197-04-00.npz": "B",
    "mdma-149-04-03.npz": "D",
    "mdma-142-04-01.npz": "A",
    "mdma-147-04-03.npz": "A",
    "mdma-192-04-02.npz": "B",
    "mdma-199-04-00.npz": "B",
    "mdma-102-04-00.npz": "B",
    "mdma-118-04-04.npz": "D",
    "mdma-183-04-04.npz": "C",
    "mdma-134-04-02.npz": "C",
    "mdma-125-04-04.npz": "D",
    "mdma-145-04-00.npz": "C",
    "mdma-190-04-01.npz": "B",
    "mdma-100-04-03.npz": "A",
    "mdma-136-04-01.npz": "B",
    "mdma-119-04-03.npz": "D",
    "mdma-112-04-01.npz": "C",
    "mdma-157-04-02.npz": "A",
    "mdma-189-04-01.npz": "B",
    "mdma-182-04-03.npz": "C",
    "mdma-146-04-04.npz": "B",
    "mdma-124-04-03.npz": "C",
    "mdma-101-04-04.npz": "A",
    "mdma-110-04-02.npz": "A",
    "mdma-155-04-01.npz": "A",
    "mdma-180-04-00.npz": "C",
    "mdma-126-04-00.npz": "A",
    "mdma-120-04-01.npz": "C",
    "mdma-186-04-01.npz": "B",
    "mdma-158-04-02.npz": "D",
    "mdma-153-04-00.npz": "D",
    "mdma-116-04-03.npz": "A",
    "mdma-149-04-04.npz": "B",
    "mdma-133-04-04.npz": "A",
    "mdma-129-04-00.npz": "C",
    "mdma-122-04-02.npz": "D",
    "mdma-195-04-04.npz": "D",
    "mdma-184-04-02.npz": "A",
    "mdma-151-04-03.npz": "A",
    "mdma-114-04-00.npz": "A",
    "mdma-130-04-00.npz": "A",
    "mdma-106-04-02.npz": "A",
    "mdma-196-04-00.npz": "A",
    "mdma-143-04-01.npz": "C",
    "mdma-148-04-03.npz": "A",
    "mdma-117-04-04.npz": "B",
    "mdma-132-04-03.npz": "A",
    "mdma-139-04-01.npz": "A",
    "mdma-150-04-04.npz": "A",
    "mdma-104-04-01.npz": "B",
    "mdma-194-04-03.npz": "B",
    "mdma-146-04-02.npz": "D",
    "mdma-193-04-03.npz": "A",
    "mdma-198-04-01.npz": "B",
    "mdma-103-04-01.npz": "B",
    "mdma-108-04-03.npz": "C",
    "mdma-157-04-04.npz": "C",
    "mdma-135-04-03.npz": "C",
    "mdma-110-04-04.npz": "C",
    "mdma-144-04-01.npz": "C",
    "mdma-191-04-00.npz": "D",
    "mdma-101-04-02.npz": "D",
    "mdma-137-04-00.npz": "B",
    "mdma-118-04-02.npz": "B",
    "mdma-113-04-00.npz": "A",
    "mdma-156-04-03.npz": "D",
    "mdma-188-04-00.npz": "B",
    "mdma-183-04-02.npz": "C",
    "mdma-192-04-04.npz": "B",
    "mdma-109-04-04.npz": "C",
    "mdma-125-04-02.npz": "D",
    "mdma-134-04-04.npz": "B",
    "mdma-111-04-03.npz": "A",
    "mdma-154-04-00.npz": "B",
    "mdma-181-04-01.npz": "C",
    "mdma-127-04-01.npz": "C",
    "mdma-121-04-00.npz": "B",
    "mdma-187-04-00.npz": "D",
    "mdma-159-04-03.npz": "B",
    "mdma-152-04-01.npz": "B",
    "mdma-117-04-02.npz": "C",
    "mdma-106-04-04.npz": "A",
    "mdma-128-04-01.npz": "B",
    "mdma-123-04-03.npz": "A",
    "mdma-141-04-04.npz": "B",
    "mdma-185-04-03.npz": "A",
    "mdma-150-04-02.npz": "B",
    "mdma-115-04-01.npz": "C",
    "mdma-131-04-01.npz": "C",
    "mdma-107-04-03.npz": "D",
    "mdma-197-04-01.npz": "A",
    "mdma-142-04-00.npz": "A",
    "mdma-149-04-02.npz": "C",
    "mdma-158-04-04.npz": "D",
    "mdma-122-04-04.npz": "C",
    "mdma-133-04-02.npz": "D",
    "mdma-138-04-00.npz": "A",
    "mdma-184-04-04.npz": "D",
    "mdma-105-04-00.npz": "D",
    "mdma-195-04-02.npz": "A",
    "mdma-140-04-03.npz": "D",
    "mdma-126-04-03.npz": "C",
    "mdma-110-04-01.npz": "C",
    "mdma-180-04-03.npz": "C",
    "mdma-155-04-02.npz": "B",
    "mdma-144-04-04.npz": "C",
    "mdma-124-04-00.npz": "B",
    "mdma-198-04-04.npz": "A",
    "mdma-103-04-04.npz": "D",
    "mdma-112-04-02.npz": "A",
    "mdma-119-04-00.npz": "D",
    "mdma-182-04-00.npz": "D",
    "mdma-189-04-02.npz": "D",
    "mdma-157-04-01.npz": "C",
    "mdma-136-04-02.npz": "B",
    "mdma-127-04-04.npz": "C",
    "mdma-190-04-02.npz": "C",
    "mdma-145-04-03.npz": "B",
    "mdma-100-04-00.npz": "B",
    "mdma-181-04-04.npz": "A",
    "mdma-134-04-01.npz": "A",
    "mdma-199-04-03.npz": "D",
    "mdma-192-04-01.npz": "B",
    "mdma-147-04-00.npz": "C",
    "mdma-109-04-01.npz": "A",
    "mdma-102-04-03.npz": "C",
    "mdma-104-04-02.npz": "A",
    "mdma-141-04-01.npz": "B",
    "mdma-194-04-00.npz": "A",
    "mdma-115-04-04.npz": "C",
    "mdma-139-04-02.npz": "D",
    "mdma-132-04-00.npz": "C",
    "mdma-128-04-04.npz": "B",
    "mdma-152-04-04.npz": "D",
    "mdma-106-04-01.npz": "D",
    "mdma-148-04-00.npz": "D",
    "mdma-143-04-02.npz": "C",
    "mdma-196-04-03.npz": "D",
    "mdma-130-04-03.npz": "A",
    "mdma-151-04-00.npz": "C",
    "mdma-184-04-01.npz": "D",
    "mdma-114-04-03.npz": "B",
    "mdma-122-04-01.npz": "D",
    "mdma-129-04-03.npz": "D",
    "mdma-197-04-04.npz": "B",
    "mdma-153-04-03.npz": "D",
    "mdma-158-04-01.npz": "A",
    "mdma-186-04-02.npz": "B",
    "mdma-116-04-00.npz": "D",
    "mdma-131-04-04.npz": "B",
    "mdma-120-04-02.npz": "B",
    "mdma-127-04-02.npz": "C",
    "mdma-136-04-04.npz": "B",
    "mdma-111-04-00.npz": "B",
    "mdma-181-04-02.npz": "C",
    "mdma-154-04-03.npz": "A",
    "mdma-190-04-04.npz": "B",
    "mdma-125-04-01.npz": "D",
    "mdma-113-04-03.npz": "C",
    "mdma-118-04-01.npz": "B",
    "mdma-183-04-01.npz": "D",
    "mdma-188-04-03.npz": "C",
    "mdma-156-04-00.npz": "A",
    "mdma-137-04-03.npz": "C",
    "mdma-191-04-03.npz": "D",
    "mdma-144-04-02.npz": "A",
    "mdma-101-04-01.npz": "C",
    "mdma-155-04-04.npz": "D",
    "mdma-135-04-00.npz": "C",
    "mdma-112-04-04.npz": "A",
    "mdma-189-04-04.npz": "C",
    "mdma-198-04-02.npz": "D",
    "mdma-193-04-00.npz": "D",
    "mdma-146-04-01.npz": "D",
    "mdma-108-04-00.npz": "B",
    "mdma-103-04-02.npz": "A",
    "mdma-105-04-03.npz": "C",
    "mdma-140-04-00.npz": "D",
    "mdma-195-04-01.npz": "D",
    "mdma-138-04-03.npz": "D",
    "mdma-133-04-01.npz": "D",
    "mdma-186-04-04.npz": "A",
    "mdma-107-04-00.npz": "A",
    "mdma-149-04-01.npz": "A",
    "mdma-142-04-03.npz": "B",
    "mdma-197-04-02.npz": "A",
    "mdma-120-04-04.npz": "D",
    "mdma-131-04-02.npz": "B",
    "mdma-150-04-01.npz": "C",
    "mdma-185-04-00.npz": "A",
    "mdma-115-04-02.npz": "B",
    "mdma-104-04-04.npz": "D",
    "mdma-123-04-00.npz": "D",
    "mdma-128-04-02.npz": "A",
    "mdma-139-04-04.npz": "D",
    "mdma-143-04-04.npz": "D",
    "mdma-152-04-02.npz": "D",
    "mdma-159-04-00.npz": "D",
    "mdma-187-04-03.npz": "A",
    "mdma-117-04-01.npz": "A",
    "mdma-121-04-03.npz": "A",
    "mdma-124-04-01.npz": "B",
    "mdma-119-04-01.npz": "B",
    "mdma-112-04-03.npz": "B",
    "mdma-189-04-03.npz": "D",
    "mdma-182-04-01.npz": "A",
    "mdma-157-04-00.npz": "D",
    "mdma-137-04-04.npz": "C",
    "mdma-126-04-02.npz": "B",
    "mdma-191-04-04.npz": "A",
    "mdma-110-04-00.npz": "D",
    "mdma-180-04-02.npz": "A",
    "mdma-155-04-03.npz": "B",
    "mdma-134-04-00.npz": "C",
    "mdma-192-04-00.npz": "B",
    "mdma-199-04-02.npz": "C",
    "mdma-147-04-01.npz": "D",
    "mdma-102-04-02.npz": "D",
    "mdma-109-04-00.npz": "B",
    "mdma-113-04-04.npz": "A",
    "mdma-188-04-04.npz": "D",
    "mdma-136-04-03.npz": "A",
    "mdma-154-04-04.npz": "B",
    "mdma-190-04-03.npz": "B",
    "mdma-145-04-02.npz": "C",
    "mdma-100-04-01.npz": "A",
    "mdma-106-04-00.npz": "D",
    "mdma-143-04-03.npz": "D",
    "mdma-148-04-01.npz": "A",
    "mdma-196-04-02.npz": "C",
    "mdma-187-04-04.npz": "D",
    "mdma-130-04-02.npz": "B",
    "mdma-121-04-04.npz": "A",
    "mdma-104-04-03.npz": "C",
    "mdma-141-04-00.npz": "C",
    "mdma-194-04-01.npz": "A",
    "mdma-132-04-01.npz": "A",
    "mdma-139-04-03.npz": "C",
    "mdma-158-04-00.npz": "D",
    "mdma-153-04-02.npz": "A",
    "mdma-186-04-03.npz": "C",
    "mdma-116-04-01.npz": "C",
    "mdma-142-04-04.npz": "C",
    "mdma-120-04-03.npz": "C",
    "mdma-105-04-04.npz": "A",
    "mdma-151-04-01.npz": "C",
    "mdma-184-04-00.npz": "C",
    "mdma-114-04-02.npz": "A",
    "mdma-138-04-04.npz": "A",
    "mdma-129-04-02.npz": "C",
    "mdma-122-04-00.npz": "D",
    "mdma-125-04-00.npz": "A",
    "mdma-118-04-00.npz": "A",
    "mdma-113-04-02.npz": "C",
    "mdma-188-04-02.npz": "D",
    "mdma-183-04-00.npz": "C",
    "mdma-156-04-01.npz": "B",
    "mdma-199-04-04.npz": "B",
    "mdma-102-04-04.npz": "D",
    "mdma-127-04-03.npz": "A",
    "mdma-145-04-04.npz": "D",
    "mdma-111-04-01.npz": "B",
    "mdma-181-04-03.npz": "D",
    "mdma-154-04-02.npz": "D",
    "mdma-135-04-01.npz": "D",
    "mdma-193-04-01.npz": "B",
    "mdma-198-04-03.npz": "B",
    "mdma-146-04-00.npz": "C",
    "mdma-103-04-03.npz": "B",
    "mdma-108-04-01.npz": "A",
    "mdma-126-04-04.npz": "B",
    "mdma-137-04-02.npz": "C",
    "mdma-180-04-04.npz": "A",
    "mdma-191-04-02.npz": "B",
    "mdma-144-04-03.npz": "C",
    "mdma-101-04-00.npz": "C",
    "mdma-107-04-01.npz": "A",
    "mdma-142-04-02.npz": "C",
    "mdma-149-04-00.npz": "C",
    "mdma-197-04-03.npz": "D",
    "mdma-153-04-04.npz": "A",
    "mdma-131-04-03.npz": "B",
    "mdma-114-04-04.npz": "A",
    "mdma-105-04-02.npz": "C",
    "mdma-140-04-01.npz": "D",
    "mdma-195-04-00.npz": "B",
    "mdma-129-04-04.npz": "B",
    "mdma-133-04-00.npz": "B",
    "mdma-138-04-02.npz": "C",
    "mdma-159-04-01.npz": "D",
    "mdma-152-04-03.npz": "D",
    "mdma-187-04-02.npz": "C",
    "mdma-117-04-00.npz": "B",
    "mdma-196-04-04.npz": "D",
    "mdma-121-04-02.npz": "D",
    "mdma-130-04-04.npz": "A",
    "mdma-150-04-00.npz": "D",
    "mdma-185-04-01.npz": "A",
    "mdma-115-04-03.npz": "A",
    "mdma-128-04-03.npz": "D",
    "mdma-123-04-01.npz": "C"
}