{
    "mdma-s10-01-00.npz": "D",
    "mdma-s10-01-01.npz": "C",
    "mdma-s10-01-02.npz": "D",
    "mdma-s10-01-03.npz": "A",
    "mdma-s10-01-04.npz": "B",
    "mdma-s11-01-00.npz": "D",
    "mdma-s11-01-01.npz": "C",
    "mdma-s11-01-02.npz": "A",
    "mdma-s11-01-03.npz": "A",
    "mdma-s11-01-04.npz": "A",
    "mdma-s12-01-00.npz": "C",
    "mdma-s12-01-01.npz": "B",
    "mdma-s12-01-02.npz": "C",
    "mdma-s12-01-03.npz": "A",
    "mdma-s12-01-04.npz": "C",
    "mdma-s13-01-00.npz": "C",
    "mdma-s13-01-01.npz": "A",
    "mdma-s13-01-02.npz": "A",
    "mdma-s13-01-03.npz": "D",
    "mdma-s13-01-04.npz": "C",
    "mdma-s14-01-00.npz": "D",
    "mdma-s14-01-01.npz": "A",
    "mdma-s14-01-02.npz": "A",
    "mdma-s14-01-03.npz": "A",
    "mdma-s14-01-04.npz": "C",
    "mdma-s15-01-00.npz": "C",
    "mdma-s15-01-01.npz": "D",
    "mdma-s15-01-02.npz": "A",
    "mdma-s15-01-03.npz": "D",
    "mdma-s15-01-04.npz": "A",
    "mdma-s16-01-00.npz": "A",
    "mdma-s16-01-01.npz": "D",
    "mdma-s16-01-02.npz": "B",
    "mdma-s16-01-03.npz": "B",
    "mdma-s16-01-04.npz": "B",
    "mdma-s17-01-00.npz": "B",
    "mdma-s17-01-01.npz": "D",
    "mdma-s17-01-02.npz": "C",
    "mdma-s17-01-03.npz": "B",
    "mdma-s17-01-04.npz": "A",
    "mdma-s18-01-00.npz": "C",
    "mdma-s18-01-01.npz": "C",
    "mdma-s18-01-02.npz": "A",
    "mdma-s18-01-03.npz": "A",
    "mdma-s18-01-04.npz": "B",
    "mdma-s19-01-00.npz": "C",
    "mdma-s19-01-01.npz": "B",
    "mdma-s19-01-02.npz": "A",
    "mdma-s19-01-03.npz": "C",
    "mdma-s19-01-04.npz": "D",
    "mdma-s40-01-01.npz": "B",
    "mdma-s40-01-02.npz": "D",
    "mdma-s40-01-03.npz": "A",
    "mdma-s40-01-04.npz": "C",
    "mdma-s41-01-00.npz": "B",
    "mdma-s41-01-01.npz": "C",
    "mdma-s41-01-02.npz": "C",
    "mdma-s41-01-03.npz": "A",
    "mdma-s41-01-04.npz": "B",
    "mdma-s42-01-00.npz": "A",
    "mdma-s42-01-01.npz": "A",
    "mdma-s42-01-02.npz": "C",
    "mdma-s42-01-03.npz": "A",
    "mdma-s42-01-04.npz": "B",
    "mdma-s43-01-01.npz": "A",
    "mdma-s43-01-02.npz": "A",
    "mdma-s43-01-03.npz": "B",
    "mdma-s43-01-04.npz": "C",
    "mdma-s44-01-00.npz": "D",
    "mdma-s44-01-01.npz": "B",
    "mdma-s44-01-02.npz": "C",
    "mdma-s44-01-03.npz": "D",
    "mdma-s44-01-04.npz": "C",
    "mdma-s45-01-00.npz": "C",
    "mdma-s45-01-01.npz": "A",
    "mdma-s45-01-02.npz": "C",
    "mdma-s45-01-03.npz": "B",
    "mdma-s45-01-04.npz": "B",
    "mdma-s46-01-00.npz": "A",
    "mdma-s46-01-01.npz": "B",
    "mdma-s46-01-02.npz": "D",
    "mdma-s46-01-03.npz": "A",
    "mdma-s46-01-04.npz": "B",
    "mdma-s47-01-00.npz": "B",
    "mdma-s47-01-01.npz": "C",
    "mdma-s47-01-02.npz": "B",
    "mdma-s47-01-03.npz": "B",
    "mdma-s47-01-04.npz": "C",
    "mdma-s48-01-00.npz": "D",
    "mdma-s48-01-01.npz": "B",
    "mdma-s48-01-02.npz": "A",
    "mdma-s48-01-03.npz": "B",
    "mdma-s48-01-04.npz": "B",
    "mdma-s49-01-00.npz": "B",
    "mdma-s49-01-01.npz": "C",
    "mdma-s49-01-02.npz": "A",
    "mdma-s49-01-03.npz": "D",
    "mdma-s49-01-04.npz": "D",
    "mdma-s50-01-01.npz": "D",
    "mdma-s50-01-02.npz": "B",
    "mdma-s50-01-03.npz": "B",
    "mdma-s50-01-04.npz": "B",
    "mdma-s51-01-00.npz": "C",
    "mdma-s51-01-01.npz": "C",
    "mdma-s51-01-02.npz": "C",
    "mdma-s51-01-03.npz": "C",
    "mdma-s51-01-04.npz": "A",
    "mdma-s52-01-00.npz": "allbad",
    "mdma-s52-01-01.npz": "C",
    "mdma-s52-01-02.npz": "D",
    "mdma-s52-01-03.npz": "C",
    "mdma-s52-01-04.npz": "A",
    "mdma-s53-01-00.npz": "D",
    "mdma-s53-01-01.npz": "B",
    "mdma-s53-01-02.npz": "A",
    "mdma-s53-01-03.npz": "allbad",
    "mdma-s53-01-04.npz": "B",
    "mdma-s54-01-00.npz": "D",
    "mdma-s54-01-01.npz": "C",
    "mdma-s54-01-02.npz": "A",
    "mdma-s54-01-03.npz": "allbad",
    "mdma-s54-01-04.npz": "A",
    "mdma-s55-01-00.npz": "C",
    "mdma-s55-01-01.npz": "allbad",
    "mdma-s55-01-02.npz": "A",
    "mdma-s55-01-03.npz": "A",
    "mdma-s55-01-04.npz": "B",
    "mdma-s56-01-00.npz": "A",
    "mdma-s56-01-01.npz": "A",
    "mdma-s56-01-02.npz": "B",
    "mdma-s56-01-03.npz": "B",
    "mdma-s56-01-04.npz": "A",
    "mdma-s57-01-00.npz": "A",
    "mdma-s57-01-01.npz": "C",
    "mdma-s57-01-02.npz": "A",
    "mdma-s57-01-03.npz": "allbad",
    "mdma-s57-01-04.npz": "C",
    "mdma-s58-01-00.npz": "A",
    "mdma-s58-01-01.npz": "D",
    "mdma-s58-01-02.npz": "A",
    "mdma-s58-01-03.npz": "C",
    "mdma-s58-01-04.npz": "A",
    "mdma-s59-01-00.npz": "C",
    "mdma-s59-01-01.npz": "B",
    "mdma-s59-01-02.npz": "A",
    "mdma-s59-01-03.npz": "B",
    "mdma-s59-01-04.npz": "B",
    "mdma-s60-01-01.npz": "A",
    "mdma-s60-01-02.npz": "A",
    "mdma-s60-01-03.npz": "D",
    "mdma-s60-01-04.npz": "A",
    "mdma-s61-01-00.npz": "A",
    "mdma-s61-01-01.npz": "A",
    "mdma-s61-01-02.npz": "A",
    "mdma-s61-01-03.npz": "B",
    "mdma-s61-01-04.npz": "B",
    "mdma-s62-01-00.npz": "D",
    "mdma-s62-01-01.npz": "A",
    "mdma-s62-01-02.npz": "A",
    "mdma-s62-01-03.npz": "A",
    "mdma-s62-01-04.npz": "C",
    "mdma-s63-01-01.npz": "A",
    "mdma-s63-01-02.npz": "D",
    "mdma-s63-01-03.npz": "C",
    "mdma-s63-01-04.npz": "A",
    "mdma-s64-01-00.npz": "A",
    "mdma-s64-01-01.npz": "allbad",
    "mdma-s64-01-02.npz": "D",
    "mdma-s64-01-03.npz": "allbad",
    "mdma-s64-01-04.npz": "A",
    "mdma-s65-01-00.npz": "D",
    "mdma-s65-01-01.npz": "D",
    "mdma-s65-01-02.npz": "C",
    "mdma-s65-01-03.npz": "D",
    "mdma-s65-01-04.npz": "C",
    "mdma-s66-01-00.npz": "C",
    "mdma-s66-01-01.npz": "C",
    "mdma-s66-01-02.npz": "A",
    "mdma-s66-01-03.npz": "C",
    "mdma-s66-01-04.npz": "A",
    "mdma-s67-01-00.npz": "allbad",
    "mdma-s67-01-01.npz": "A",
    "mdma-s67-01-02.npz": "C",
    "mdma-s67-01-03.npz": "B",
    "mdma-s67-01-04.npz": "A",
    "mdma-s68-01-00.npz": "D",
    "mdma-s68-01-01.npz": "C",
    "mdma-s68-01-02.npz": "B",
    "mdma-s68-01-03.npz": "B",
    "mdma-s68-01-04.npz": "A",
    "mdma-s69-01-00.npz": "B",
    "mdma-s69-01-02.npz": "A",
    "mdma-s69-01-03.npz": "C",
    "mdma-s70-01-01.npz": "A",
    "mdma-s70-01-03.npz": "B",
    "mdma-s70-01-04.npz": "C",
    "mdma-s71-01-00.npz": "A",
    "mdma-s71-01-01.npz": "D",
    "mdma-s71-01-02.npz": "C",
    "mdma-s71-01-04.npz": "B",
    "mdma-s72-01-00.npz": "D",
    "mdma-s72-01-01.npz": "D",
    "mdma-s72-01-02.npz": "B",
    "mdma-s72-01-03.npz": "C",
    "mdma-s73-01-00.npz": "A",
    "mdma-s73-01-01.npz": "C",
    "mdma-s73-01-03.npz": "C",
    "mdma-s74-01-00.npz": "B",
    "mdma-s74-01-01.npz": "D",
    "mdma-s74-01-02.npz": "B",
    "mdma-s74-01-03.npz": "D",
    "mdma-s75-01-00.npz": "B",
    "mdma-s75-01-01.npz": "A",
    "mdma-s75-01-02.npz": "D",
    "mdma-s75-01-03.npz": "B",
    "mdma-s75-01-04.npz": "B",
    "mdma-s76-01-00.npz": "C",
    "mdma-s76-01-01.npz": "B",
    "mdma-s76-01-02.npz": "D",
    "mdma-s76-01-03.npz": "A",
    "mdma-s76-01-04.npz": "B",
    "mdma-s77-01-00.npz": "D",
    "mdma-s77-01-01.npz": "D",
    "mdma-s77-01-03.npz": "A",
    "mdma-s77-01-04.npz": "D",
    "mdma-s78-01-00.npz": "C",
    "mdma-s78-01-01.npz": "B",
    "mdma-s78-01-02.npz": "B",
    "mdma-s78-01-03.npz": "A",
    "mdma-s78-01-04.npz": "C",
    "mdma-s79-01-00.npz": "A",
    "mdma-s79-01-01.npz": "A",
    "mdma-s79-01-03.npz": "C",
    "mdma-s80-01-01.npz": "D",
    "mdma-s80-01-02.npz": "A",
    "mdma-s80-01-03.npz": "B",
    "mdma-s80-01-04.npz": "A",
    "mdma-s81-01-01.npz": "A",
    "mdma-s81-01-03.npz": "C",
    "mdma-s81-01-04.npz": "D",
    "mdma-s82-01-00.npz": "B",
    "mdma-s82-01-01.npz": "D",
    "mdma-s82-01-02.npz": "B",
    "mdma-s82-01-03.npz": "B",
    "mdma-s82-01-04.npz": "A",
    "mdma-s83-01-00.npz": "D",
    "mdma-s83-01-02.npz": "C",
    "mdma-s83-01-03.npz": "A",
    "mdma-s83-01-04.npz": "B",
    "mdma-s84-01-00.npz": "D",
    "mdma-s84-01-01.npz": "C",
    "mdma-s84-01-02.npz": "C",
    "mdma-s84-01-03.npz": "C",
    "mdma-s84-01-04.npz": "A",
    "mdma-s85-01-00.npz": "B",
    "mdma-s85-01-02.npz": "D",
    "mdma-s85-01-04.npz": "D",
    "mdma-s86-01-00.npz": "D",
    "mdma-s86-01-02.npz": "D",
    "mdma-s86-01-03.npz": "C",
    "mdma-s86-01-04.npz": "A",
    "mdma-s87-01-02.npz": "A",
    "mdma-s87-01-03.npz": "A",
    "mdma-s87-01-04.npz": "A",
    "mdma-s88-01-01.npz": "C",
    "mdma-s88-01-02.npz": "C",
    "mdma-s88-01-03.npz": "C",
    "mdma-s88-01-04.npz": "A",
    "mdma-s89-01-00.npz": "B",
    "mdma-s89-01-01.npz": "B",
    "mdma-s89-01-02.npz": "D",
    "mdma-s89-01-03.npz": "A",
    "mdma-s89-01-04.npz": "B",
    "mdma-s90-01-01.npz": "A",
    "mdma-s90-01-03.npz": "C",
    "mdma-s90-01-04.npz": "B",
    "mdma-s91-01-01.npz": "C",
    "mdma-s91-01-02.npz": "B",
    "mdma-s91-01-03.npz": "A",
    "mdma-s92-01-00.npz": "A",
    "mdma-s92-01-01.npz": "C",
    "mdma-s92-01-03.npz": "A",
    "mdma-s92-01-04.npz": "A",
    "mdma-s93-01-01.npz": "A",
    "mdma-s93-01-02.npz": "D",
    "mdma-s93-01-03.npz": "B",
    "mdma-s94-01-00.npz": "A",
    "mdma-s94-01-01.npz": "B",
    "mdma-s94-01-04.npz": "B",
    "mdma-s95-01-00.npz": "B",
    "mdma-s95-01-01.npz": "A",
    "mdma-s95-01-02.npz": "B",
    "mdma-s95-01-03.npz": "B",
    "mdma-s96-01-00.npz": "B",
    "mdma-s96-01-01.npz": "D",
    "mdma-s96-01-02.npz": "C",
    "mdma-s96-01-04.npz": "B",
    "mdma-s97-01-00.npz": "B",
    "mdma-s97-01-01.npz": "D",
    "mdma-s97-01-02.npz": "B",
    "mdma-s97-01-03.npz": "D",
    "mdma-s97-01-04.npz": "D",
    "mdma-s98-01-00.npz": "C",
    "mdma-s98-01-01.npz": "D",
    "mdma-s98-01-02.npz": "A",
    "mdma-s98-01-03.npz": "A",
    "mdma-s98-01-04.npz": "allbad",
    "mdma-s99-01-00.npz": "A",
    "mdma-s99-01-01.npz": "allbad",
    "mdma-s99-01-02.npz": "C",
    "mdma-s99-01-04.npz": "A"
}