{
    "mdma-145-01-04.npz": "D",
    "mdma-111-01-01.npz": "C",
    "mdma-181-01-03.npz": "B",
    "mdma-154-01-02.npz": "D",
    "mdma-127-01-03.npz": "A",
    "mdma-113-01-02.npz": "allbad",
    "mdma-118-01-00.npz": "allbad",
    "mdma-183-01-00.npz": "C",
    "mdma-188-01-02.npz": "D",
    "mdma-156-01-01.npz": "B",
    "mdma-199-01-04.npz": "C",
    "mdma-102-01-04.npz": "B",
    "mdma-125-01-00.npz": "A",
    "mdma-180-01-04.npz": "C",
    "mdma-191-01-02.npz": "A",
    "mdma-144-01-03.npz": "allbad",
    "mdma-101-01-00.npz": "allbad",
    "mdma-126-01-04.npz": "D",
    "mdma-137-01-02.npz": "allbad",
    "mdma-198-01-03.npz": "B",
    "mdma-193-01-01.npz": "D",
    "mdma-146-01-00.npz": "B",
    "mdma-108-01-01.npz": "A",
    "mdma-103-01-03.npz": "D",
    "mdma-135-01-01.npz": "C",
    "mdma-129-01-04.npz": "C",
    "mdma-138-01-02.npz": "B",
    "mdma-133-01-00.npz": "D",
    "mdma-114-01-04.npz": "allbad",
    "mdma-105-01-02.npz": "C",
    "mdma-140-01-01.npz": "allbad",
    "mdma-195-01-00.npz": "C",
    "mdma-131-01-03.npz": "C",
    "mdma-107-01-01.npz": "C",
    "mdma-149-01-00.npz": "B",
    "mdma-142-01-02.npz": "D",
    "mdma-197-01-03.npz": "C",
    "mdma-153-01-04.npz": "A",
    "mdma-123-01-01.npz": "D",
    "mdma-128-01-03.npz": "A",
    "mdma-150-01-00.npz": "A",
    "mdma-185-01-01.npz": "C",
    "mdma-115-01-03.npz": "B",
    "mdma-121-01-02.npz": "A",
    "mdma-130-01-04.npz": "D",
    "mdma-152-01-03.npz": "B",
    "mdma-159-01-01.npz": "D",
    "mdma-187-01-02.npz": "C",
    "mdma-117-01-00.npz": "A",
    "mdma-196-01-04.npz": "D",
    "mdma-191-01-04.npz": "A",
    "mdma-110-01-00.npz": "D",
    "mdma-180-01-02.npz": "A",
    "mdma-155-01-03.npz": "D",
    "mdma-137-01-04.npz": "allbad",
    "mdma-126-01-02.npz": "C",
    "mdma-112-01-03.npz": "B",
    "mdma-119-01-01.npz": "B",
    "mdma-182-01-01.npz": "A",
    "mdma-189-01-03.npz": "C",
    "mdma-157-01-00.npz": "A",
    "mdma-124-01-01.npz": "B",
    "mdma-154-01-04.npz": "B",
    "mdma-190-01-03.npz": "allbad",
    "mdma-145-01-02.npz": "A",
    "mdma-136-01-03.npz": "allbad",
    "mdma-199-01-02.npz": "B",
    "mdma-192-01-00.npz": "allbad",
    "mdma-147-01-01.npz": "A",
    "mdma-109-01-00.npz": "C",
    "mdma-102-01-02.npz": "allbad",
    "mdma-113-01-04.npz": "A",
    "mdma-188-01-04.npz": "D",
    "mdma-134-01-00.npz": "D",
    "mdma-139-01-03.npz": "B",
    "mdma-132-01-01.npz": "D",
    "mdma-104-01-03.npz": "D",
    "mdma-141-01-00.npz": "C",
    "mdma-194-01-01.npz": "D",
    "mdma-130-01-02.npz": "A",
    "mdma-121-01-04.npz": "C",
    "mdma-106-01-00.npz": "C",
    "mdma-148-01-01.npz": "D",
    "mdma-143-01-03.npz": "D",
    "mdma-196-01-02.npz": "C",
    "mdma-187-01-04.npz": "D",
    "mdma-138-01-04.npz": "B",
    "mdma-122-01-00.npz": "A",
    "mdma-129-01-02.npz": "A",
    "mdma-105-01-04.npz": "A",
    "mdma-151-01-01.npz": "B",
    "mdma-184-01-00.npz": "B",
    "mdma-114-01-02.npz": "allbad",
    "mdma-120-01-03.npz": "C",
    "mdma-153-01-02.npz": "B",
    "mdma-158-01-00.npz": "A",
    "mdma-186-01-03.npz": "allbad",
    "mdma-116-01-01.npz": "A",
    "mdma-142-01-04.npz": "A",
    "mdma-118-01-01.npz": "A",
    "mdma-113-01-03.npz": "D",
    "mdma-188-01-03.npz": "A",
    "mdma-183-01-01.npz": "A",
    "mdma-156-01-00.npz": "B",
    "mdma-125-01-01.npz": "B",
    "mdma-111-01-00.npz": "allbad",
    "mdma-181-01-02.npz": "B",
    "mdma-154-01-03.npz": "A",
    "mdma-190-01-04.npz": "D",
    "mdma-127-01-02.npz": "C",
    "mdma-136-01-04.npz": "B",
    "mdma-112-01-04.npz": "allbad",
    "mdma-189-01-04.npz": "A",
    "mdma-193-01-00.npz": "B",
    "mdma-198-01-02.npz": "C",
    "mdma-146-01-01.npz": "D",
    "mdma-103-01-02.npz": "C",
    "mdma-108-01-00.npz": "B",
    "mdma-135-01-00.npz": "D",
    "mdma-191-01-03.npz": "B",
    "mdma-144-01-02.npz": "A",
    "mdma-101-01-01.npz": "A",
    "mdma-155-01-04.npz": "A",
    "mdma-137-01-03.npz": "C",
    "mdma-120-01-04.npz": "allbad",
    "mdma-131-01-02.npz": "B",
    "mdma-186-01-04.npz": "A",
    "mdma-107-01-00.npz": "C",
    "mdma-142-01-03.npz": "allbad",
    "mdma-149-01-01.npz": "C",
    "mdma-197-01-02.npz": "B",
    "mdma-133-01-01.npz": "B",
    "mdma-138-01-03.npz": "A",
    "mdma-105-01-03.npz": "allbad",
    "mdma-140-01-00.npz": "B",
    "mdma-195-01-01.npz": "D",
    "mdma-121-01-03.npz": "C",
    "mdma-143-01-04.npz": "allbad",
    "mdma-159-01-00.npz": "D",
    "mdma-152-01-02.npz": "C",
    "mdma-187-01-03.npz": "A",
    "mdma-117-01-01.npz": "D",
    "mdma-128-01-02.npz": "A",
    "mdma-123-01-00.npz": "D",
    "mdma-139-01-04.npz": "B",
    "mdma-150-01-01.npz": "A",
    "mdma-185-01-00.npz": "B",
    "mdma-115-01-02.npz": "D",
    "mdma-104-01-04.npz": "D",
    "mdma-198-01-04.npz": "A",
    "mdma-103-01-04.npz": "B",
    "mdma-119-01-00.npz": "B",
    "mdma-112-01-02.npz": "D",
    "mdma-189-01-02.npz": "B",
    "mdma-182-01-00.npz": "D",
    "mdma-157-01-01.npz": "B",
    "mdma-124-01-00.npz": "C",
    "mdma-110-01-01.npz": "D",
    "mdma-180-01-03.npz": "A",
    "mdma-155-01-02.npz": "B",
    "mdma-144-01-04.npz": "C",
    "mdma-126-01-03.npz": "D",
    "mdma-192-01-01.npz": "B",
    "mdma-199-01-03.npz": "B",
    "mdma-147-01-00.npz": "C",
    "mdma-102-01-03.npz": "C",
    "mdma-109-01-01.npz": "C",
    "mdma-134-01-01.npz": "allbad",
    "mdma-190-01-02.npz": "B",
    "mdma-145-01-03.npz": "B",
    "mdma-181-01-04.npz": "B",
    "mdma-136-01-02.npz": "D",
    "mdma-127-01-04.npz": "D",
    "mdma-130-01-03.npz": "B",
    "mdma-152-01-04.npz": "D",
    "mdma-106-01-01.npz": "D",
    "mdma-143-01-02.npz": "allbad",
    "mdma-148-01-00.npz": "A",
    "mdma-196-01-03.npz": "A",
    "mdma-132-01-00.npz": "A",
    "mdma-139-01-02.npz": "D",
    "mdma-128-01-04.npz": "B",
    "mdma-104-01-02.npz": "B",
    "mdma-141-01-01.npz": "B",
    "mdma-194-01-00.npz": "B",
    "mdma-115-01-04.npz": "allbad",
    "mdma-131-01-04.npz": "A",
    "mdma-120-01-02.npz": "B",
    "mdma-197-01-04.npz": "D",
    "mdma-158-01-01.npz": "D",
    "mdma-153-01-03.npz": "allbad",
    "mdma-186-01-02.npz": "B",
    "mdma-116-01-00.npz": "D",
    "mdma-129-01-03.npz": "D",
    "mdma-122-01-01.npz": "D",
    "mdma-151-01-00.npz": "A",
    "mdma-184-01-01.npz": "C",
    "mdma-114-01-03.npz": "B",
    "mdma-137-01-00.npz": "A",
    "mdma-110-01-04.npz": "A",
    "mdma-144-01-01.npz": "A",
    "mdma-191-01-00.npz": "C",
    "mdma-101-01-02.npz": "A",
    "mdma-135-01-03.npz": "B",
    "mdma-146-01-02.npz": "B",
    "mdma-198-01-01.npz": "A",
    "mdma-193-01-03.npz": "A",
    "mdma-108-01-03.npz": "B",
    "mdma-103-01-01.npz": "allbad",
    "mdma-157-01-04.npz": "C",
    "mdma-127-01-01.npz": "D",
    "mdma-111-01-03.npz": "allbad",
    "mdma-154-01-00.npz": "A",
    "mdma-181-01-01.npz": "C",
    "mdma-125-01-02.npz": "C",
    "mdma-134-01-04.npz": "A",
    "mdma-113-01-00.npz": "D",
    "mdma-118-01-02.npz": "allbad",
    "mdma-156-01-03.npz": "A",
    "mdma-183-01-02.npz": "B",
    "mdma-188-01-00.npz": "C",
    "mdma-192-01-04.npz": "D",
    "mdma-109-01-04.npz": "allbad",
    "mdma-141-01-04.npz": "A",
    "mdma-185-01-03.npz": "allbad",
    "mdma-150-01-02.npz": "A",
    "mdma-115-01-01.npz": "B",
    "mdma-123-01-03.npz": "B",
    "mdma-128-01-01.npz": "C",
    "mdma-187-01-00.npz": "B",
    "mdma-152-01-01.npz": "D",
    "mdma-159-01-03.npz": "allbad",
    "mdma-117-01-02.npz": "D",
    "mdma-106-01-04.npz": "D",
    "mdma-121-01-00.npz": "B",
    "mdma-184-01-04.npz": "B",
    "mdma-105-01-00.npz": "C",
    "mdma-195-01-02.npz": "A",
    "mdma-140-01-03.npz": "A",
    "mdma-122-01-04.npz": "A",
    "mdma-138-01-00.npz": "A",
    "mdma-133-01-02.npz": "D",
    "mdma-107-01-03.npz": "B",
    "mdma-197-01-01.npz": "C",
    "mdma-149-01-02.npz": "D",
    "mdma-142-01-00.npz": "A",
    "mdma-158-01-04.npz": "C",
    "mdma-131-01-01.npz": "A",
    "mdma-136-01-01.npz": "A",
    "mdma-145-01-00.npz": "A",
    "mdma-190-01-01.npz": "B",
    "mdma-100-01-03.npz": "D",
    "mdma-134-01-02.npz": "B",
    "mdma-125-01-04.npz": "D",
    "mdma-147-01-03.npz": "C",
    "mdma-199-01-00.npz": "A",
    "mdma-192-01-02.npz": "C",
    "mdma-109-01-02.npz": "A",
    "mdma-102-01-00.npz": "B",
    "mdma-118-01-04.npz": "A",
    "mdma-183-01-04.npz": "C",
    "mdma-126-01-00.npz": "allbad",
    "mdma-101-01-04.npz": "A",
    "mdma-110-01-02.npz": "allbad",
    "mdma-155-01-01.npz": "A",
    "mdma-180-01-00.npz": "A",
    "mdma-124-01-03.npz": "allbad",
    "mdma-112-01-01.npz": "D",
    "mdma-119-01-03.npz": "B",
    "mdma-157-01-02.npz": "D",
    "mdma-182-01-03.npz": "A",
    "mdma-189-01-01.npz": "B",
    "mdma-146-01-04.npz": "D",
    "mdma-195-01-04.npz": "B",
    "mdma-184-01-02.npz": "D",
    "mdma-151-01-03.npz": "A",
    "mdma-114-01-00.npz": "D",
    "mdma-133-01-04.npz": "D",
    "mdma-122-01-02.npz": "A",
    "mdma-129-01-00.npz": "A",
    "mdma-186-01-01.npz": "allbad",
    "mdma-153-01-00.npz": "B",
    "mdma-158-01-02.npz": "D",
    "mdma-116-01-03.npz": "D",
    "mdma-149-01-04.npz": "D",
    "mdma-120-01-01.npz": "D",
    "mdma-150-01-04.npz": "A",
    "mdma-104-01-01.npz": "allbad",
    "mdma-194-01-03.npz": "D",
    "mdma-141-01-02.npz": "B",
    "mdma-139-01-01.npz": "D",
    "mdma-132-01-03.npz": "A",
    "mdma-106-01-02.npz": "A",
    "mdma-196-01-00.npz": "allbad",
    "mdma-148-01-03.npz": "C",
    "mdma-143-01-01.npz": "B",
    "mdma-117-01-04.npz": "B",
    "mdma-130-01-00.npz": "A",
    "mdma-124-01-04.npz": "C",
    "mdma-135-01-02.npz": "A",
    "mdma-119-01-04.npz": "D",
    "mdma-182-01-04.npz": "D",
    "mdma-146-01-03.npz": "allbad",
    "mdma-193-01-02.npz": "D",
    "mdma-198-01-00.npz": "A",
    "mdma-103-01-00.npz": "B",
    "mdma-108-01-02.npz": "allbad",
    "mdma-137-01-01.npz": "A",
    "mdma-144-01-00.npz": "B",
    "mdma-191-01-01.npz": "B",
    "mdma-101-01-03.npz": "allbad",
    "mdma-125-01-03.npz": "A",
    "mdma-147-01-04.npz": "allbad",
    "mdma-118-01-03.npz": "C",
    "mdma-113-01-01.npz": "A",
    "mdma-156-01-02.npz": "A",
    "mdma-188-01-01.npz": "A",
    "mdma-183-01-03.npz": "A",
    "mdma-127-01-00.npz": "B",
    "mdma-111-01-02.npz": "B",
    "mdma-154-01-01.npz": "A",
    "mdma-181-01-00.npz": "allbad",
    "mdma-100-01-04.npz": "A",
    "mdma-148-01-04.npz": "A",
    "mdma-187-01-01.npz": "B",
    "mdma-159-01-02.npz": "A",
    "mdma-152-01-00.npz": "D",
    "mdma-117-01-03.npz": "A",
    "mdma-121-01-01.npz": "C",
    "mdma-185-01-02.npz": "A",
    "mdma-150-01-03.npz": "D",
    "mdma-115-01-00.npz": "D",
    "mdma-194-01-04.npz": "D",
    "mdma-128-01-00.npz": "B",
    "mdma-123-01-02.npz": "D",
    "mdma-132-01-04.npz": "C",
    "mdma-116-01-04.npz": "C",
    "mdma-107-01-02.npz": "B",
    "mdma-197-01-00.npz": "C",
    "mdma-142-01-01.npz": "allbad",
    "mdma-149-01-03.npz": "C",
    "mdma-131-01-00.npz": "D",
    "mdma-105-01-01.npz": "A",
    "mdma-195-01-03.npz": "B",
    "mdma-140-01-02.npz": "A",
    "mdma-151-01-04.npz": "D",
    "mdma-133-01-03.npz": "D",
    "mdma-138-01-01.npz": "B",
    "mdma-134-01-03.npz": "A",
    "mdma-156-01-04.npz": "allbad",
    "mdma-147-01-02.npz": "D",
    "mdma-192-01-03.npz": "allbad",
    "mdma-199-01-01.npz": "C",
    "mdma-102-01-01.npz": "C",
    "mdma-109-01-03.npz": "D",
    "mdma-136-01-00.npz": "D",
    "mdma-145-01-01.npz": "B",
    "mdma-190-01-00.npz": "C",
    "mdma-100-01-02.npz": "B",
    "mdma-111-01-04.npz": "D",
    "mdma-135-01-04.npz": "A",
    "mdma-124-01-02.npz": "D",
    "mdma-193-01-04.npz": "C",
    "mdma-108-01-04.npz": "C",
    "mdma-119-01-02.npz": "B",
    "mdma-112-01-00.npz": "allbad",
    "mdma-157-01-03.npz": "A",
    "mdma-189-01-00.npz": "A",
    "mdma-182-01-02.npz": "A",
    "mdma-126-01-01.npz": "B",
    "mdma-110-01-03.npz": "A",
    "mdma-180-01-01.npz": "D",
    "mdma-107-01-04.npz": "D",
    "mdma-186-01-00.npz": "A",
    "mdma-158-01-03.npz": "B",
    "mdma-153-01-01.npz": "B",
    "mdma-116-01-02.npz": "D",
    "mdma-120-01-00.npz": "A",
    "mdma-184-01-03.npz": "C",
    "mdma-151-01-02.npz": "C",
    "mdma-114-01-01.npz": "A",
    "mdma-140-01-04.npz": "A",
    "mdma-129-01-01.npz": "A",
    "mdma-122-01-03.npz": "A",
    "mdma-159-01-04.npz": "C",
    "mdma-106-01-03.npz": "A",
    "mdma-196-01-01.npz": "C",
    "mdma-143-01-00.npz": "A",
    "mdma-148-01-02.npz": "D",
    "mdma-130-01-01.npz": "C",
    "mdma-104-01-00.npz": "D",
    "mdma-194-01-02.npz": "C",
    "mdma-141-01-03.npz": "allbad",
    "mdma-185-01-04.npz": "C",
    "mdma-132-01-02.npz": "B",
    "mdma-139-01-00.npz": "B",
    "mdma-123-01-04.npz": "B",
    "mdma-s70-01-02.npz": "C",
    "mdma-s63-01-00.npz": "D",
    "mdma-s73-01-04.npz": "C",
    "mdma-s43-01-00.npz": "allbad"
}