{"mdma-s10-11-00.npz": "A", "mdma-s10-11-01.npz": "C", "mdma-s10-11-02.npz": "B", "mdma-s10-11-03.npz": "B", "mdma-s10-11-04.npz": "A", "mdma-s11-11-00.npz": "B", "mdma-s11-11-01.npz": "C", "mdma-s11-11-02.npz": "A", "mdma-s11-11-03.npz": "B", "mdma-s11-11-04.npz": "D", "mdma-s12-11-00.npz": "C", "mdma-s12-11-01.npz": "A", "mdma-s12-11-02.npz": "B", "mdma-s12-11-03.npz": "D", "mdma-s12-11-04.npz": "D", "mdma-s13-11-00.npz": "C", "mdma-s13-11-01.npz": "C", "mdma-s13-11-02.npz": "D", "mdma-s13-11-03.npz": "B", "mdma-s13-11-04.npz": "A", "mdma-s14-11-00.npz": "D", "mdma-s14-11-01.npz": "B", "mdma-s14-11-02.npz": "C", "mdma-s14-11-03.npz": "B", "mdma-s14-11-04.npz": "B", "mdma-s15-11-00.npz": "B", "mdma-s15-11-01.npz": "D", "mdma-s15-11-02.npz": "B", "mdma-s15-11-03.npz": "B", "mdma-s15-11-04.npz": "D", "mdma-s16-11-00.npz": "A", "mdma-s16-11-01.npz": "A", "mdma-s16-11-02.npz": "A", "mdma-s16-11-03.npz": "C", "mdma-s16-11-04.npz": "C", "mdma-s17-11-00.npz": "B", "mdma-s17-11-01.npz": "C", "mdma-s17-11-02.npz": "A", "mdma-s17-11-03.npz": "C", "mdma-s17-11-04.npz": "A", "mdma-s18-11-00.npz": "D", "mdma-s18-11-01.npz": "B", "mdma-s18-11-02.npz": "C", "mdma-s18-11-03.npz": "B", "mdma-s18-11-04.npz": "D", "mdma-s19-11-00.npz": "D", "mdma-s19-11-01.npz": "A", "mdma-s19-11-02.npz": "B", "mdma-s19-11-03.npz": "A", "mdma-s19-11-04.npz": "D", "mdma-s40-11-01.npz": "B", "mdma-s40-11-02.npz": "B", "mdma-s40-11-03.npz": "B", "mdma-s40-11-04.npz": "C", "mdma-s41-11-00.npz": "A", "mdma-s41-11-01.npz": "B", "mdma-s41-11-02.npz": "A", "mdma-s41-11-03.npz": "D", "mdma-s41-11-04.npz": "A", "mdma-s42-11-00.npz": "C", "mdma-s42-11-01.npz": "A", "mdma-s42-11-02.npz": "B", "mdma-s42-11-03.npz": "C", "mdma-s42-11-04.npz": "A", "mdma-s43-11-00.npz": "B", "mdma-s43-11-01.npz": "D", "mdma-s43-11-02.npz": "D", "mdma-s43-11-03.npz": "A", "mdma-s43-11-04.npz": "D", "mdma-s44-11-00.npz": "C", "mdma-s44-11-01.npz": "A", "mdma-s44-11-02.npz": "D", "mdma-s44-11-03.npz": "B", "mdma-s44-11-04.npz": "A", "mdma-s45-11-00.npz": "A", "mdma-s45-11-01.npz": "C", "mdma-s45-11-02.npz": "C", "mdma-s45-11-03.npz": "C", "mdma-s45-11-04.npz": "D", "mdma-s46-11-00.npz": "D", "mdma-s46-11-01.npz": "D", "mdma-s46-11-02.npz": "C", "mdma-s46-11-03.npz": "B", "mdma-s46-11-04.npz": "A", "mdma-s47-11-00.npz": "C", "mdma-s47-11-01.npz": "A", "mdma-s47-11-02.npz": "A", "mdma-s47-11-03.npz": "C", "mdma-s47-11-04.npz": "A", "mdma-s48-11-00.npz": "B", "mdma-s48-11-01.npz": "A", "mdma-s48-11-02.npz": "B", "mdma-s48-11-03.npz": "D", "mdma-s48-11-04.npz": "B", "mdma-s49-11-00.npz": "C", "mdma-s49-11-01.npz": "C", "mdma-s49-11-02.npz": "D", "mdma-s49-11-03.npz": "C", "mdma-s49-11-04.npz": "D", "mdma-s50-11-01.npz": "B", "mdma-s50-11-03.npz": "B", "mdma-s50-11-04.npz": "C", "mdma-s51-11-00.npz": "D", "mdma-s51-11-01.npz": "D", "mdma-s51-11-02.npz": "B", "mdma-s51-11-03.npz": "D", "mdma-s51-11-04.npz": "C", "mdma-s52-11-00.npz": "C", "mdma-s52-11-01.npz": "D", "mdma-s52-11-02.npz": "D", "mdma-s52-11-03.npz": "C", "mdma-s52-11-04.npz": "D", "mdma-s53-11-00.npz": "B", "mdma-s53-11-01.npz": "C", "mdma-s53-11-02.npz": "A", "mdma-s53-11-03.npz": "C", "mdma-s53-11-04.npz": "A", "mdma-s54-11-00.npz": "C", "mdma-s54-11-01.npz": "D", "mdma-s54-11-02.npz": "B", "mdma-s54-11-03.npz": "B", "mdma-s54-11-04.npz": "B", "mdma-s55-11-00.npz": "A", "mdma-s55-11-01.npz": "D", "mdma-s55-11-02.npz": "A", "mdma-s55-11-03.npz": "B", "mdma-s55-11-04.npz": "A", "mdma-s56-11-00.npz": "A", "mdma-s56-11-01.npz": "A", "mdma-s56-11-02.npz": "C", "mdma-s56-11-03.npz": "D", "mdma-s56-11-04.npz": "D", "mdma-s57-11-00.npz": "C", "mdma-s57-11-01.npz": "B", "mdma-s57-11-02.npz": "C", "mdma-s57-11-03.npz": "D", "mdma-s57-11-04.npz": "C", "mdma-s58-11-00.npz": "D", "mdma-s58-11-01.npz": "C", "mdma-s58-11-02.npz": "A", "mdma-s58-11-03.npz": "C", "mdma-s58-11-04.npz": "A", "mdma-s59-11-00.npz": "D", "mdma-s59-11-01.npz": "C", "mdma-s59-11-02.npz": "B", "mdma-s59-11-03.npz": "C", "mdma-s59-11-04.npz": "B", "mdma-s60-11-01.npz": "B", "mdma-s60-11-02.npz": "A", "mdma-s60-11-03.npz": "C", "mdma-s60-11-04.npz": "A", "mdma-s61-11-00.npz": "B", "mdma-s61-11-01.npz": "D", "mdma-s61-11-02.npz": "C", "mdma-s61-11-03.npz": "C", "mdma-s61-11-04.npz": "D", "mdma-s62-11-00.npz": "A", "mdma-s62-11-01.npz": "D", "mdma-s62-11-02.npz": "D", "mdma-s62-11-03.npz": "A", "mdma-s62-11-04.npz": "B", "mdma-s63-11-00.npz": "C", "mdma-s63-11-01.npz": "C", "mdma-s63-11-02.npz": "A", "mdma-s63-11-03.npz": "C", "mdma-s63-11-04.npz": "C", "mdma-s64-11-00.npz": "A", "mdma-s64-11-01.npz": "A", "mdma-s64-11-02.npz": "A", "mdma-s64-11-03.npz": "C", "mdma-s64-11-04.npz": "A", "mdma-s65-11-00.npz": "C", "mdma-s65-11-01.npz": "A", "mdma-s65-11-02.npz": "B", "mdma-s65-11-03.npz": "B", "mdma-s65-11-04.npz": "A", "mdma-s66-11-00.npz": "B", "mdma-s66-11-01.npz": "A", "mdma-s66-11-02.npz": "D", "mdma-s66-11-03.npz": "A", "mdma-s66-11-04.npz": "B", "mdma-s67-11-00.npz": "A", "mdma-s67-11-01.npz": "C", "mdma-s67-11-02.npz": "A", "mdma-s67-11-03.npz": "D", "mdma-s67-11-04.npz": "D", "mdma-s68-11-00.npz": "D", "mdma-s68-11-01.npz": "A", "mdma-s68-11-02.npz": "A", "mdma-s68-11-03.npz": "A", "mdma-s68-11-04.npz": "A", "mdma-s69-11-00.npz": "A", "mdma-s69-11-02.npz": "A", "mdma-s69-11-03.npz": "D", "mdma-s69-11-04.npz": "C", "mdma-s70-11-01.npz": "A", "mdma-s70-11-02.npz": "B", "mdma-s70-11-03.npz": "D", "mdma-s71-11-00.npz": "C", "mdma-s71-11-01.npz": "D", "mdma-s71-11-02.npz": "C", "mdma-s71-11-03.npz": "D", "mdma-s71-11-04.npz": "B", "mdma-s72-11-00.npz": "D", "mdma-s72-11-01.npz": "D", "mdma-s72-11-02.npz": "C", "mdma-s72-11-03.npz": "D", "mdma-s72-11-04.npz": "B", "mdma-s73-11-00.npz": "B", "mdma-s73-11-01.npz": "A", "mdma-s73-11-02.npz": "B", "mdma-s73-11-03.npz": "A", "mdma-s73-11-04.npz": "A", "mdma-s74-11-00.npz": "A", "mdma-s74-11-01.npz": "B", "mdma-s74-11-02.npz": "A", "mdma-s74-11-03.npz": "C", "mdma-s74-11-04.npz": "A", "mdma-s75-11-00.npz": "B", "mdma-s75-11-01.npz": "B", "mdma-s75-11-02.npz": "D", "mdma-s75-11-03.npz": "B", "mdma-s75-11-04.npz": "B", "mdma-s76-11-00.npz": "B", "mdma-s76-11-01.npz": "B", "mdma-s76-11-02.npz": "C", "mdma-s76-11-03.npz": "D", "mdma-s76-11-04.npz": "A", "mdma-s77-11-00.npz": "C", "mdma-s77-11-01.npz": "A", "mdma-s77-11-02.npz": "A", "mdma-s77-11-03.npz": "D", "mdma-s77-11-04.npz": "B", "mdma-s78-11-00.npz": "A", "mdma-s78-11-01.npz": "C", "mdma-s78-11-02.npz": "B", "mdma-s78-11-03.npz": "B", "mdma-s78-11-04.npz": "A", "mdma-s79-11-00.npz": "A", "mdma-s79-11-02.npz": "A", "mdma-s79-11-03.npz": "D", "mdma-s79-11-04.npz": "B", "mdma-s80-11-01.npz": "B", "mdma-s80-11-02.npz": "B", "mdma-s80-11-03.npz": "A", "mdma-s80-11-04.npz": "A", "mdma-s81-11-00.npz": "D", "mdma-s81-11-01.npz": "D", "mdma-s81-11-02.npz": "D", "mdma-s81-11-03.npz": "A", "mdma-s81-11-04.npz": "A", "mdma-s82-11-00.npz": "B", "mdma-s82-11-01.npz": "C", "mdma-s82-11-02.npz": "C", "mdma-s82-11-03.npz": "D", "mdma-s83-11-00.npz": "B", "mdma-s83-11-01.npz": "B", "mdma-s83-11-02.npz": "C", "mdma-s83-11-03.npz": "B", "mdma-s83-11-04.npz": "A", "mdma-s84-11-00.npz": "B", "mdma-s84-11-01.npz": "D", "mdma-s84-11-02.npz": "B", "mdma-s84-11-03.npz": "C", "mdma-s84-11-04.npz": "B", "mdma-s85-11-00.npz": "D", "mdma-s85-11-01.npz": "D", "mdma-s85-11-02.npz": "B", "mdma-s85-11-03.npz": "C", "mdma-s85-11-04.npz": "A", "mdma-s86-11-00.npz": "D", "mdma-s86-11-01.npz": "A", "mdma-s86-11-02.npz": "B", "mdma-s86-11-03.npz": "A", "mdma-s86-11-04.npz": "C", "mdma-s87-11-00.npz": "C", "mdma-s87-11-01.npz": "B", "mdma-s87-11-02.npz": "A", "mdma-s87-11-03.npz": "D", "mdma-s87-11-04.npz": "B", "mdma-s88-11-00.npz": "B", "mdma-s88-11-01.npz": "B", "mdma-s88-11-02.npz": "C", "mdma-s88-11-03.npz": "A", "mdma-s88-11-04.npz": "C", "mdma-s89-11-00.npz": "B", "mdma-s89-11-01.npz": "C", "mdma-s89-11-02.npz": "A", "mdma-s89-11-03.npz": "A", "mdma-s89-11-04.npz": "D", "mdma-s90-11-01.npz": "B", "mdma-s90-11-02.npz": "B", "mdma-s90-11-03.npz": "D", "mdma-s90-11-04.npz": "B", "mdma-s91-11-00.npz": "C", "mdma-s91-11-01.npz": "D", "mdma-s91-11-02.npz": "D", "mdma-s91-11-03.npz": "C", "mdma-s91-11-04.npz": "D", "mdma-s92-11-00.npz": "C", "mdma-s92-11-01.npz": "A", "mdma-s92-11-02.npz": "A", "mdma-s92-11-03.npz": "B", "mdma-s92-11-04.npz": "B", "mdma-s93-11-00.npz": "A", "mdma-s93-11-01.npz": "B", "mdma-s93-11-02.npz": "D", "mdma-s93-11-03.npz": "B", "mdma-s93-11-04.npz": "D", "mdma-s94-11-00.npz": "B", "mdma-s94-11-01.npz": "A", "mdma-s94-11-02.npz": "D", "mdma-s94-11-04.npz": "A", "mdma-s95-11-00.npz": "A", "mdma-s95-11-01.npz": "D", "mdma-s95-11-02.npz": "B", "mdma-s95-11-03.npz": "A", "mdma-s95-11-04.npz": "D", "mdma-s96-11-00.npz": "D", "mdma-s96-11-01.npz": "D", "mdma-s96-11-02.npz": "B", "mdma-s96-11-03.npz": "A", "mdma-s96-11-04.npz": "C", "mdma-s97-11-00.npz": "D", "mdma-s97-11-01.npz": "C", "mdma-s97-11-02.npz": "B", "mdma-s97-11-03.npz": "C", "mdma-s97-11-04.npz": "B", "mdma-s98-11-00.npz": "A", "mdma-s98-11-01.npz": "D", "mdma-s98-11-02.npz": "B", "mdma-s98-11-03.npz": "D", "mdma-s98-11-04.npz": "B", "mdma-s99-11-00.npz": "B", "mdma-s99-11-01.npz": "C", "mdma-s99-11-02.npz": "D", "mdma-s99-11-03.npz": "C", "mdma-s99-11-04.npz": "D"}