{
    "mdmu-101-15-00.npz": "A",
    "mdmu-108-15-01.npz": "B",
    "mdmu-111-15-01.npz": "B",
    "mdmu-118-15-00.npz": "C",
    "mdmu-117-15-00.npz": "C",
    "mdmu-107-15-01.npz": "B",
    "mdmu-100-15-01.npz": "C",
    "mdmu-109-15-00.npz": "A",
    "mdmu-110-15-00.npz": "B",
    "mdmu-119-15-01.npz": "D",
    "mdmu-116-15-01.npz": "C",
    "mdmu-106-15-00.npz": "C",
    "mdmu-108-15-00.npz": "D",
    "mdmu-101-15-01.npz": "A",
    "mdmu-118-15-01.npz": "B",
    "mdmu-111-15-00.npz": "A",
    "mdmu-117-15-01.npz": "B",
    "mdmu-107-15-00.npz": "B",
    "mdmu-109-15-01.npz": "D",
    "mdmu-100-15-00.npz": "C",
    "mdmu-119-15-00.npz": "A",
    "mdmu-110-15-01.npz": "D",
    "mdmu-116-15-00.npz": "D",
    "mdmu-106-15-01.npz": "C",
    "mdmu-113-15-00.npz": "B",
    "mdmu-103-15-01.npz": "B",
    "mdmu-105-15-00.npz": "B",
    "mdmu-115-15-01.npz": "A",
    "mdmu-112-15-01.npz": "D",
    "mdmu-102-15-00.npz": "A",
    "mdmu-104-15-01.npz": "D",
    "mdmu-114-15-00.npz": "A",
    "mdmu-120-15-01.npz": "D",
    "mdmu-113-15-01.npz": "D",
    "mdmu-103-15-00.npz": "A",
    "mdmu-105-15-01.npz": "C",
    "mdmu-115-15-00.npz": "B",
    "mdmu-112-15-00.npz": "D",
    "mdmu-102-15-01.npz": "B",
    "mdmu-104-15-00.npz": "A",
    "mdmu-120-15-00.npz": "C",
    "mdmu-114-15-01.npz": "C"
}