{
    "mdma-s10-09-00.npz": "B",
    "mdma-s10-09-01.npz": "B",
    "mdma-s10-09-02.npz": "A",
    "mdma-s10-09-03.npz": "B",
    "mdma-s10-09-04.npz": "B",
    "mdma-s11-09-00.npz": "D",
    "mdma-s11-09-01.npz": "B",
    "mdma-s11-09-02.npz": "B",
    "mdma-s11-09-03.npz": "B",
    "mdma-s11-09-04.npz": "C",
    "mdma-s12-09-00.npz": "allbad",
    "mdma-s12-09-01.npz": "B",
    "mdma-s12-09-02.npz": "D",
    "mdma-s12-09-03.npz": "C",
    "mdma-s12-09-04.npz": "B",
    "mdma-s13-09-00.npz": "D",
    "mdma-s13-09-01.npz": "A",
    "mdma-s13-09-02.npz": "B",
    "mdma-s13-09-03.npz": "A",
    "mdma-s13-09-04.npz": "B",
    "mdma-s14-09-00.npz": "C",
    "mdma-s14-09-01.npz": "B",
    "mdma-s14-09-02.npz": "D",
    "mdma-s14-09-03.npz": "C",
    "mdma-s14-09-04.npz": "C",
    "mdma-s15-09-00.npz": "A",
    "mdma-s15-09-01.npz": "C",
    "mdma-s15-09-02.npz": "B",
    "mdma-s15-09-03.npz": "A",
    "mdma-s15-09-04.npz": "B",
    "mdma-s16-09-00.npz": "allbad",
    "mdma-s16-09-01.npz": "D",
    "mdma-s16-09-02.npz": "A",
    "mdma-s16-09-03.npz": "A",
    "mdma-s16-09-04.npz": "B",
    "mdma-s17-09-00.npz": "B",
    "mdma-s17-09-01.npz": "B",
    "mdma-s17-09-02.npz": "B",
    "mdma-s17-09-03.npz": "B",
    "mdma-s17-09-04.npz": "D",
    "mdma-s18-09-00.npz": "B",
    "mdma-s18-09-01.npz": "D",
    "mdma-s18-09-02.npz": "D",
    "mdma-s18-09-03.npz": "D",
    "mdma-s18-09-04.npz": "B",
    "mdma-s19-09-00.npz": "A",
    "mdma-s19-09-01.npz": "C",
    "mdma-s19-09-02.npz": "B",
    "mdma-s19-09-03.npz": "B",
    "mdma-s19-09-04.npz": "A",
    "mdma-s40-09-01.npz": "C",
    "mdma-s40-09-02.npz": "A",
    "mdma-s40-09-03.npz": "D",
    "mdma-s40-09-04.npz": "D",
    "mdma-s41-09-00.npz": "B",
    "mdma-s41-09-01.npz": "C",
    "mdma-s41-09-02.npz": "A",
    "mdma-s41-09-03.npz": "B",
    "mdma-s41-09-04.npz": "C",
    "mdma-s42-09-00.npz": "A",
    "mdma-s42-09-01.npz": "C",
    "mdma-s42-09-02.npz": "D",
    "mdma-s42-09-03.npz": "B",
    "mdma-s42-09-04.npz": "B",
    "mdma-s43-09-00.npz": "B",
    "mdma-s43-09-01.npz": "D",
    "mdma-s43-09-02.npz": "D",
    "mdma-s43-09-03.npz": "B",
    "mdma-s43-09-04.npz": "C",
    "mdma-s44-09-00.npz": "C",
    "mdma-s44-09-01.npz": "A",
    "mdma-s44-09-02.npz": "B",
    "mdma-s44-09-03.npz": "C",
    "mdma-s44-09-04.npz": "D",
    "mdma-s45-09-00.npz": "A",
    "mdma-s45-09-01.npz": "B",
    "mdma-s45-09-02.npz": "B",
    "mdma-s45-09-03.npz": "B",
    "mdma-s45-09-04.npz": "C",
    "mdma-s46-09-00.npz": "B",
    "mdma-s46-09-01.npz": "B",
    "mdma-s46-09-02.npz": "B",
    "mdma-s46-09-03.npz": "C",
    "mdma-s46-09-04.npz": "A",
    "mdma-s47-09-00.npz": "B",
    "mdma-s47-09-01.npz": "A",
    "mdma-s47-09-02.npz": "D",
    "mdma-s47-09-03.npz": "A",
    "mdma-s47-09-04.npz": "D",
    "mdma-s48-09-00.npz": "D",
    "mdma-s48-09-01.npz": "A",
    "mdma-s48-09-02.npz": "D",
    "mdma-s48-09-03.npz": "C",
    "mdma-s48-09-04.npz": "A",
    "mdma-s49-09-00.npz": "B",
    "mdma-s49-09-01.npz": "D",
    "mdma-s49-09-02.npz": "B",
    "mdma-s49-09-03.npz": "C",
    "mdma-s49-09-04.npz": "C",
    "mdma-s50-09-01.npz": "C",
    "mdma-s50-09-02.npz": "B",
    "mdma-s50-09-03.npz": "A",
    "mdma-s50-09-04.npz": "B",
    "mdma-s51-09-00.npz": "A",
    "mdma-s51-09-01.npz": "C",
    "mdma-s51-09-02.npz": "D",
    "mdma-s51-09-03.npz": "B",
    "mdma-s51-09-04.npz": "D",
    "mdma-s52-09-00.npz": "A",
    "mdma-s52-09-01.npz": "D",
    "mdma-s52-09-02.npz": "C",
    "mdma-s52-09-03.npz": "C",
    "mdma-s52-09-04.npz": "A",
    "mdma-s53-09-00.npz": "B",
    "mdma-s53-09-01.npz": "A",
    "mdma-s53-09-02.npz": "A",
    "mdma-s53-09-03.npz": "D",
    "mdma-s53-09-04.npz": "D",
    "mdma-s54-09-00.npz": "B",
    "mdma-s54-09-01.npz": "C",
    "mdma-s54-09-02.npz": "B",
    "mdma-s54-09-03.npz": "A",
    "mdma-s54-09-04.npz": "A",
    "mdma-s55-09-00.npz": "A",
    "mdma-s55-09-01.npz": "B",
    "mdma-s55-09-02.npz": "D",
    "mdma-s55-09-03.npz": "C",
    "mdma-s55-09-04.npz": "C",
    "mdma-s56-09-00.npz": "C",
    "mdma-s56-09-01.npz": "D",
    "mdma-s56-09-02.npz": "B",
    "mdma-s56-09-03.npz": "A",
    "mdma-s56-09-04.npz": "A",
    "mdma-s57-09-00.npz": "C",
    "mdma-s57-09-01.npz": "B",
    "mdma-s57-09-02.npz": "C",
    "mdma-s57-09-03.npz": "B",
    "mdma-s57-09-04.npz": "A",
    "mdma-s58-09-00.npz": "C",
    "mdma-s58-09-01.npz": "B",
    "mdma-s58-09-02.npz": "C",
    "mdma-s58-09-03.npz": "C",
    "mdma-s58-09-04.npz": "A",
    "mdma-s59-09-00.npz": "C",
    "mdma-s59-09-01.npz": "B",
    "mdma-s59-09-02.npz": "A",
    "mdma-s59-09-03.npz": "A",
    "mdma-s59-09-04.npz": "A",
    "mdma-s60-09-01.npz": "C",
    "mdma-s60-09-02.npz": "C",
    "mdma-s60-09-03.npz": "B",
    "mdma-s60-09-04.npz": "D",
    "mdma-s61-09-00.npz": "C",
    "mdma-s61-09-01.npz": "B",
    "mdma-s61-09-02.npz": "A",
    "mdma-s61-09-03.npz": "B",
    "mdma-s61-09-04.npz": "C",
    "mdma-s62-09-00.npz": "C",
    "mdma-s62-09-01.npz": "D",
    "mdma-s62-09-02.npz": "D",
    "mdma-s62-09-03.npz": "A",
    "mdma-s62-09-04.npz": "allbad",
    "mdma-s63-09-00.npz": "A",
    "mdma-s63-09-01.npz": "C",
    "mdma-s63-09-02.npz": "B",
    "mdma-s63-09-03.npz": "A",
    "mdma-s63-09-04.npz": "A",
    "mdma-s64-09-00.npz": "B",
    "mdma-s64-09-01.npz": "A",
    "mdma-s64-09-02.npz": "D",
    "mdma-s64-09-03.npz": "D",
    "mdma-s64-09-04.npz": "C",
    "mdma-s65-09-00.npz": "A",
    "mdma-s65-09-01.npz": "D",
    "mdma-s65-09-02.npz": "D",
    "mdma-s65-09-03.npz": "C",
    "mdma-s65-09-04.npz": "D",
    "mdma-s66-09-00.npz": "B",
    "mdma-s66-09-01.npz": "A",
    "mdma-s66-09-02.npz": "A",
    "mdma-s66-09-03.npz": "B",
    "mdma-s66-09-04.npz": "C",
    "mdma-s67-09-00.npz": "A",
    "mdma-s67-09-02.npz": "D",
    "mdma-s67-09-03.npz": "C",
    "mdma-s67-09-04.npz": "C",
    "mdma-s68-09-00.npz": "D",
    "mdma-s68-09-01.npz": "B",
    "mdma-s68-09-02.npz": "B",
    "mdma-s68-09-03.npz": "D",
    "mdma-s68-09-04.npz": "B",
    "mdma-s69-09-00.npz": "A",
    "mdma-s69-09-01.npz": "B",
    "mdma-s69-09-02.npz": "A",
    "mdma-s69-09-03.npz": "A",
    "mdma-s69-09-04.npz": "C",
    "mdma-s70-09-02.npz": "C",
    "mdma-s70-09-03.npz": "D",
    "mdma-s70-09-04.npz": "B",
    "mdma-s71-09-00.npz": "C",
    "mdma-s71-09-01.npz": "C",
    "mdma-s71-09-02.npz": "A",
    "mdma-s71-09-03.npz": "B",
    "mdma-s71-09-04.npz": "B",
    "mdma-s72-09-00.npz": "B",
    "mdma-s72-09-01.npz": "C",
    "mdma-s72-09-02.npz": "A",
    "mdma-s72-09-03.npz": "D",
    "mdma-s72-09-04.npz": "C",
    "mdma-s73-09-00.npz": "C",
    "mdma-s73-09-01.npz": "B",
    "mdma-s73-09-02.npz": "B",
    "mdma-s73-09-04.npz": "A",
    "mdma-s74-09-00.npz": "D",
    "mdma-s74-09-01.npz": "D",
    "mdma-s74-09-02.npz": "B",
    "mdma-s74-09-03.npz": "A",
    "mdma-s74-09-04.npz": "C",
    "mdma-s75-09-00.npz": "D",
    "mdma-s75-09-01.npz": "A",
    "mdma-s75-09-02.npz": "D",
    "mdma-s75-09-03.npz": "A",
    "mdma-s75-09-04.npz": "A",
    "mdma-s76-09-00.npz": "B",
    "mdma-s76-09-01.npz": "C",
    "mdma-s76-09-02.npz": "B",
    "mdma-s76-09-03.npz": "A",
    "mdma-s76-09-04.npz": "B",
    "mdma-s77-09-01.npz": "A",
    "mdma-s77-09-02.npz": "A",
    "mdma-s77-09-03.npz": "A",
    "mdma-s77-09-04.npz": "B",
    "mdma-s78-09-00.npz": "B",
    "mdma-s78-09-01.npz": "D",
    "mdma-s78-09-02.npz": "D",
    "mdma-s78-09-03.npz": "B",
    "mdma-s78-09-04.npz": "B",
    "mdma-s79-09-01.npz": "A",
    "mdma-s79-09-03.npz": "A",
    "mdma-s80-09-01.npz": "C",
    "mdma-s80-09-02.npz": "A",
    "mdma-s80-09-03.npz": "C",
    "mdma-s80-09-04.npz": "D",
    "mdma-s81-09-00.npz": "B",
    "mdma-s81-09-01.npz": "C",
    "mdma-s81-09-02.npz": "D",
    "mdma-s81-09-03.npz": "B",
    "mdma-s81-09-04.npz": "C",
    "mdma-s82-09-00.npz": "A",
    "mdma-s82-09-01.npz": "C",
    "mdma-s82-09-02.npz": "D",
    "mdma-s82-09-03.npz": "C",
    "mdma-s82-09-04.npz": "A",
    "mdma-s83-09-00.npz": "B",
    "mdma-s83-09-01.npz": "B",
    "mdma-s83-09-02.npz": "C",
    "mdma-s83-09-03.npz": "D",
    "mdma-s83-09-04.npz": "A",
    "mdma-s84-09-00.npz": "C",
    "mdma-s84-09-01.npz": "C",
    "mdma-s84-09-02.npz": "C",
    "mdma-s84-09-03.npz": "A",
    "mdma-s84-09-04.npz": "B",
    "mdma-s85-09-00.npz": "D",
    "mdma-s85-09-01.npz": "B",
    "mdma-s85-09-03.npz": "A",
    "mdma-s85-09-04.npz": "C",
    "mdma-s86-09-00.npz": "D",
    "mdma-s86-09-03.npz": "D",
    "mdma-s86-09-04.npz": "D",
    "mdma-s87-09-00.npz": "B",
    "mdma-s87-09-01.npz": "B",
    "mdma-s87-09-03.npz": "C",
    "mdma-s88-09-00.npz": "C",
    "mdma-s88-09-01.npz": "B",
    "mdma-s88-09-03.npz": "B",
    "mdma-s89-09-00.npz": "C",
    "mdma-s89-09-01.npz": "D",
    "mdma-s89-09-02.npz": "D",
    "mdma-s89-09-03.npz": "B",
    "mdma-s89-09-04.npz": "D",
    "mdma-s90-09-01.npz": "A",
    "mdma-s90-09-03.npz": "D",
    "mdma-s90-09-04.npz": "B",
    "mdma-s91-09-01.npz": "C",
    "mdma-s91-09-02.npz": "A",
    "mdma-s91-09-03.npz": "A",
    "mdma-s91-09-04.npz": "A",
    "mdma-s92-09-00.npz": "A",
    "mdma-s92-09-01.npz": "B",
    "mdma-s92-09-02.npz": "A",
    "mdma-s92-09-03.npz": "B",
    "mdma-s93-09-01.npz": "D",
    "mdma-s93-09-03.npz": "D",
    "mdma-s93-09-04.npz": "A",
    "mdma-s94-09-01.npz": "B",
    "mdma-s94-09-02.npz": "C",
    "mdma-s94-09-03.npz": "A",
    "mdma-s94-09-04.npz": "D",
    "mdma-s95-09-00.npz": "A",
    "mdma-s95-09-01.npz": "A",
    "mdma-s95-09-02.npz": "D",
    "mdma-s95-09-03.npz": "C",
    "mdma-s95-09-04.npz": "D",
    "mdma-s96-09-00.npz": "B",
    "mdma-s96-09-01.npz": "A",
    "mdma-s96-09-02.npz": "D",
    "mdma-s96-09-03.npz": "A",
    "mdma-s96-09-04.npz": "D",
    "mdma-s97-09-00.npz": "A",
    "mdma-s97-09-01.npz": "D",
    "mdma-s97-09-03.npz": "C",
    "mdma-s97-09-04.npz": "B",
    "mdma-s98-09-00.npz": "D",
    "mdma-s98-09-01.npz": "B",
    "mdma-s98-09-02.npz": "C",
    "mdma-s98-09-03.npz": "C",
    "mdma-s99-09-00.npz": "C",
    "mdma-s99-09-01.npz": "C",
    "mdma-s99-09-02.npz": "B",
    "mdma-s99-09-03.npz": "B",
    "mdma-s99-09-04.npz": "D"
}