{"mdmu-s00-13-01.npz": "A", "mdmu-s01-13-00.npz": "C", "mdmu-s02-13-01.npz": "C", "mdmu-s03-13-01.npz": "A", "mdmu-s04-13-00.npz": "D", "mdmu-s05-13-00.npz": "C", "mdmu-s06-13-01.npz": "C", "mdmu-s07-13-01.npz": "D", "mdmu-s08-13-00.npz": "A", "mdmu-s08-13-01.npz": "B", "mdmu-s09-13-00.npz": "C", "mdmu-s09-13-01.npz": "D", "mdmu-s10-13-00.npz": "B", "mdmu-s10-13-01.npz": "D", "mdmu-s11-13-00.npz": "B", "mdmu-s11-13-01.npz": "D", "mdmu-s12-13-00.npz": "A", "mdmu-s12-13-01.npz": "B", "mdmu-s13-13-00.npz": "D", "mdmu-s13-13-01.npz": "A", "mdmu-s14-13-00.npz": "B", "mdmu-s14-13-01.npz": "D", "mdmu-s15-13-00.npz": "B", "mdmu-s15-13-01.npz": "C", "mdmu-s16-13-00.npz": "D", "mdmu-s16-13-01.npz": "C", "mdmu-s17-13-00.npz": "D", "mdmu-s17-13-01.npz": "C", "mdmu-s18-13-00.npz": "C", "mdmu-s18-13-01.npz": "A", "mdmu-s19-13-00.npz": "D", "mdmu-s19-13-01.npz": "B", "mdmu-s20-13-00.npz": "A", "mdmu-s20-13-01.npz": "C", "mdmu-s21-13-00.npz": "A", "mdmu-s21-13-01.npz": "A", "mdmu-s22-13-00.npz": "D", "mdmu-s22-13-01.npz": "A", "mdmu-s23-13-00.npz": "B", "mdmu-s24-13-00.npz": "B", "mdmu-s24-13-01.npz": "C", "mdmu-s26-13-00.npz": "D", "mdmu-s26-13-01.npz": "D", "mdmu-s27-13-00.npz": "D", "mdmu-s27-13-01.npz": "B", "mdmu-s28-13-00.npz": "A", "mdmu-s28-13-01.npz": "A", "mdmu-s29-13-00.npz": "C", "mdmu-s29-13-01.npz": "B", "mdmu-s30-13-00.npz": "B", "mdmu-s30-13-01.npz": "C", "mdmu-s31-13-00.npz": "C", "mdmu-s31-13-01.npz": "C", "mdmu-s32-13-00.npz": "C", "mdmu-s32-13-01.npz": "C", "mdmu-s33-13-00.npz": "A", "mdmu-s33-13-01.npz": "B", "mdmu-s34-13-00.npz": "A", "mdmu-s35-13-00.npz": "A", "mdmu-s35-13-01.npz": "A", "mdmu-s36-13-00.npz": "C", "mdmu-s36-13-01.npz": "B", "mdmu-s37-13-00.npz": "D", "mdmu-s37-13-01.npz": "D", "mdmu-s38-13-00.npz": "D", "mdmu-s38-13-01.npz": "C", "mdmu-s39-13-00.npz": "B", "mdmu-s39-13-01.npz": "D", "mdmu-s40-13-01.npz": "C", "mdmu-s41-13-00.npz": "A", "mdmu-s41-13-01.npz": "A", "mdmu-s42-13-00.npz": "A", "mdmu-s42-13-01.npz": "D", "mdmu-s43-13-00.npz": "C", "mdmu-s43-13-01.npz": "D", "mdmu-s44-13-00.npz": "C", "mdmu-s44-13-01.npz": "C", "mdmu-s45-13-00.npz": "B", "mdmu-s45-13-01.npz": "C", "mdmu-s46-13-00.npz": "D", "mdmu-s46-13-01.npz": "A", "mdmu-s47-13-00.npz": "C", "mdmu-s47-13-01.npz": "C", "mdmu-s48-13-00.npz": "B", "mdmu-s48-13-01.npz": "B", "mdmu-s49-13-00.npz": "B", "mdmu-s49-13-01.npz": "C", "mdmu-s50-13-01.npz": "A", "mdmu-s51-13-00.npz": "C", "mdmu-s51-13-01.npz": "C", "mdmu-s52-13-00.npz": "B", "mdmu-s52-13-01.npz": "B", "mdmu-s53-13-00.npz": "C", "mdmu-s53-13-01.npz": "D", "mdmu-s54-13-00.npz": "D", "mdmu-s54-13-01.npz": "D", "mdmu-s55-13-00.npz": "B", "mdmu-s55-13-01.npz": "B", "mdmu-s56-13-00.npz": "A", "mdmu-s56-13-01.npz": "C", "mdmu-s57-13-00.npz": "D", "mdmu-s57-13-01.npz": "D", "mdmu-s58-13-00.npz": "A", "mdmu-s58-13-01.npz": "A", "mdmu-s59-13-00.npz": "B", "mdmu-s59-13-01.npz": "A", "mdmu-s60-13-01.npz": "D", "mdmu-s61-13-00.npz": "D", "mdmu-s61-13-01.npz": "C", "mdmu-s62-13-00.npz": "D", "mdmu-s62-13-01.npz": "C", "mdmu-s63-13-00.npz": "C", "mdmu-s63-13-01.npz": "D", "mdmu-s64-13-00.npz": "A", "mdmu-s64-13-01.npz": "D", "mdmu-s65-13-00.npz": "C", "mdmu-s65-13-01.npz": "D", "mdmu-s66-13-00.npz": "C", "mdmu-s66-13-01.npz": "B", "mdmu-s67-13-00.npz": "D", "mdmu-s67-13-01.npz": "D", "mdmu-s68-13-00.npz": "C", "mdmu-s68-13-01.npz": "A", "mdmu-s69-13-00.npz": "C", "mdmu-s69-13-01.npz": "D", "mdmu-s70-13-01.npz": "D", "mdmu-s71-13-00.npz": "C", "mdmu-s71-13-01.npz": "A", "mdmu-s72-13-00.npz": "B", "mdmu-s72-13-01.npz": "A", "mdmu-s73-13-00.npz": "B", "mdmu-s73-13-01.npz": "B", "mdmu-s74-13-00.npz": "D", "mdmu-s74-13-01.npz": "D", "mdmu-s75-13-00.npz": "C", "mdmu-s75-13-01.npz": "A", "mdmu-s76-13-00.npz": "B", "mdmu-s76-13-01.npz": "D", "mdmu-s77-13-00.npz": "A", "mdmu-s77-13-01.npz": "D", "mdmu-s78-13-00.npz": "D", "mdmu-s78-13-01.npz": "C", "mdmu-s79-13-00.npz": "C", "mdmu-s79-13-01.npz": "C", "mdmu-s80-13-01.npz": "B", "mdmu-s81-13-00.npz": "D", "mdmu-s81-13-01.npz": "C", "mdmu-s82-13-00.npz": "A", "mdmu-s82-13-01.npz": "C", "mdmu-s83-13-00.npz": "A", "mdmu-s83-13-01.npz": "B", "mdmu-s84-13-00.npz": "B", "mdmu-s84-13-01.npz": "B", "mdmu-s85-13-00.npz": "B", "mdmu-s85-13-01.npz": "C", "mdmu-s86-13-00.npz": "A", "mdmu-s86-13-01.npz": "C", "mdmu-s87-13-00.npz": "A", "mdmu-s87-13-01.npz": "B", "mdmu-s88-13-00.npz": "D", "mdmu-s88-13-01.npz": "A", "mdmu-s89-13-00.npz": "B", "mdmu-s89-13-01.npz": "B", "mdmu-s90-13-01.npz": "D", "mdmu-s91-13-00.npz": "D", "mdmu-s91-13-01.npz": "B", "mdmu-s92-13-00.npz": "A", "mdmu-s92-13-01.npz": "D", "mdmu-s93-13-00.npz": "A", "mdmu-s93-13-01.npz": "A", "mdmu-s94-13-00.npz": "A", "mdmu-s94-13-01.npz": "D", "mdmu-s95-13-00.npz": "A", "mdmu-s95-13-01.npz": "A", "mdmu-s96-13-00.npz": "C", "mdmu-s96-13-01.npz": "B", "mdmu-s97-13-00.npz": "B", "mdmu-s97-13-01.npz": "D", "mdmu-s98-13-00.npz": "B", "mdmu-s98-13-01.npz": "B", "mdmu-s99-13-00.npz": "D", "mdmu-s99-13-01.npz": "B"}