{
    "mdma-158-09-04.npz": "B",
    "mdma-197-09-01.npz": "C",
    "mdma-142-09-00.npz": "D",
    "mdma-149-09-02.npz": "C",
    "mdma-107-09-03.npz": "B",
    "mdma-131-09-01.npz": "B",
    "mdma-195-09-02.npz": "C",
    "mdma-140-09-03.npz": "A",
    "mdma-105-09-00.npz": "C",
    "mdma-184-09-04.npz": "B",
    "mdma-133-09-02.npz": "B",
    "mdma-138-09-00.npz": "C",
    "mdma-122-09-04.npz": "B",
    "mdma-106-09-04.npz": "A",
    "mdma-117-09-02.npz": "D",
    "mdma-187-09-00.npz": "D",
    "mdma-159-09-03.npz": "C",
    "mdma-152-09-01.npz": "B",
    "mdma-121-09-00.npz": "B",
    "mdma-115-09-01.npz": "B",
    "mdma-185-09-03.npz": "D",
    "mdma-150-09-02.npz": "A",
    "mdma-141-09-04.npz": "A",
    "mdma-128-09-01.npz": "B",
    "mdma-123-09-03.npz": "D",
    "mdma-134-09-04.npz": "C",
    "mdma-125-09-02.npz": "A",
    "mdma-109-09-04.npz": "B",
    "mdma-192-09-04.npz": "A",
    "mdma-156-09-03.npz": "A",
    "mdma-188-09-00.npz": "D",
    "mdma-183-09-02.npz": "A",
    "mdma-118-09-02.npz": "D",
    "mdma-113-09-00.npz": "A",
    "mdma-127-09-01.npz": "B",
    "mdma-154-09-00.npz": "A",
    "mdma-181-09-01.npz": "B",
    "mdma-111-09-03.npz": "D",
    "mdma-135-09-03.npz": "B",
    "mdma-157-09-04.npz": "C",
    "mdma-103-09-01.npz": "C",
    "mdma-108-09-03.npz": "A",
    "mdma-146-09-02.npz": "C",
    "mdma-193-09-03.npz": "D",
    "mdma-198-09-01.npz": "B",
    "mdma-137-09-00.npz": "B",
    "mdma-101-09-02.npz": "D",
    "mdma-144-09-01.npz": "B",
    "mdma-191-09-00.npz": "B",
    "mdma-110-09-04.npz": "D",
    "mdma-117-09-04.npz": "C",
    "mdma-196-09-00.npz": "A",
    "mdma-143-09-01.npz": "D",
    "mdma-148-09-03.npz": "B",
    "mdma-106-09-02.npz": "C",
    "mdma-130-09-00.npz": "A",
    "mdma-194-09-03.npz": "C",
    "mdma-141-09-02.npz": "A",
    "mdma-104-09-01.npz": "A",
    "mdma-150-09-04.npz": "D",
    "mdma-132-09-03.npz": "D",
    "mdma-139-09-01.npz": "A",
    "mdma-149-09-04.npz": "B",
    "mdma-116-09-03.npz": "A",
    "mdma-186-09-01.npz": "A",
    "mdma-158-09-02.npz": "D",
    "mdma-153-09-00.npz": "C",
    "mdma-120-09-01.npz": "D",
    "mdma-114-09-00.npz": "C",
    "mdma-184-09-02.npz": "D",
    "mdma-151-09-03.npz": "A",
    "mdma-195-09-04.npz": "A",
    "mdma-129-09-00.npz": "C",
    "mdma-122-09-02.npz": "D",
    "mdma-133-09-04.npz": "C",
    "mdma-124-09-03.npz": "A",
    "mdma-146-09-04.npz": "A",
    "mdma-157-09-02.npz": "C",
    "mdma-189-09-01.npz": "B",
    "mdma-182-09-03.npz": "D",
    "mdma-119-09-03.npz": "B",
    "mdma-112-09-01.npz": "B",
    "mdma-126-09-00.npz": "A",
    "mdma-155-09-01.npz": "B",
    "mdma-180-09-00.npz": "A",
    "mdma-110-09-02.npz": "B",
    "mdma-101-09-04.npz": "C",
    "mdma-125-09-04.npz": "C",
    "mdma-134-09-02.npz": "A",
    "mdma-183-09-04.npz": "B",
    "mdma-118-09-04.npz": "B",
    "mdma-102-09-00.npz": "A",
    "mdma-109-09-02.npz": "D",
    "mdma-147-09-03.npz": "B",
    "mdma-192-09-02.npz": "B",
    "mdma-199-09-00.npz": "B",
    "mdma-136-09-01.npz": "A",
    "mdma-100-09-03.npz": "D",
    "mdma-145-09-00.npz": "C",
    "mdma-190-09-01.npz": "C",
    "mdma-151-09-04.npz": "C",
    "mdma-195-09-03.npz": "C",
    "mdma-140-09-02.npz": "C",
    "mdma-105-09-01.npz": "A",
    "mdma-138-09-01.npz": "B",
    "mdma-133-09-03.npz": "B",
    "mdma-197-09-00.npz": "C",
    "mdma-149-09-03.npz": "D",
    "mdma-142-09-01.npz": "A",
    "mdma-107-09-02.npz": "C",
    "mdma-116-09-04.npz": "C",
    "mdma-131-09-00.npz": "B",
    "mdma-194-09-04.npz": "B",
    "mdma-115-09-00.npz": "D",
    "mdma-185-09-02.npz": "D",
    "mdma-150-09-03.npz": "A",
    "mdma-132-09-04.npz": "A",
    "mdma-123-09-02.npz": "D",
    "mdma-128-09-00.npz": "B",
    "mdma-117-09-03.npz": "B",
    "mdma-187-09-01.npz": "B",
    "mdma-152-09-00.npz": "D",
    "mdma-159-09-02.npz": "D",
    "mdma-148-09-04.npz": "B",
    "mdma-121-09-01.npz": "A",
    "mdma-127-09-00.npz": "A",
    "mdma-100-09-04.npz": "D",
    "mdma-154-09-01.npz": "A",
    "mdma-181-09-00.npz": "C",
    "mdma-111-09-02.npz": "B",
    "mdma-125-09-03.npz": "D",
    "mdma-156-09-02.npz": "B",
    "mdma-183-09-03.npz": "C",
    "mdma-188-09-01.npz": "B",
    "mdma-113-09-01.npz": "A",
    "mdma-118-09-03.npz": "D",
    "mdma-147-09-04.npz": "A",
    "mdma-137-09-01.npz": "C",
    "mdma-101-09-03.npz": "C",
    "mdma-144-09-00.npz": "allbad",
    "mdma-191-09-01.npz": "B",
    "mdma-135-09-02.npz": "A",
    "mdma-124-09-04.npz": "A",
    "mdma-108-09-02.npz": "C",
    "mdma-103-09-00.npz": "D",
    "mdma-146-09-03.npz": "D",
    "mdma-198-09-00.npz": "D",
    "mdma-193-09-02.npz": "D",
    "mdma-182-09-04.npz": "A",
    "mdma-119-09-04.npz": "C",
    "mdma-185-09-04.npz": "D",
    "mdma-194-09-02.npz": "B",
    "mdma-141-09-03.npz": "A",
    "mdma-104-09-00.npz": "C",
    "mdma-123-09-04.npz": "D",
    "mdma-139-09-00.npz": "A",
    "mdma-132-09-02.npz": "D",
    "mdma-196-09-01.npz": "A",
    "mdma-148-09-02.npz": "D",
    "mdma-143-09-00.npz": "A",
    "mdma-106-09-03.npz": "A",
    "mdma-159-09-04.npz": "D",
    "mdma-130-09-01.npz": "C",
    "mdma-140-09-04.npz": "D",
    "mdma-114-09-01.npz": "A",
    "mdma-184-09-03.npz": "C",
    "mdma-151-09-02.npz": "C",
    "mdma-122-09-03.npz": "C",
    "mdma-129-09-01.npz": "D",
    "mdma-116-09-02.npz": "D",
    "mdma-186-09-00.npz": "B",
    "mdma-153-09-01.npz": "A",
    "mdma-158-09-03.npz": "D",
    "mdma-107-09-04.npz": "C",
    "mdma-120-09-00.npz": "B",
    "mdma-126-09-01.npz": "C",
    "mdma-155-09-00.npz": "A",
    "mdma-180-09-01.npz": "A",
    "mdma-110-09-03.npz": "A",
    "mdma-124-09-02.npz": "C",
    "mdma-135-09-04.npz": "C",
    "mdma-157-09-03.npz": "A",
    "mdma-182-09-02.npz": "D",
    "mdma-189-09-00.npz": "D",
    "mdma-112-09-00.npz": "B",
    "mdma-119-09-02.npz": "B",
    "mdma-108-09-04.npz": "B",
    "mdma-193-09-04.npz": "B",
    "mdma-136-09-00.npz": "A",
    "mdma-111-09-04.npz": "D",
    "mdma-100-09-02.npz": "B",
    "mdma-145-09-01.npz": "A",
    "mdma-190-09-00.npz": "C",
    "mdma-134-09-03.npz": "C",
    "mdma-109-09-03.npz": "A",
    "mdma-102-09-01.npz": "D",
    "mdma-147-09-02.npz": "B",
    "mdma-199-09-01.npz": "D",
    "mdma-192-09-03.npz": "D",
    "mdma-156-09-04.npz": "D",
    "mdma-130-09-04.npz": "D",
    "mdma-121-09-02.npz": "B",
    "mdma-196-09-04.npz": "A",
    "mdma-117-09-00.npz": "B",
    "mdma-159-09-01.npz": "A",
    "mdma-152-09-03.npz": "C",
    "mdma-187-09-02.npz": "D",
    "mdma-128-09-03.npz": "D",
    "mdma-123-09-01.npz": "B",
    "mdma-115-09-03.npz": "B",
    "mdma-150-09-00.npz": "C",
    "mdma-185-09-01.npz": "C",
    "mdma-131-09-03.npz": "D",
    "mdma-153-09-04.npz": "B",
    "mdma-142-09-02.npz": "A",
    "mdma-149-09-00.npz": "D",
    "mdma-197-09-03.npz": "B",
    "mdma-107-09-01.npz": "B",
    "mdma-133-09-00.npz": "A",
    "mdma-138-09-02.npz": "A",
    "mdma-129-09-04.npz": "D",
    "mdma-140-09-01.npz": "C",
    "mdma-195-09-00.npz": "C",
    "mdma-105-09-02.npz": "A",
    "mdma-114-09-04.npz": "C",
    "mdma-103-09-03.npz": "A",
    "mdma-108-09-01.npz": "D",
    "mdma-193-09-01.npz": "C",
    "mdma-198-09-03.npz": "A",
    "mdma-146-09-00.npz": "D",
    "mdma-135-09-01.npz": "C",
    "mdma-101-09-00.npz": "D",
    "mdma-191-09-02.npz": "D",
    "mdma-144-09-03.npz": "B",
    "mdma-180-09-04.npz": "B",
    "mdma-137-09-02.npz": "A",
    "mdma-126-09-04.npz": "B",
    "mdma-102-09-04.npz": "D",
    "mdma-199-09-04.npz": "C",
    "mdma-188-09-02.npz": "B",
    "mdma-183-09-00.npz": "D",
    "mdma-156-09-01.npz": "C",
    "mdma-118-09-00.npz": "A",
    "mdma-113-09-02.npz": "C",
    "mdma-125-09-00.npz": "B",
    "mdma-181-09-03.npz": "D",
    "mdma-154-09-02.npz": "A",
    "mdma-111-09-01.npz": "B",
    "mdma-145-09-04.npz": "D",
    "mdma-127-09-03.npz": "D",
    "mdma-120-09-03.npz": "C",
    "mdma-142-09-04.npz": "C",
    "mdma-116-09-01.npz": "B",
    "mdma-158-09-00.npz": "D",
    "mdma-153-09-02.npz": "A",
    "mdma-186-09-03.npz": "A",
    "mdma-129-09-02.npz": "C",
    "mdma-122-09-00.npz": "B",
    "mdma-138-09-04.npz": "A",
    "mdma-114-09-02.npz": "B",
    "mdma-151-09-01.npz": "B",
    "mdma-184-09-00.npz": "A",
    "mdma-105-09-04.npz": "A",
    "mdma-121-09-04.npz": "B",
    "mdma-130-09-02.npz": "A",
    "mdma-187-09-04.npz": "A",
    "mdma-143-09-03.npz": "A",
    "mdma-148-09-01.npz": "C",
    "mdma-196-09-02.npz": "A",
    "mdma-106-09-00.npz": "B",
    "mdma-132-09-01.npz": "A",
    "mdma-139-09-03.npz": "C",
    "mdma-141-09-00.npz": "D",
    "mdma-194-09-01.npz": "D",
    "mdma-104-09-03.npz": "D",
    "mdma-188-09-04.npz": "A",
    "mdma-113-09-04.npz": "A",
    "mdma-102-09-02.npz": "A",
    "mdma-109-09-00.npz": "C",
    "mdma-192-09-00.npz": "C",
    "mdma-199-09-02.npz": "B",
    "mdma-147-09-01.npz": "A",
    "mdma-134-09-00.npz": "C",
    "mdma-100-09-01.npz": "D",
    "mdma-190-09-03.npz": "B",
    "mdma-145-09-02.npz": "A",
    "mdma-154-09-04.npz": "A",
    "mdma-136-09-03.npz": "A",
    "mdma-189-09-03.npz": "C",
    "mdma-182-09-01.npz": "B",
    "mdma-157-09-00.npz": "C",
    "mdma-119-09-01.npz": "B",
    "mdma-112-09-03.npz": "C",
    "mdma-124-09-01.npz": "B",
    "mdma-180-09-02.npz": "C",
    "mdma-155-09-03.npz": "C",
    "mdma-110-09-00.npz": "C",
    "mdma-191-09-04.npz": "D",
    "mdma-126-09-02.npz": "B",
    "mdma-137-09-04.npz": "C",
    "mdma-139-09-04.npz": "C",
    "mdma-123-09-00.npz": "C",
    "mdma-128-09-02.npz": "D",
    "mdma-104-09-04.npz": "A",
    "mdma-115-09-02.npz": "C",
    "mdma-150-09-01.npz": "B",
    "mdma-185-09-00.npz": "A",
    "mdma-121-09-03.npz": "C",
    "mdma-117-09-01.npz": "C",
    "mdma-152-09-02.npz": "B",
    "mdma-159-09-00.npz": "D",
    "mdma-187-09-03.npz": "B",
    "mdma-143-09-04.npz": "B",
    "mdma-138-09-03.npz": "D",
    "mdma-133-09-01.npz": "C",
    "mdma-140-09-00.npz": "B",
    "mdma-195-09-01.npz": "A",
    "mdma-105-09-03.npz": "A",
    "mdma-131-09-02.npz": "A",
    "mdma-120-09-04.npz": "A",
    "mdma-149-09-01.npz": "A",
    "mdma-142-09-03.npz": "A",
    "mdma-197-09-02.npz": "C",
    "mdma-107-09-00.npz": "C",
    "mdma-186-09-04.npz": "D",
    "mdma-155-09-04.npz": "B",
    "mdma-101-09-01.npz": "A",
    "mdma-191-09-03.npz": "A",
    "mdma-144-09-02.npz": "C",
    "mdma-137-09-03.npz": "D",
    "mdma-108-09-00.npz": "D",
    "mdma-103-09-02.npz": "B",
    "mdma-198-09-02.npz": "A",
    "mdma-193-09-00.npz": "A",
    "mdma-146-09-01.npz": "D",
    "mdma-189-09-04.npz": "C",
    "mdma-112-09-04.npz": "C",
    "mdma-135-09-00.npz": "A",
    "mdma-190-09-04.npz": "C",
    "mdma-181-09-02.npz": "A",
    "mdma-154-09-03.npz": "D",
    "mdma-111-09-00.npz": "allbad",
    "mdma-136-09-04.npz": "A",
    "mdma-127-09-02.npz": "D",
    "mdma-183-09-01.npz": "D",
    "mdma-188-09-03.npz": "B",
    "mdma-156-09-00.npz": "B",
    "mdma-113-09-03.npz": "C",
    "mdma-118-09-01.npz": "D",
    "mdma-125-09-01.npz": "D",
    "mdma-122-09-01.npz": "D",
    "mdma-129-09-03.npz": "B",
    "mdma-114-09-03.npz": "A",
    "mdma-151-09-00.npz": "D",
    "mdma-184-09-01.npz": "B",
    "mdma-120-09-02.npz": "A",
    "mdma-131-09-04.npz": "B",
    "mdma-116-09-00.npz": "A",
    "mdma-153-09-03.npz": "A",
    "mdma-158-09-01.npz": "B",
    "mdma-186-09-02.npz": "C",
    "mdma-197-09-04.npz": "A",
    "mdma-128-09-04.npz": "C",
    "mdma-139-09-02.npz": "C",
    "mdma-132-09-00.npz": "C",
    "mdma-115-09-04.npz": "D",
    "mdma-141-09-01.npz": "C",
    "mdma-194-09-00.npz": "D",
    "mdma-104-09-02.npz": "C",
    "mdma-130-09-03.npz": "A",
    "mdma-148-09-00.npz": "D",
    "mdma-143-09-02.npz": "A",
    "mdma-196-09-03.npz": "B",
    "mdma-106-09-01.npz": "D",
    "mdma-152-09-04.npz": "A",
    "mdma-181-09-04.npz": "A",
    "mdma-100-09-00.npz": "A",
    "mdma-190-09-02.npz": "C",
    "mdma-145-09-03.npz": "D",
    "mdma-127-09-04.npz": "A",
    "mdma-136-09-02.npz": "A",
    "mdma-109-09-01.npz": "A",
    "mdma-102-09-03.npz": "D",
    "mdma-199-09-03.npz": "B",
    "mdma-192-09-01.npz": "B",
    "mdma-147-09-00.npz": "C",
    "mdma-134-09-01.npz": "B",
    "mdma-144-09-04.npz": "B",
    "mdma-180-09-03.npz": "B",
    "mdma-155-09-02.npz": "B",
    "mdma-110-09-01.npz": "D",
    "mdma-126-09-03.npz": "D",
    "mdma-182-09-00.npz": "D",
    "mdma-189-09-02.npz": "B",
    "mdma-157-09-01.npz": "D",
    "mdma-112-09-02.npz": "C",
    "mdma-119-09-00.npz": "B",
    "mdma-103-09-04.npz": "A",
    "mdma-198-09-04.npz": "A",
    "mdma-124-09-00.npz": "C"
}