{
    "mdmu-s00-31-00.npz": "allbad",
    "mdmu-s00-31-01.npz": "C",
    "mdmu-s01-31-00.npz": "A",
    "mdmu-s03-31-01.npz": "B",
    "mdmu-s04-31-00.npz": "D",
    "mdmu-s06-31-00.npz": "D",
    "mdmu-s06-31-01.npz": "A",
    "mdmu-s07-31-01.npz": "D",
    "mdmu-s08-31-00.npz": "A",
    "mdmu-s09-31-01.npz": "D",
    "mdmu-s10-31-00.npz": "A",
    "mdmu-s11-31-00.npz": "A",
    "mdmu-s11-31-01.npz": "A",
    "mdmu-s12-31-00.npz": "B",
    "mdmu-s12-31-01.npz": "A",
    "mdmu-s13-31-00.npz": "allbad",
    "mdmu-s13-31-01.npz": "C",
    "mdmu-s14-31-00.npz": "B",
    "mdmu-s14-31-01.npz": "C",
    "mdmu-s15-31-00.npz": "A",
    "mdmu-s15-31-01.npz": "C",
    "mdmu-s16-31-00.npz": "A",
    "mdmu-s16-31-01.npz": "B",
    "mdmu-s17-31-00.npz": "A",
    "mdmu-s17-31-01.npz": "A",
    "mdmu-s18-31-00.npz": "allbad",
    "mdmu-s18-31-01.npz": "A",
    "mdmu-s19-31-00.npz": "C",
    "mdmu-s19-31-01.npz": "A",
    "mdmu-s20-31-00.npz": "B",
    "mdmu-s20-31-01.npz": "B",
    "mdmu-s21-31-00.npz": "B",
    "mdmu-s21-31-01.npz": "A",
    "mdmu-s22-31-00.npz": "A",
    "mdmu-s22-31-01.npz": "D",
    "mdmu-s23-31-00.npz": "D",
    "mdmu-s23-31-01.npz": "B",
    "mdmu-s24-31-00.npz": "B",
    "mdmu-s24-31-01.npz": "A",
    "mdmu-s25-31-00.npz": "C",
    "mdmu-s25-31-01.npz": "B",
    "mdmu-s26-31-01.npz": "C",
    "mdmu-s27-31-00.npz": "C",
    "mdmu-s27-31-01.npz": "B",
    "mdmu-s28-31-00.npz": "A",
    "mdmu-s28-31-01.npz": "D",
    "mdmu-s29-31-00.npz": "D",
    "mdmu-s29-31-01.npz": "A",
    "mdmu-s30-31-00.npz": "D",
    "mdmu-s30-31-01.npz": "D",
    "mdmu-s31-31-00.npz": "A",
    "mdmu-s31-31-01.npz": "A",
    "mdmu-s32-31-00.npz": "C",
    "mdmu-s32-31-01.npz": "D",
    "mdmu-s33-31-00.npz": "C",
    "mdmu-s33-31-01.npz": "C",
    "mdmu-s34-31-00.npz": "D",
    "mdmu-s34-31-01.npz": "D",
    "mdmu-s35-31-00.npz": "D",
    "mdmu-s36-31-00.npz": "B",
    "mdmu-s36-31-01.npz": "D",
    "mdmu-s37-31-00.npz": "C",
    "mdmu-s37-31-01.npz": "D",
    "mdmu-s38-31-00.npz": "C",
    "mdmu-s38-31-01.npz": "C",
    "mdmu-s39-31-00.npz": "B",
    "mdmu-s39-31-01.npz": "D",
    "mdmu-s40-31-01.npz": "C",
    "mdmu-s41-31-00.npz": "B",
    "mdmu-s41-31-01.npz": "D",
    "mdmu-s42-31-00.npz": "allbad",
    "mdmu-s42-31-01.npz": "B",
    "mdmu-s43-31-01.npz": "B",
    "mdmu-s44-31-00.npz": "D",
    "mdmu-s44-31-01.npz": "C",
    "mdmu-s45-31-00.npz": "B",
    "mdmu-s45-31-01.npz": "B",
    "mdmu-s46-31-00.npz": "D",
    "mdmu-s46-31-01.npz": "A",
    "mdmu-s47-31-00.npz": "C",
    "mdmu-s47-31-01.npz": "A",
    "mdmu-s48-31-00.npz": "C",
    "mdmu-s48-31-01.npz": "A",
    "mdmu-s49-31-00.npz": "A",
    "mdmu-s49-31-01.npz": "C",
    "mdmu-s50-31-01.npz": "allbad",
    "mdmu-s51-31-00.npz": "C",
    "mdmu-s51-31-01.npz": "C",
    "mdmu-s52-31-00.npz": "C",
    "mdmu-s52-31-01.npz": "B",
    "mdmu-s53-31-00.npz": "B",
    "mdmu-s53-31-01.npz": "A",
    "mdmu-s54-31-00.npz": "D",
    "mdmu-s54-31-01.npz": "A",
    "mdmu-s55-31-00.npz": "D",
    "mdmu-s55-31-01.npz": "A",
    "mdmu-s56-31-00.npz": "B",
    "mdmu-s56-31-01.npz": "A",
    "mdmu-s57-31-00.npz": "C",
    "mdmu-s57-31-01.npz": "C",
    "mdmu-s58-31-00.npz": "C",
    "mdmu-s58-31-01.npz": "C",
    "mdmu-s59-31-00.npz": "C",
    "mdmu-s59-31-01.npz": "D",
    "mdmu-s60-31-01.npz": "A",
    "mdmu-s61-31-00.npz": "D",
    "mdmu-s61-31-01.npz": "C",
    "mdmu-s62-31-00.npz": "A",
    "mdmu-s62-31-01.npz": "D",
    "mdmu-s63-31-00.npz": "D",
    "mdmu-s63-31-01.npz": "D",
    "mdmu-s64-31-00.npz": "C",
    "mdmu-s65-31-00.npz": "D",
    "mdmu-s65-31-01.npz": "B",
    "mdmu-s66-31-00.npz": "D",
    "mdmu-s66-31-01.npz": "A",
    "mdmu-s67-31-00.npz": "D",
    "mdmu-s67-31-01.npz": "A",
    "mdmu-s68-31-00.npz": "D",
    "mdmu-s68-31-01.npz": "D",
    "mdmu-s69-31-00.npz": "A",
    "mdmu-s69-31-01.npz": "A",
    "mdmu-s70-31-01.npz": "C",
    "mdmu-s71-31-00.npz": "B",
    "mdmu-s71-31-01.npz": "A",
    "mdmu-s72-31-00.npz": "B",
    "mdmu-s72-31-01.npz": "C",
    "mdmu-s73-31-00.npz": "C",
    "mdmu-s73-31-01.npz": "D",
    "mdmu-s74-31-00.npz": "A",
    "mdmu-s74-31-01.npz": "A",
    "mdmu-s75-31-00.npz": "C",
    "mdmu-s75-31-01.npz": "A",
    "mdmu-s76-31-00.npz": "A",
    "mdmu-s76-31-01.npz": "B",
    "mdmu-s77-31-00.npz": "D",
    "mdmu-s77-31-01.npz": "D",
    "mdmu-s78-31-00.npz": "D",
    "mdmu-s78-31-01.npz": "D",
    "mdmu-s79-31-00.npz": "C",
    "mdmu-s79-31-01.npz": "B",
    "mdmu-s80-31-01.npz": "B",
    "mdmu-s81-31-00.npz": "D",
    "mdmu-s81-31-01.npz": "A",
    "mdmu-s82-31-00.npz": "C",
    "mdmu-s82-31-01.npz": "D",
    "mdmu-s83-31-00.npz": "D",
    "mdmu-s83-31-01.npz": "B",
    "mdmu-s84-31-00.npz": "D",
    "mdmu-s84-31-01.npz": "C",
    "mdmu-s85-31-00.npz": "B",
    "mdmu-s85-31-01.npz": "C",
    "mdmu-s86-31-00.npz": "D",
    "mdmu-s86-31-01.npz": "D",
    "mdmu-s87-31-00.npz": "D",
    "mdmu-s87-31-01.npz": "D",
    "mdmu-s88-31-00.npz": "D",
    "mdmu-s88-31-01.npz": "B",
    "mdmu-s89-31-00.npz": "B",
    "mdmu-s89-31-01.npz": "B",
    "mdmu-s91-31-00.npz": "B",
    "mdmu-s91-31-01.npz": "B",
    "mdmu-s92-31-00.npz": "A",
    "mdmu-s92-31-01.npz": "A",
    "mdmu-s93-31-00.npz": "A",
    "mdmu-s93-31-01.npz": "D",
    "mdmu-s94-31-00.npz": "B",
    "mdmu-s94-31-01.npz": "A",
    "mdmu-s95-31-00.npz": "D",
    "mdmu-s95-31-01.npz": "D",
    "mdmu-s96-31-00.npz": "C",
    "mdmu-s96-31-01.npz": "D",
    "mdmu-s97-31-00.npz": "D",
    "mdmu-s97-31-01.npz": "A",
    "mdmu-s98-31-00.npz": "A",
    "mdmu-s99-31-00.npz": "B",
    "mdmu-s99-31-01.npz": "B"
}