{
    "mdmu-s01-19-01.npz": "D",
    "mdmu-s02-19-00.npz": "A",
    "mdmu-s03-19-00.npz": "D",
    "mdmu-s04-19-01.npz": "A",
    "mdmu-s05-19-00.npz": "D",
    "mdmu-s05-19-01.npz": "D",
    "mdmu-s06-19-00.npz": "A",
    "mdmu-s06-19-01.npz": "D",
    "mdmu-s07-19-00.npz": "C",
    "mdmu-s07-19-01.npz": "A",
    "mdmu-s08-19-00.npz": "D",
    "mdmu-s08-19-01.npz": "A",
    "mdmu-s09-19-00.npz": "A",
    "mdmu-s10-19-00.npz": "D",
    "mdmu-s10-19-01.npz": "allbad",
    "mdmu-s11-19-00.npz": "A",
    "mdmu-s11-19-01.npz": "C",
    "mdmu-s12-19-00.npz": "C",
    "mdmu-s12-19-01.npz": "A",
    "mdmu-s13-19-00.npz": "A",
    "mdmu-s13-19-01.npz": "C",
    "mdmu-s14-19-00.npz": "B",
    "mdmu-s14-19-01.npz": "C",
    "mdmu-s15-19-00.npz": "D",
    "mdmu-s15-19-01.npz": "C",
    "mdmu-s16-19-00.npz": "B",
    "mdmu-s16-19-01.npz": "A",
    "mdmu-s17-19-00.npz": "A",
    "mdmu-s17-19-01.npz": "C",
    "mdmu-s18-19-00.npz": "A",
    "mdmu-s18-19-01.npz": "A",
    "mdmu-s19-19-00.npz": "B",
    "mdmu-s19-19-01.npz": "D",
    "mdmu-s20-19-00.npz": "A",
    "mdmu-s20-19-01.npz": "B",
    "mdmu-s21-19-00.npz": "B",
    "mdmu-s21-19-01.npz": "C",
    "mdmu-s22-19-00.npz": "C",
    "mdmu-s22-19-01.npz": "C",
    "mdmu-s23-19-00.npz": "B",
    "mdmu-s23-19-01.npz": "C",
    "mdmu-s24-19-00.npz": "D",
    "mdmu-s25-19-01.npz": "A",
    "mdmu-s26-19-00.npz": "D",
    "mdmu-s26-19-01.npz": "A",
    "mdmu-s28-19-00.npz": "A",
    "mdmu-s28-19-01.npz": "B",
    "mdmu-s29-19-00.npz": "D",
    "mdmu-s29-19-01.npz": "C",
    "mdmu-s30-19-00.npz": "A",
    "mdmu-s30-19-01.npz": "B",
    "mdmu-s31-19-00.npz": "C",
    "mdmu-s31-19-01.npz": "D",
    "mdmu-s32-19-00.npz": "B",
    "mdmu-s32-19-01.npz": "D",
    "mdmu-s33-19-00.npz": "C",
    "mdmu-s33-19-01.npz": "D",
    "mdmu-s34-19-00.npz": "C",
    "mdmu-s34-19-01.npz": "C",
    "mdmu-s35-19-00.npz": "D",
    "mdmu-s35-19-01.npz": "D",
    "mdmu-s36-19-00.npz": "B",
    "mdmu-s36-19-01.npz": "C",
    "mdmu-s37-19-00.npz": "A",
    "mdmu-s37-19-01.npz": "C",
    "mdmu-s38-19-00.npz": "A",
    "mdmu-s38-19-01.npz": "B",
    "mdmu-s39-19-00.npz": "D",
    "mdmu-s39-19-01.npz": "C",
    "mdmu-s40-19-01.npz": "D",
    "mdmu-s41-19-00.npz": "C",
    "mdmu-s41-19-01.npz": "C",
    "mdmu-s42-19-00.npz": "B",
    "mdmu-s42-19-01.npz": "B",
    "mdmu-s43-19-00.npz": "D",
    "mdmu-s43-19-01.npz": "A",
    "mdmu-s44-19-00.npz": "A",
    "mdmu-s44-19-01.npz": "A",
    "mdmu-s45-19-00.npz": "D",
    "mdmu-s45-19-01.npz": "C",
    "mdmu-s46-19-00.npz": "D",
    "mdmu-s46-19-01.npz": "D",
    "mdmu-s47-19-00.npz": "D",
    "mdmu-s47-19-01.npz": "B",
    "mdmu-s48-19-00.npz": "B",
    "mdmu-s48-19-01.npz": "B",
    "mdmu-s49-19-00.npz": "A",
    "mdmu-s49-19-01.npz": "B",
    "mdmu-s50-19-01.npz": "C",
    "mdmu-s51-19-00.npz": "D",
    "mdmu-s51-19-01.npz": "B",
    "mdmu-s52-19-00.npz": "C",
    "mdmu-s52-19-01.npz": "C",
    "mdmu-s53-19-00.npz": "A",
    "mdmu-s53-19-01.npz": "A",
    "mdmu-s54-19-00.npz": "B",
    "mdmu-s54-19-01.npz": "B",
    "mdmu-s55-19-00.npz": "B",
    "mdmu-s55-19-01.npz": "B",
    "mdmu-s56-19-00.npz": "D",
    "mdmu-s56-19-01.npz": "B",
    "mdmu-s57-19-00.npz": "D",
    "mdmu-s57-19-01.npz": "C",
    "mdmu-s58-19-00.npz": "D",
    "mdmu-s58-19-01.npz": "C",
    "mdmu-s59-19-00.npz": "C",
    "mdmu-s59-19-01.npz": "A",
    "mdmu-s60-19-01.npz": "C",
    "mdmu-s61-19-00.npz": "D",
    "mdmu-s61-19-01.npz": "C",
    "mdmu-s62-19-00.npz": "A",
    "mdmu-s62-19-01.npz": "C",
    "mdmu-s63-19-00.npz": "A",
    "mdmu-s63-19-01.npz": "C",
    "mdmu-s64-19-00.npz": "D",
    "mdmu-s64-19-01.npz": "C",
    "mdmu-s65-19-00.npz": "D",
    "mdmu-s65-19-01.npz": "B",
    "mdmu-s66-19-00.npz": "C",
    "mdmu-s66-19-01.npz": "A",
    "mdmu-s67-19-00.npz": "A",
    "mdmu-s67-19-01.npz": "B",
    "mdmu-s68-19-00.npz": "A",
    "mdmu-s68-19-01.npz": "D",
    "mdmu-s69-19-00.npz": "C",
    "mdmu-s69-19-01.npz": "A",
    "mdmu-s70-19-01.npz": "B",
    "mdmu-s71-19-00.npz": "A",
    "mdmu-s71-19-01.npz": "C",
    "mdmu-s72-19-00.npz": "A",
    "mdmu-s72-19-01.npz": "C",
    "mdmu-s73-19-00.npz": "D",
    "mdmu-s73-19-01.npz": "D",
    "mdmu-s74-19-00.npz": "D",
    "mdmu-s74-19-01.npz": "D",
    "mdmu-s75-19-00.npz": "A",
    "mdmu-s75-19-01.npz": "D",
    "mdmu-s76-19-00.npz": "C",
    "mdmu-s76-19-01.npz": "C",
    "mdmu-s77-19-00.npz": "D",
    "mdmu-s77-19-01.npz": "D",
    "mdmu-s78-19-00.npz": "D",
    "mdmu-s78-19-01.npz": "A",
    "mdmu-s79-19-00.npz": "D",
    "mdmu-s79-19-01.npz": "C",
    "mdmu-s80-19-01.npz": "D",
    "mdmu-s81-19-00.npz": "C",
    "mdmu-s81-19-01.npz": "A",
    "mdmu-s82-19-00.npz": "allbad",
    "mdmu-s82-19-01.npz": "D",
    "mdmu-s83-19-00.npz": "C",
    "mdmu-s83-19-01.npz": "B",
    "mdmu-s84-19-00.npz": "A",
    "mdmu-s84-19-01.npz": "D",
    "mdmu-s85-19-00.npz": "A",
    "mdmu-s85-19-01.npz": "A",
    "mdmu-s86-19-00.npz": "B",
    "mdmu-s86-19-01.npz": "D",
    "mdmu-s87-19-00.npz": "B",
    "mdmu-s87-19-01.npz": "D",
    "mdmu-s88-19-00.npz": "C",
    "mdmu-s88-19-01.npz": "C",
    "mdmu-s89-19-00.npz": "B",
    "mdmu-s89-19-01.npz": "A",
    "mdmu-s90-19-01.npz": "A",
    "mdmu-s91-19-00.npz": "A",
    "mdmu-s91-19-01.npz": "D",
    "mdmu-s92-19-00.npz": "C",
    "mdmu-s92-19-01.npz": "C",
    "mdmu-s93-19-00.npz": "B",
    "mdmu-s93-19-01.npz": "D",
    "mdmu-s94-19-00.npz": "B",
    "mdmu-s94-19-01.npz": "C",
    "mdmu-s95-19-00.npz": "A",
    "mdmu-s95-19-01.npz": "C",
    "mdmu-s96-19-00.npz": "A",
    "mdmu-s96-19-01.npz": "A",
    "mdmu-s97-19-00.npz": "A",
    "mdmu-s97-19-01.npz": "C",
    "mdmu-s98-19-00.npz": "B",
    "mdmu-s98-19-01.npz": "A",
    "mdmu-s99-19-00.npz": "C",
    "mdmu-s99-19-01.npz": "C"
}