{
    "mdmu-s00-11-00.npz": "B",
    "mdmu-s00-11-01.npz": "B",
    "mdmu-s01-11-00.npz": "A",
    "mdmu-s01-11-01.npz": "B",
    "mdmu-s02-11-00.npz": "A",
    "mdmu-s02-11-01.npz": "B",
    "mdmu-s03-11-00.npz": "B",
    "mdmu-s03-11-01.npz": "B",
    "mdmu-s04-11-01.npz": "C",
    "mdmu-s05-11-00.npz": "D",
    "mdmu-s05-11-01.npz": "A",
    "mdmu-s06-11-01.npz": "C",
    "mdmu-s07-11-00.npz": "A",
    "mdmu-s07-11-01.npz": "A",
    "mdmu-s08-11-01.npz": "C",
    "mdmu-s09-11-00.npz": "A",
    "mdmu-s09-11-01.npz": "B",
    "mdmu-s10-11-00.npz": "B",
    "mdmu-s10-11-01.npz": "D",
    "mdmu-s11-11-00.npz": "C",
    "mdmu-s11-11-01.npz": "C",
    "mdmu-s12-11-00.npz": "B",
    "mdmu-s12-11-01.npz": "C",
    "mdmu-s13-11-00.npz": "A",
    "mdmu-s13-11-01.npz": "C",
    "mdmu-s14-11-00.npz": "D",
    "mdmu-s14-11-01.npz": "D",
    "mdmu-s15-11-00.npz": "A",
    "mdmu-s15-11-01.npz": "A",
    "mdmu-s16-11-00.npz": "A",
    "mdmu-s16-11-01.npz": "A",
    "mdmu-s17-11-00.npz": "D",
    "mdmu-s17-11-01.npz": "C",
    "mdmu-s18-11-00.npz": "D",
    "mdmu-s18-11-01.npz": "B",
    "mdmu-s19-11-00.npz": "B",
    "mdmu-s19-11-01.npz": "D",
    "mdmu-s20-11-00.npz": "D",
    "mdmu-s20-11-01.npz": "A",
    "mdmu-s21-11-00.npz": "D",
    "mdmu-s21-11-01.npz": "C",
    "mdmu-s22-11-00.npz": "A",
    "mdmu-s22-11-01.npz": "B",
    "mdmu-s23-11-00.npz": "C",
    "mdmu-s23-11-01.npz": "A",
    "mdmu-s24-11-01.npz": "A",
    "mdmu-s25-11-00.npz": "A",
    "mdmu-s25-11-01.npz": "D",
    "mdmu-s26-11-00.npz": "D",
    "mdmu-s26-11-01.npz": "A",
    "mdmu-s27-11-00.npz": "A",
    "mdmu-s27-11-01.npz": "A",
    "mdmu-s28-11-00.npz": "D",
    "mdmu-s28-11-01.npz": "A",
    "mdmu-s29-11-00.npz": "C",
    "mdmu-s29-11-01.npz": "D",
    "mdmu-s30-11-00.npz": "C",
    "mdmu-s30-11-01.npz": "B",
    "mdmu-s31-11-00.npz": "C",
    "mdmu-s31-11-01.npz": "B",
    "mdmu-s32-11-00.npz": "B",
    "mdmu-s32-11-01.npz": "D",
    "mdmu-s33-11-00.npz": "C",
    "mdmu-s33-11-01.npz": "C",
    "mdmu-s34-11-00.npz": "A",
    "mdmu-s34-11-01.npz": "D",
    "mdmu-s35-11-00.npz": "C",
    "mdmu-s35-11-01.npz": "D",
    "mdmu-s36-11-00.npz": "B",
    "mdmu-s36-11-01.npz": "D",
    "mdmu-s37-11-00.npz": "D",
    "mdmu-s37-11-01.npz": "D",
    "mdmu-s38-11-00.npz": "allbad",
    "mdmu-s38-11-01.npz": "A",
    "mdmu-s39-11-00.npz": "C",
    "mdmu-s39-11-01.npz": "B",
    "mdmu-s40-11-01.npz": "D",
    "mdmu-s41-11-00.npz": "B",
    "mdmu-s41-11-01.npz": "allbad",
    "mdmu-s42-11-00.npz": "A",
    "mdmu-s42-11-01.npz": "B",
    "mdmu-s43-11-00.npz": "A",
    "mdmu-s43-11-01.npz": "A",
    "mdmu-s44-11-00.npz": "A",
    "mdmu-s44-11-01.npz": "B",
    "mdmu-s45-11-00.npz": "D",
    "mdmu-s45-11-01.npz": "B",
    "mdmu-s46-11-00.npz": "B",
    "mdmu-s46-11-01.npz": "B",
    "mdmu-s47-11-00.npz": "B",
    "mdmu-s47-11-01.npz": "D",
    "mdmu-s48-11-00.npz": "A",
    "mdmu-s48-11-01.npz": "A",
    "mdmu-s49-11-00.npz": "B",
    "mdmu-s49-11-01.npz": "D",
    "mdmu-s50-11-01.npz": "A",
    "mdmu-s51-11-00.npz": "A",
    "mdmu-s51-11-01.npz": "D",
    "mdmu-s52-11-00.npz": "D",
    "mdmu-s52-11-01.npz": "D",
    "mdmu-s53-11-00.npz": "A",
    "mdmu-s53-11-01.npz": "A",
    "mdmu-s54-11-00.npz": "A",
    "mdmu-s54-11-01.npz": "A",
    "mdmu-s55-11-00.npz": "B",
    "mdmu-s55-11-01.npz": "D",
    "mdmu-s56-11-00.npz": "D",
    "mdmu-s56-11-01.npz": "D",
    "mdmu-s57-11-00.npz": "D",
    "mdmu-s57-11-01.npz": "A",
    "mdmu-s58-11-00.npz": "A",
    "mdmu-s59-11-00.npz": "A",
    "mdmu-s59-11-01.npz": "C",
    "mdmu-s60-11-01.npz": "B",
    "mdmu-s61-11-00.npz": "B",
    "mdmu-s61-11-01.npz": "B",
    "mdmu-s62-11-00.npz": "D",
    "mdmu-s62-11-01.npz": "A",
    "mdmu-s63-11-00.npz": "A",
    "mdmu-s63-11-01.npz": "A",
    "mdmu-s64-11-00.npz": "D",
    "mdmu-s64-11-01.npz": "C",
    "mdmu-s65-11-00.npz": "D",
    "mdmu-s65-11-01.npz": "D",
    "mdmu-s66-11-00.npz": "B",
    "mdmu-s66-11-01.npz": "B",
    "mdmu-s67-11-00.npz": "C",
    "mdmu-s67-11-01.npz": "A",
    "mdmu-s68-11-00.npz": "D",
    "mdmu-s68-11-01.npz": "C",
    "mdmu-s69-11-00.npz": "A",
    "mdmu-s69-11-01.npz": "A",
    "mdmu-s70-11-01.npz": "D",
    "mdmu-s71-11-00.npz": "C",
    "mdmu-s71-11-01.npz": "D",
    "mdmu-s72-11-00.npz": "A",
    "mdmu-s72-11-01.npz": "A",
    "mdmu-s73-11-00.npz": "D",
    "mdmu-s73-11-01.npz": "C",
    "mdmu-s74-11-00.npz": "C",
    "mdmu-s74-11-01.npz": "B",
    "mdmu-s75-11-00.npz": "D",
    "mdmu-s76-11-00.npz": "B",
    "mdmu-s76-11-01.npz": "B",
    "mdmu-s77-11-00.npz": "C",
    "mdmu-s77-11-01.npz": "A",
    "mdmu-s78-11-00.npz": "D",
    "mdmu-s78-11-01.npz": "B",
    "mdmu-s79-11-00.npz": "A",
    "mdmu-s79-11-01.npz": "A",
    "mdmu-s80-11-01.npz": "A",
    "mdmu-s81-11-00.npz": "D",
    "mdmu-s81-11-01.npz": "C",
    "mdmu-s82-11-00.npz": "B",
    "mdmu-s82-11-01.npz": "C",
    "mdmu-s83-11-00.npz": "A",
    "mdmu-s83-11-01.npz": "B",
    "mdmu-s84-11-00.npz": "B",
    "mdmu-s84-11-01.npz": "C",
    "mdmu-s85-11-00.npz": "A",
    "mdmu-s85-11-01.npz": "C",
    "mdmu-s86-11-00.npz": "D",
    "mdmu-s86-11-01.npz": "A",
    "mdmu-s87-11-00.npz": "C",
    "mdmu-s87-11-01.npz": "D",
    "mdmu-s88-11-00.npz": "A",
    "mdmu-s88-11-01.npz": "A",
    "mdmu-s89-11-00.npz": "D",
    "mdmu-s89-11-01.npz": "B",
    "mdmu-s90-11-01.npz": "D",
    "mdmu-s91-11-00.npz": "A",
    "mdmu-s91-11-01.npz": "D",
    "mdmu-s92-11-00.npz": "B",
    "mdmu-s92-11-01.npz": "D",
    "mdmu-s93-11-00.npz": "A",
    "mdmu-s93-11-01.npz": "A",
    "mdmu-s94-11-00.npz": "A",
    "mdmu-s94-11-01.npz": "D",
    "mdmu-s95-11-00.npz": "B",
    "mdmu-s95-11-01.npz": "C",
    "mdmu-s96-11-00.npz": "A",
    "mdmu-s96-11-01.npz": "A",
    "mdmu-s97-11-00.npz": "B",
    "mdmu-s97-11-01.npz": "D",
    "mdmu-s98-11-00.npz": "C",
    "mdmu-s98-11-01.npz": "D",
    "mdmu-s99-11-00.npz": "C",
    "mdmu-s99-11-01.npz": "B"
}