{
    "mdmu-s00-18-00.npz": "D",
    "mdmu-s01-18-00.npz": "C",
    "mdmu-s01-18-01.npz": "A",
    "mdmu-s02-18-00.npz": "B",
    "mdmu-s02-18-01.npz": "C",
    "mdmu-s03-18-00.npz": "D",
    "mdmu-s03-18-01.npz": "C",
    "mdmu-s04-18-00.npz": "A",
    "mdmu-s04-18-01.npz": "D",
    "mdmu-s05-18-01.npz": "C",
    "mdmu-s06-18-00.npz": "C",
    "mdmu-s08-18-00.npz": "D",
    "mdmu-s08-18-01.npz": "D",
    "mdmu-s09-18-00.npz": "B",
    "mdmu-s10-18-00.npz": "B",
    "mdmu-s10-18-01.npz": "allbad",
    "mdmu-s11-18-00.npz": "D",
    "mdmu-s11-18-01.npz": "C",
    "mdmu-s12-18-00.npz": "D",
    "mdmu-s12-18-01.npz": "A",
    "mdmu-s13-18-00.npz": "D",
    "mdmu-s13-18-01.npz": "B",
    "mdmu-s14-18-00.npz": "C",
    "mdmu-s14-18-01.npz": "C",
    "mdmu-s15-18-00.npz": "C",
    "mdmu-s15-18-01.npz": "C",
    "mdmu-s16-18-00.npz": "A",
    "mdmu-s16-18-01.npz": "A",
    "mdmu-s17-18-00.npz": "C",
    "mdmu-s17-18-01.npz": "allbad",
    "mdmu-s18-18-00.npz": "A",
    "mdmu-s18-18-01.npz": "A",
    "mdmu-s19-18-00.npz": "A",
    "mdmu-s19-18-01.npz": "C",
    "mdmu-s20-18-00.npz": "D",
    "mdmu-s20-18-01.npz": "C",
    "mdmu-s21-18-00.npz": "B",
    "mdmu-s21-18-01.npz": "D",
    "mdmu-s22-18-00.npz": "A",
    "mdmu-s22-18-01.npz": "C",
    "mdmu-s23-18-00.npz": "A",
    "mdmu-s24-18-01.npz": "D",
    "mdmu-s25-18-00.npz": "B",
    "mdmu-s25-18-01.npz": "D",
    "mdmu-s28-18-00.npz": "C",
    "mdmu-s28-18-01.npz": "A",
    "mdmu-s29-18-00.npz": "B",
    "mdmu-s29-18-01.npz": "C",
    "mdmu-s30-18-00.npz": "D",
    "mdmu-s30-18-01.npz": "D",
    "mdmu-s31-18-00.npz": "D",
    "mdmu-s32-18-00.npz": "D",
    "mdmu-s32-18-01.npz": "D",
    "mdmu-s33-18-00.npz": "D",
    "mdmu-s33-18-01.npz": "C",
    "mdmu-s34-18-00.npz": "A",
    "mdmu-s34-18-01.npz": "D",
    "mdmu-s35-18-00.npz": "B",
    "mdmu-s36-18-00.npz": "B",
    "mdmu-s36-18-01.npz": "D",
    "mdmu-s37-18-00.npz": "D",
    "mdmu-s37-18-01.npz": "C",
    "mdmu-s38-18-00.npz": "D",
    "mdmu-s38-18-01.npz": "C",
    "mdmu-s39-18-00.npz": "C",
    "mdmu-s39-18-01.npz": "B",
    "mdmu-s40-18-01.npz": "D",
    "mdmu-s41-18-00.npz": "C",
    "mdmu-s41-18-01.npz": "B",
    "mdmu-s42-18-00.npz": "A",
    "mdmu-s42-18-01.npz": "A",
    "mdmu-s43-18-00.npz": "D",
    "mdmu-s43-18-01.npz": "A",
    "mdmu-s44-18-00.npz": "C",
    "mdmu-s44-18-01.npz": "B",
    "mdmu-s45-18-00.npz": "B",
    "mdmu-s45-18-01.npz": "D",
    "mdmu-s46-18-00.npz": "D",
    "mdmu-s46-18-01.npz": "A",
    "mdmu-s47-18-00.npz": "B",
    "mdmu-s47-18-01.npz": "C",
    "mdmu-s48-18-01.npz": "B",
    "mdmu-s49-18-00.npz": "D",
    "mdmu-s49-18-01.npz": "B",
    "mdmu-s50-18-01.npz": "B",
    "mdmu-s51-18-00.npz": "C",
    "mdmu-s51-18-01.npz": "D",
    "mdmu-s52-18-00.npz": "A",
    "mdmu-s52-18-01.npz": "A",
    "mdmu-s53-18-00.npz": "A",
    "mdmu-s53-18-01.npz": "C",
    "mdmu-s54-18-00.npz": "D",
    "mdmu-s54-18-01.npz": "A",
    "mdmu-s55-18-00.npz": "D",
    "mdmu-s55-18-01.npz": "D",
    "mdmu-s56-18-00.npz": "C",
    "mdmu-s56-18-01.npz": "C",
    "mdmu-s57-18-00.npz": "A",
    "mdmu-s57-18-01.npz": "C",
    "mdmu-s58-18-00.npz": "D",
    "mdmu-s58-18-01.npz": "D",
    "mdmu-s59-18-00.npz": "B",
    "mdmu-s59-18-01.npz": "B",
    "mdmu-s60-18-01.npz": "C",
    "mdmu-s61-18-00.npz": "B",
    "mdmu-s61-18-01.npz": "D",
    "mdmu-s62-18-00.npz": "B",
    "mdmu-s62-18-01.npz": "D",
    "mdmu-s63-18-00.npz": "A",
    "mdmu-s63-18-01.npz": "A",
    "mdmu-s64-18-00.npz": "A",
    "mdmu-s64-18-01.npz": "D",
    "mdmu-s65-18-00.npz": "B",
    "mdmu-s65-18-01.npz": "A",
    "mdmu-s66-18-00.npz": "D",
    "mdmu-s66-18-01.npz": "B",
    "mdmu-s67-18-00.npz": "A",
    "mdmu-s67-18-01.npz": "A",
    "mdmu-s68-18-00.npz": "D",
    "mdmu-s68-18-01.npz": "A",
    "mdmu-s69-18-00.npz": "A",
    "mdmu-s69-18-01.npz": "D",
    "mdmu-s70-18-01.npz": "A",
    "mdmu-s71-18-00.npz": "D",
    "mdmu-s71-18-01.npz": "D",
    "mdmu-s72-18-00.npz": "C",
    "mdmu-s72-18-01.npz": "C",
    "mdmu-s73-18-00.npz": "D",
    "mdmu-s73-18-01.npz": "D",
    "mdmu-s74-18-00.npz": "D",
    "mdmu-s74-18-01.npz": "B",
    "mdmu-s75-18-00.npz": "C",
    "mdmu-s75-18-01.npz": "D",
    "mdmu-s76-18-00.npz": "C",
    "mdmu-s76-18-01.npz": "D",
    "mdmu-s77-18-00.npz": "C",
    "mdmu-s77-18-01.npz": "D",
    "mdmu-s78-18-00.npz": "A",
    "mdmu-s78-18-01.npz": "C",
    "mdmu-s79-18-00.npz": "D",
    "mdmu-s79-18-01.npz": "D",
    "mdmu-s80-18-01.npz": "A",
    "mdmu-s81-18-00.npz": "B",
    "mdmu-s81-18-01.npz": "D",
    "mdmu-s82-18-00.npz": "A",
    "mdmu-s82-18-01.npz": "C",
    "mdmu-s83-18-00.npz": "D",
    "mdmu-s83-18-01.npz": "C",
    "mdmu-s84-18-00.npz": "B",
    "mdmu-s84-18-01.npz": "B",
    "mdmu-s85-18-00.npz": "C",
    "mdmu-s85-18-01.npz": "D",
    "mdmu-s86-18-00.npz": "A",
    "mdmu-s86-18-01.npz": "D",
    "mdmu-s87-18-00.npz": "A",
    "mdmu-s87-18-01.npz": "A",
    "mdmu-s88-18-00.npz": "A",
    "mdmu-s88-18-01.npz": "D",
    "mdmu-s89-18-00.npz": "A",
    "mdmu-s89-18-01.npz": "C",
    "mdmu-s90-18-01.npz": "C",
    "mdmu-s91-18-00.npz": "D",
    "mdmu-s91-18-01.npz": "D",
    "mdmu-s92-18-00.npz": "A",
    "mdmu-s92-18-01.npz": "D",
    "mdmu-s93-18-00.npz": "A",
    "mdmu-s93-18-01.npz": "A",
    "mdmu-s94-18-00.npz": "A",
    "mdmu-s94-18-01.npz": "D",
    "mdmu-s95-18-00.npz": "D",
    "mdmu-s95-18-01.npz": "A",
    "mdmu-s96-18-00.npz": "D",
    "mdmu-s96-18-01.npz": "A",
    "mdmu-s97-18-00.npz": "C",
    "mdmu-s97-18-01.npz": "D",
    "mdmu-s98-18-00.npz": "D",
    "mdmu-s98-18-01.npz": "B",
    "mdmu-s99-18-00.npz": "A",
    "mdmu-s99-18-01.npz": "B"
}