{"mdma-s10-04-00.npz": "D", "mdma-s10-04-01.npz": "D", "mdma-s10-04-02.npz": "A", "mdma-s10-04-03.npz": "A", "mdma-s10-04-04.npz": "A", "mdma-s11-04-00.npz": "D", "mdma-s11-04-01.npz": "B", "mdma-s11-04-02.npz": "D", "mdma-s11-04-03.npz": "B", "mdma-s11-04-04.npz": "D", "mdma-s12-04-00.npz": "C", "mdma-s12-04-01.npz": "A", "mdma-s12-04-02.npz": "D", "mdma-s12-04-03.npz": "C", "mdma-s12-04-04.npz": "C", "mdma-s13-04-00.npz": "B", "mdma-s13-04-01.npz": "B", "mdma-s13-04-02.npz": "A", "mdma-s13-04-03.npz": "C", "mdma-s13-04-04.npz": "D", "mdma-s14-04-00.npz": "B", "mdma-s14-04-01.npz": "B", "mdma-s14-04-02.npz": "B", "mdma-s14-04-03.npz": "A", "mdma-s14-04-04.npz": "A", "mdma-s15-04-00.npz": "C", "mdma-s15-04-01.npz": "B", "mdma-s15-04-02.npz": "C", "mdma-s15-04-03.npz": "D", "mdma-s15-04-04.npz": "D", "mdma-s16-04-00.npz": "B", "mdma-s16-04-01.npz": "C", "mdma-s16-04-02.npz": "B", "mdma-s16-04-03.npz": "D", "mdma-s16-04-04.npz": "B", "mdma-s17-04-00.npz": "A", "mdma-s17-04-01.npz": "B", "mdma-s17-04-02.npz": "D", "mdma-s17-04-03.npz": "C", "mdma-s17-04-04.npz": "D", "mdma-s18-04-00.npz": "A", "mdma-s18-04-01.npz": "A", "mdma-s18-04-02.npz": "C", "mdma-s18-04-03.npz": "C", "mdma-s18-04-04.npz": "D", "mdma-s19-04-00.npz": "A", "mdma-s19-04-01.npz": "A", "mdma-s19-04-02.npz": "A", "mdma-s19-04-03.npz": "A", "mdma-s19-04-04.npz": "A", "mdma-s40-04-01.npz": "B", "mdma-s40-04-02.npz": "B", "mdma-s40-04-03.npz": "B", "mdma-s40-04-04.npz": "B", "mdma-s41-04-00.npz": "D", "mdma-s41-04-01.npz": "B", "mdma-s41-04-02.npz": "C", "mdma-s41-04-03.npz": "A", "mdma-s41-04-04.npz": "A", "mdma-s42-04-00.npz": "B", "mdma-s42-04-01.npz": "A", "mdma-s42-04-02.npz": "C", "mdma-s42-04-03.npz": "A", "mdma-s42-04-04.npz": "C", "mdma-s43-04-00.npz": "B", "mdma-s43-04-01.npz": "B", "mdma-s43-04-02.npz": "D", "mdma-s43-04-03.npz": "A", "mdma-s43-04-04.npz": "C", "mdma-s44-04-00.npz": "B", "mdma-s44-04-01.npz": "D", "mdma-s44-04-02.npz": "C", "mdma-s44-04-03.npz": "A", "mdma-s44-04-04.npz": "D", "mdma-s45-04-00.npz": "A", "mdma-s45-04-01.npz": "A", "mdma-s45-04-02.npz": "A", "mdma-s45-04-03.npz": "D", "mdma-s45-04-04.npz": "A", "mdma-s46-04-00.npz": "C", "mdma-s46-04-01.npz": "B", "mdma-s46-04-02.npz": "B", "mdma-s46-04-03.npz": "A", "mdma-s46-04-04.npz": "D", "mdma-s47-04-00.npz": "A", "mdma-s47-04-01.npz": "C", "mdma-s47-04-02.npz": "A", "mdma-s47-04-03.npz": "B", "mdma-s47-04-04.npz": "C", "mdma-s48-04-00.npz": "C", "mdma-s48-04-01.npz": "C", "mdma-s48-04-02.npz": "C", "mdma-s48-04-03.npz": "A", "mdma-s48-04-04.npz": "B", "mdma-s49-04-00.npz": "A", "mdma-s49-04-01.npz": "D", "mdma-s49-04-02.npz": "D", "mdma-s49-04-03.npz": "B", "mdma-s49-04-04.npz": "B", "mdma-s50-04-01.npz": "A", "mdma-s50-04-02.npz": "C", "mdma-s50-04-03.npz": "B", "mdma-s50-04-04.npz": "B", "mdma-s51-04-00.npz": "C", "mdma-s51-04-01.npz": "B", "mdma-s51-04-02.npz": "A", "mdma-s51-04-03.npz": "D", "mdma-s51-04-04.npz": "B", "mdma-s52-04-00.npz": "A", "mdma-s52-04-01.npz": "B", "mdma-s52-04-02.npz": "B", "mdma-s52-04-03.npz": "A", "mdma-s52-04-04.npz": "B", "mdma-s53-04-00.npz": "C", "mdma-s53-04-01.npz": "A", "mdma-s53-04-02.npz": "A", "mdma-s53-04-03.npz": "B", "mdma-s53-04-04.npz": "B", "mdma-s54-04-00.npz": "D", "mdma-s54-04-01.npz": "D", "mdma-s54-04-02.npz": "B", "mdma-s54-04-03.npz": "C", "mdma-s54-04-04.npz": "B", "mdma-s55-04-00.npz": "A", "mdma-s55-04-01.npz": "A", "mdma-s55-04-02.npz": "B", "mdma-s55-04-03.npz": "B", "mdma-s55-04-04.npz": "B", "mdma-s56-04-00.npz": "A", "mdma-s56-04-01.npz": "A", "mdma-s56-04-02.npz": "B", "mdma-s56-04-03.npz": "B", "mdma-s56-04-04.npz": "D", "mdma-s57-04-00.npz": "D", "mdma-s57-04-01.npz": "D", "mdma-s57-04-02.npz": "A", "mdma-s57-04-03.npz": "D", "mdma-s57-04-04.npz": "B", "mdma-s58-04-00.npz": "A", "mdma-s58-04-01.npz": "C", "mdma-s58-04-02.npz": "C", "mdma-s58-04-03.npz": "B", "mdma-s58-04-04.npz": "C", "mdma-s59-04-00.npz": "A", "mdma-s59-04-01.npz": "D", "mdma-s59-04-02.npz": "B", "mdma-s59-04-03.npz": "B", "mdma-s59-04-04.npz": "D", "mdma-s60-04-01.npz": "B", "mdma-s60-04-02.npz": "B", "mdma-s60-04-03.npz": "C", "mdma-s60-04-04.npz": "C", "mdma-s61-04-00.npz": "B", "mdma-s61-04-01.npz": "B", "mdma-s61-04-02.npz": "C", "mdma-s61-04-03.npz": "B", "mdma-s61-04-04.npz": "B", "mdma-s62-04-00.npz": "D", "mdma-s62-04-01.npz": "A", "mdma-s62-04-02.npz": "B", "mdma-s62-04-03.npz": "B", "mdma-s62-04-04.npz": "C", "mdma-s63-04-00.npz": "A", "mdma-s63-04-01.npz": "C", "mdma-s63-04-02.npz": "A", "mdma-s63-04-03.npz": "A", "mdma-s63-04-04.npz": "B", "mdma-s64-04-00.npz": "C", "mdma-s64-04-01.npz": "A", "mdma-s64-04-02.npz": "A", "mdma-s64-04-03.npz": "B", "mdma-s64-04-04.npz": "B", "mdma-s65-04-00.npz": "A", "mdma-s65-04-01.npz": "A", "mdma-s65-04-02.npz": "B", "mdma-s65-04-03.npz": "D", "mdma-s65-04-04.npz": "C", "mdma-s66-04-00.npz": "B", "mdma-s66-04-01.npz": "C", "mdma-s66-04-02.npz": "B", "mdma-s66-04-03.npz": "C", "mdma-s66-04-04.npz": "C", "mdma-s67-04-00.npz": "B", "mdma-s67-04-01.npz": "D", "mdma-s67-04-02.npz": "D", "mdma-s67-04-03.npz": "B", "mdma-s67-04-04.npz": "D", "mdma-s68-04-00.npz": "A", "mdma-s68-04-01.npz": "A", "mdma-s68-04-02.npz": "C", "mdma-s68-04-03.npz": "B", "mdma-s68-04-04.npz": "A", "mdma-s69-04-00.npz": "B", "mdma-s69-04-01.npz": "C", "mdma-s69-04-02.npz": "A", "mdma-s69-04-03.npz": "B", "mdma-s69-04-04.npz": "B", "mdma-s70-04-01.npz": "C", "mdma-s70-04-02.npz": "B", "mdma-s70-04-03.npz": "C", "mdma-s70-04-04.npz": "A", "mdma-s71-04-00.npz": "D", "mdma-s71-04-01.npz": "C", "mdma-s71-04-02.npz": "D", "mdma-s71-04-03.npz": "A", "mdma-s71-04-04.npz": "A", "mdma-s72-04-00.npz": "C", "mdma-s72-04-01.npz": "B", "mdma-s72-04-02.npz": "C", "mdma-s72-04-03.npz": "C", "mdma-s72-04-04.npz": "A", "mdma-s73-04-00.npz": "D", "mdma-s73-04-01.npz": "A", "mdma-s73-04-02.npz": "A", "mdma-s73-04-03.npz": "C", "mdma-s73-04-04.npz": "A", "mdma-s74-04-00.npz": "A", "mdma-s74-04-01.npz": "A", "mdma-s74-04-02.npz": "B", "mdma-s74-04-03.npz": "A", "mdma-s74-04-04.npz": "B", "mdma-s75-04-00.npz": "B", "mdma-s75-04-01.npz": "C", "mdma-s75-04-02.npz": "B", "mdma-s75-04-03.npz": "B", "mdma-s75-04-04.npz": "A", "mdma-s76-04-00.npz": "D", "mdma-s76-04-01.npz": "A", "mdma-s76-04-02.npz": "C", "mdma-s76-04-03.npz": "B", "mdma-s77-04-00.npz": "C", "mdma-s77-04-01.npz": "B", "mdma-s77-04-02.npz": "A", "mdma-s77-04-03.npz": "D", "mdma-s77-04-04.npz": "D", "mdma-s78-04-00.npz": "A", "mdma-s78-04-01.npz": "B", "mdma-s78-04-02.npz": "D", "mdma-s78-04-03.npz": "A", "mdma-s78-04-04.npz": "C", "mdma-s79-04-00.npz": "B", "mdma-s79-04-01.npz": "C", "mdma-s79-04-02.npz": "C", "mdma-s79-04-03.npz": "C", "mdma-s79-04-04.npz": "A", "mdma-s80-04-01.npz": "D", "mdma-s80-04-02.npz": "B", "mdma-s80-04-03.npz": "C", "mdma-s80-04-04.npz": "C", "mdma-s81-04-00.npz": "D", "mdma-s81-04-01.npz": "D", "mdma-s81-04-02.npz": "D", "mdma-s81-04-03.npz": "D", "mdma-s81-04-04.npz": "A", "mdma-s82-04-00.npz": "D", "mdma-s82-04-01.npz": "D", "mdma-s82-04-02.npz": "D", "mdma-s82-04-03.npz": "C", "mdma-s82-04-04.npz": "A", "mdma-s83-04-01.npz": "D", "mdma-s83-04-02.npz": "D", "mdma-s83-04-03.npz": "B", "mdma-s83-04-04.npz": "D", "mdma-s84-04-00.npz": "C", "mdma-s84-04-01.npz": "A", "mdma-s84-04-02.npz": "C", "mdma-s84-04-03.npz": "B", "mdma-s84-04-04.npz": "A", "mdma-s85-04-00.npz": "D", "mdma-s85-04-01.npz": "D", "mdma-s85-04-02.npz": "A", "mdma-s85-04-03.npz": "C", "mdma-s85-04-04.npz": "C", "mdma-s86-04-00.npz": "A", "mdma-s86-04-01.npz": "D", "mdma-s86-04-02.npz": "A", "mdma-s86-04-03.npz": "D", "mdma-s86-04-04.npz": "B", "mdma-s87-04-00.npz": "A", "mdma-s87-04-01.npz": "B", "mdma-s87-04-02.npz": "A", "mdma-s87-04-03.npz": "C", "mdma-s87-04-04.npz": "D", "mdma-s88-04-00.npz": "A", "mdma-s88-04-01.npz": "B", "mdma-s88-04-02.npz": "B", "mdma-s88-04-03.npz": "C", "mdma-s88-04-04.npz": "A", "mdma-s89-04-00.npz": "A", "mdma-s89-04-01.npz": "A", "mdma-s89-04-02.npz": "A", "mdma-s89-04-03.npz": "A", "mdma-s89-04-04.npz": "A", "mdma-s90-04-01.npz": "B", "mdma-s90-04-02.npz": "B", "mdma-s90-04-03.npz": "B", "mdma-s90-04-04.npz": "C", "mdma-s91-04-00.npz": "A", "mdma-s91-04-01.npz": "B", "mdma-s91-04-02.npz": "A", "mdma-s91-04-03.npz": "D", "mdma-s91-04-04.npz": "A", "mdma-s92-04-00.npz": "D", "mdma-s92-04-01.npz": "C", "mdma-s92-04-02.npz": "C", "mdma-s92-04-03.npz": "D", "mdma-s92-04-04.npz": "C", "mdma-s93-04-00.npz": "A", "mdma-s93-04-01.npz": "B", "mdma-s93-04-02.npz": "B", "mdma-s93-04-03.npz": "B", "mdma-s93-04-04.npz": "B", "mdma-s94-04-00.npz": "B", "mdma-s94-04-01.npz": "B", "mdma-s94-04-02.npz": "A", "mdma-s94-04-03.npz": "C", "mdma-s94-04-04.npz": "B", "mdma-s95-04-00.npz": "B", "mdma-s95-04-01.npz": "D", "mdma-s95-04-02.npz": "D", "mdma-s95-04-03.npz": "C", "mdma-s95-04-04.npz": "A", "mdma-s96-04-00.npz": "D", "mdma-s96-04-01.npz": "A", "mdma-s96-04-02.npz": "A", "mdma-s96-04-03.npz": "D", "mdma-s97-04-00.npz": "C", "mdma-s97-04-01.npz": "A", "mdma-s97-04-02.npz": "A", "mdma-s97-04-03.npz": "A", "mdma-s97-04-04.npz": "A", "mdma-s98-04-00.npz": "B", "mdma-s98-04-01.npz": "B", "mdma-s98-04-02.npz": "C", "mdma-s98-04-03.npz": "C", "mdma-s98-04-04.npz": "A", "mdma-s99-04-00.npz": "D", "mdma-s99-04-01.npz": "A", "mdma-s99-04-02.npz": "A", "mdma-s99-04-03.npz": "A", "mdma-s99-04-04.npz": "C"}