{"mdmu-s00-28-00.npz": "D", "mdmu-s00-28-01.npz": "C", "mdmu-s01-28-01.npz": "C", "mdmu-s02-28-00.npz": "C", "mdmu-s02-28-01.npz": "D", "mdmu-s03-28-00.npz": "D", "mdmu-s04-28-00.npz": "D", "mdmu-s04-28-01.npz": "B", "mdmu-s05-28-00.npz": "A", "mdmu-s05-28-01.npz": "C", "mdmu-s06-28-00.npz": "C", "mdmu-s06-28-01.npz": "C", "mdmu-s07-28-00.npz": "A", "mdmu-s07-28-01.npz": "B", "mdmu-s08-28-00.npz": "C", "mdmu-s08-28-01.npz": "B", "mdmu-s09-28-01.npz": "C", "mdmu-s10-28-00.npz": "D", "mdmu-s10-28-01.npz": "B", "mdmu-s11-28-00.npz": "B", "mdmu-s11-28-01.npz": "A", "mdmu-s12-28-00.npz": "D", "mdmu-s12-28-01.npz": "B", "mdmu-s13-28-00.npz": "C", "mdmu-s13-28-01.npz": "B", "mdmu-s14-28-00.npz": "B", "mdmu-s14-28-01.npz": "D", "mdmu-s15-28-00.npz": "D", "mdmu-s15-28-01.npz": "B", "mdmu-s16-28-00.npz": "A", "mdmu-s16-28-01.npz": "D", "mdmu-s17-28-00.npz": "A", "mdmu-s17-28-01.npz": "C", "mdmu-s18-28-00.npz": "D", "mdmu-s18-28-01.npz": "A", "mdmu-s19-28-00.npz": "D", "mdmu-s19-28-01.npz": "D", "mdmu-s20-28-00.npz": "A", "mdmu-s20-28-01.npz": "A", "mdmu-s21-28-00.npz": "B", "mdmu-s21-28-01.npz": "A", "mdmu-s22-28-00.npz": "C", "mdmu-s22-28-01.npz": "B", "mdmu-s24-28-00.npz": "B", "mdmu-s24-28-01.npz": "A", "mdmu-s25-28-00.npz": "B", "mdmu-s26-28-00.npz": "B", "mdmu-s26-28-01.npz": "D", "mdmu-s28-28-00.npz": "C", "mdmu-s28-28-01.npz": "A", "mdmu-s29-28-00.npz": "C", "mdmu-s29-28-01.npz": "C", "mdmu-s30-28-00.npz": "A", "mdmu-s30-28-01.npz": "A", "mdmu-s31-28-00.npz": "B", "mdmu-s31-28-01.npz": "D", "mdmu-s32-28-00.npz": "B", "mdmu-s32-28-01.npz": "A", "mdmu-s33-28-00.npz": "D", "mdmu-s33-28-01.npz": "B", "mdmu-s34-28-00.npz": "D", "mdmu-s34-28-01.npz": "C", "mdmu-s35-28-00.npz": "C", "mdmu-s35-28-01.npz": "D", "mdmu-s36-28-00.npz": "B", "mdmu-s36-28-01.npz": "B", "mdmu-s37-28-00.npz": "B", "mdmu-s37-28-01.npz": "D", "mdmu-s38-28-00.npz": "D", "mdmu-s38-28-01.npz": "B", "mdmu-s39-28-00.npz": "C", "mdmu-s39-28-01.npz": "D", "mdmu-s40-28-01.npz": "C", "mdmu-s41-28-00.npz": "A", "mdmu-s41-28-01.npz": "B", "mdmu-s42-28-00.npz": "B", "mdmu-s42-28-01.npz": "B", "mdmu-s43-28-00.npz": "D", "mdmu-s43-28-01.npz": "B", "mdmu-s44-28-00.npz": "A", "mdmu-s44-28-01.npz": "D", "mdmu-s45-28-00.npz": "A", "mdmu-s45-28-01.npz": "D", "mdmu-s46-28-00.npz": "B", "mdmu-s46-28-01.npz": "C", "mdmu-s47-28-00.npz": "D", "mdmu-s47-28-01.npz": "C", "mdmu-s48-28-00.npz": "A", "mdmu-s48-28-01.npz": "A", "mdmu-s49-28-00.npz": "B", "mdmu-s49-28-01.npz": "C", "mdmu-s50-28-01.npz": "B", "mdmu-s51-28-00.npz": "B", "mdmu-s51-28-01.npz": "A", "mdmu-s52-28-00.npz": "A", "mdmu-s52-28-01.npz": "B", "mdmu-s53-28-00.npz": "D", "mdmu-s53-28-01.npz": "C", "mdmu-s54-28-00.npz": "B", "mdmu-s54-28-01.npz": "B", "mdmu-s55-28-00.npz": "D", "mdmu-s55-28-01.npz": "C", "mdmu-s56-28-00.npz": "B", "mdmu-s56-28-01.npz": "B", "mdmu-s57-28-00.npz": "D", "mdmu-s57-28-01.npz": "D", "mdmu-s58-28-00.npz": "C", "mdmu-s58-28-01.npz": "D", "mdmu-s59-28-00.npz": "B", "mdmu-s59-28-01.npz": "D", "mdmu-s60-28-01.npz": "C", "mdmu-s61-28-00.npz": "C", "mdmu-s61-28-01.npz": "C", "mdmu-s62-28-00.npz": "C", "mdmu-s62-28-01.npz": "A", "mdmu-s63-28-00.npz": "A", "mdmu-s63-28-01.npz": "D", "mdmu-s64-28-00.npz": "A", "mdmu-s64-28-01.npz": "C", "mdmu-s65-28-00.npz": "A", "mdmu-s65-28-01.npz": "D", "mdmu-s66-28-00.npz": "C", "mdmu-s66-28-01.npz": "A", "mdmu-s67-28-00.npz": "D", "mdmu-s67-28-01.npz": "D", "mdmu-s68-28-00.npz": "D", "mdmu-s68-28-01.npz": "C", "mdmu-s69-28-00.npz": "C", "mdmu-s69-28-01.npz": "B", "mdmu-s70-28-01.npz": "C", "mdmu-s71-28-00.npz": "C", "mdmu-s71-28-01.npz": "C", "mdmu-s72-28-00.npz": "C", "mdmu-s72-28-01.npz": "B", "mdmu-s73-28-00.npz": "C", "mdmu-s73-28-01.npz": "D", "mdmu-s74-28-00.npz": "A", "mdmu-s74-28-01.npz": "B", "mdmu-s75-28-00.npz": "D", "mdmu-s75-28-01.npz": "B", "mdmu-s76-28-00.npz": "D", "mdmu-s76-28-01.npz": "A", "mdmu-s77-28-00.npz": "B", "mdmu-s77-28-01.npz": "C", "mdmu-s78-28-00.npz": "B", "mdmu-s78-28-01.npz": "C", "mdmu-s79-28-00.npz": "A", "mdmu-s79-28-01.npz": "A", "mdmu-s80-28-01.npz": "B", "mdmu-s81-28-00.npz": "C", "mdmu-s81-28-01.npz": "D", "mdmu-s82-28-00.npz": "A", "mdmu-s82-28-01.npz": "A", "mdmu-s83-28-00.npz": "C", "mdmu-s83-28-01.npz": "A", "mdmu-s84-28-00.npz": "A", "mdmu-s84-28-01.npz": "C", "mdmu-s85-28-00.npz": "B", "mdmu-s85-28-01.npz": "B", "mdmu-s86-28-00.npz": "B", "mdmu-s86-28-01.npz": "A", "mdmu-s87-28-00.npz": "C", "mdmu-s87-28-01.npz": "B", "mdmu-s88-28-00.npz": "A", "mdmu-s88-28-01.npz": "C", "mdmu-s89-28-00.npz": "B", "mdmu-s89-28-01.npz": "D", "mdmu-s90-28-01.npz": "D", "mdmu-s91-28-00.npz": "D", "mdmu-s91-28-01.npz": "A", "mdmu-s92-28-00.npz": "B", "mdmu-s92-28-01.npz": "A", "mdmu-s93-28-00.npz": "C", "mdmu-s93-28-01.npz": "C", "mdmu-s94-28-00.npz": "D", "mdmu-s94-28-01.npz": "C", "mdmu-s95-28-00.npz": "A", "mdmu-s95-28-01.npz": "A", "mdmu-s96-28-00.npz": "A", "mdmu-s96-28-01.npz": "D", "mdmu-s97-28-00.npz": "B", "mdmu-s97-28-01.npz": "C", "mdmu-s98-28-00.npz": "A", "mdmu-s98-28-01.npz": "A", "mdmu-s99-28-00.npz": "D", "mdmu-s99-28-01.npz": "D"}