{
    "mdmu-s15-16-00.npz": "C",
    "mdmu-103-16-00.npz": "D",
    "mdmu-113-16-01.npz": "C",
    "mdmu-115-16-00.npz": "A",
    "mdmu-105-16-01.npz": "D",
    "mdmu-102-16-01.npz": "A",
    "mdmu-112-16-00.npz": "C",
    "mdmu-114-16-01.npz": "D",
    "mdmu-120-16-00.npz": "D",
    "mdmu-104-16-00.npz": "D",
    "mdmu-103-16-01.npz": "D",
    "mdmu-113-16-00.npz": "B",
    "mdmu-115-16-01.npz": "D",
    "mdmu-105-16-00.npz": "A",
    "mdmu-102-16-00.npz": "A",
    "mdmu-112-16-01.npz": "C",
    "mdmu-120-16-01.npz": "A",
    "mdmu-114-16-00.npz": "D",
    "mdmu-104-16-01.npz": "C",
    "mdmu-111-16-00.npz": "A",
    "mdmu-118-16-01.npz": "B",
    "mdmu-101-16-01.npz": "D",
    "mdmu-108-16-00.npz": "C",
    "mdmu-107-16-00.npz": "A",
    "mdmu-117-16-01.npz": "C",
    "mdmu-110-16-01.npz": "A",
    "mdmu-119-16-00.npz": "C",
    "mdmu-100-16-00.npz": "D",
    "mdmu-109-16-01.npz": "B",
    "mdmu-106-16-01.npz": "C",
    "mdmu-116-16-00.npz": "B",
    "mdmu-118-16-00.npz": "B",
    "mdmu-111-16-01.npz": "B",
    "mdmu-108-16-01.npz": "B",
    "mdmu-101-16-00.npz": "C",
    "mdmu-107-16-01.npz": "C",
    "mdmu-117-16-00.npz": "C",
    "mdmu-119-16-01.npz": "D",
    "mdmu-110-16-00.npz": "A",
    "mdmu-109-16-00.npz": "C",
    "mdmu-100-16-01.npz": "D",
    "mdmu-106-16-00.npz": "D",
    "mdmu-116-16-01.npz": "B"
}