{
    "mdmu-102-02-01.npz": "A",
    "mdmu-112-02-00.npz": "C",
    "mdmu-114-02-01.npz": "C",
    "mdmu-120-02-00.npz": "D",
    "mdmu-104-02-00.npz": "B",
    "mdmu-103-02-00.npz": "A",
    "mdmu-113-02-01.npz": "B",
    "mdmu-115-02-00.npz": "D",
    "mdmu-105-02-01.npz": "D",
    "mdmu-102-02-00.npz": "C",
    "mdmu-112-02-01.npz": "C",
    "mdmu-120-02-01.npz": "A",
    "mdmu-114-02-00.npz": "D",
    "mdmu-104-02-01.npz": "C",
    "mdmu-103-02-01.npz": "D",
    "mdmu-113-02-00.npz": "D",
    "mdmu-169-02-00.npz": "A",
    "mdmu-115-02-01.npz": "C",
    "mdmu-105-02-00.npz": "D",
    "mdmu-110-02-01.npz": "C",
    "mdmu-119-02-00.npz": "D",
    "mdmu-100-02-00.npz": "C",
    "mdmu-109-02-01.npz": "B",
    "mdmu-106-02-01.npz": "D",
    "mdmu-116-02-00.npz": "A",
    "mdmu-111-02-00.npz": "D",
    "mdmu-118-02-01.npz": "A",
    "mdmu-101-02-01.npz": "D",
    "mdmu-108-02-00.npz": "C",
    "mdmu-107-02-00.npz": "C",
    "mdmu-117-02-01.npz": "D",
    "mdmu-119-02-01.npz": "C",
    "mdmu-110-02-00.npz": "B",
    "mdmu-109-02-00.npz": "A",
    "mdmu-100-02-01.npz": "C",
    "mdmu-106-02-00.npz": "B",
    "mdmu-116-02-01.npz": "D",
    "mdmu-118-02-00.npz": "D",
    "mdmu-111-02-01.npz": "B",
    "mdmu-108-02-01.npz": "D",
    "mdmu-101-02-00.npz": "C",
    "mdmu-107-02-01.npz": "A",
    "mdmu-117-02-00.npz": "B"
}