{
    "mdmu-s35-26-00.npz": "A",
    "mdmu-114-26-01.npz": "A",
    "mdmu-104-26-00.npz": "B",
    "mdmu-102-26-01.npz": "A",
    "mdmu-112-26-00.npz": "B",
    "mdmu-115-26-00.npz": "C",
    "mdmu-105-26-01.npz": "A",
    "mdmu-144-26-00.npz": "A",
    "mdmu-103-26-00.npz": "A",
    "mdmu-113-26-01.npz": "C",
    "mdmu-114-26-00.npz": "A",
    "mdmu-104-26-01.npz": "B",
    "mdmu-102-26-00.npz": "D",
    "mdmu-112-26-01.npz": "C",
    "mdmu-115-26-01.npz": "A",
    "mdmu-105-26-00.npz": "C",
    "mdmu-103-26-01.npz": "B",
    "mdmu-113-26-00.npz": "C",
    "mdmu-106-26-01.npz": "D",
    "mdmu-116-26-00.npz": "D",
    "mdmu-110-26-01.npz": "D",
    "mdmu-119-26-00.npz": "D",
    "mdmu-100-26-00.npz": "A",
    "mdmu-109-26-01.npz": "A",
    "mdmu-107-26-00.npz": "D",
    "mdmu-117-26-01.npz": "A",
    "mdmu-111-26-00.npz": "A",
    "mdmu-118-26-01.npz": "B",
    "mdmu-101-26-01.npz": "A",
    "mdmu-108-26-00.npz": "D",
    "mdmu-106-26-00.npz": "D",
    "mdmu-116-26-01.npz": "A",
    "mdmu-119-26-01.npz": "B",
    "mdmu-110-26-00.npz": "D",
    "mdmu-109-26-00.npz": "A",
    "mdmu-100-26-01.npz": "A",
    "mdmu-107-26-01.npz": "C",
    "mdmu-117-26-00.npz": "A",
    "mdmu-118-26-00.npz": "D",
    "mdmu-111-26-01.npz": "A",
    "mdmu-108-26-01.npz": "B",
    "mdmu-101-26-00.npz": "A"
}