{
    "mdmu-s00-06-00.npz": "C",
    "mdmu-s00-06-01.npz": "allbad",
    "mdmu-s01-06-00.npz": "B",
    "mdmu-s01-06-01.npz": "C",
    "mdmu-s02-06-00.npz": "A",
    "mdmu-s03-06-00.npz": "A",
    "mdmu-s04-06-00.npz": "D",
    "mdmu-s04-06-01.npz": "C",
    "mdmu-s05-06-00.npz": "B",
    "mdmu-s05-06-01.npz": "D",
    "mdmu-s06-06-01.npz": "B",
    "mdmu-s07-06-00.npz": "B",
    "mdmu-s07-06-01.npz": "B",
    "mdmu-s08-06-00.npz": "C",
    "mdmu-s08-06-01.npz": "B",
    "mdmu-s09-06-00.npz": "A",
    "mdmu-s09-06-01.npz": "A",
    "mdmu-s10-06-01.npz": "C",
    "mdmu-s11-06-00.npz": "D",
    "mdmu-s11-06-01.npz": "B",
    "mdmu-s12-06-00.npz": "D",
    "mdmu-s12-06-01.npz": "D",
    "mdmu-s13-06-00.npz": "A",
    "mdmu-s13-06-01.npz": "C",
    "mdmu-s14-06-00.npz": "D",
    "mdmu-s14-06-01.npz": "D",
    "mdmu-s15-06-00.npz": "C",
    "mdmu-s15-06-01.npz": "C",
    "mdmu-s16-06-00.npz": "C",
    "mdmu-s17-06-00.npz": "D",
    "mdmu-s17-06-01.npz": "B",
    "mdmu-s18-06-00.npz": "B",
    "mdmu-s18-06-01.npz": "B",
    "mdmu-s19-06-00.npz": "A",
    "mdmu-s19-06-01.npz": "A",
    "mdmu-s20-06-00.npz": "A",
    "mdmu-s20-06-01.npz": "A",
    "mdmu-s21-06-00.npz": "D",
    "mdmu-s21-06-01.npz": "C",
    "mdmu-s22-06-00.npz": "A",
    "mdmu-s22-06-01.npz": "A",
    "mdmu-s23-06-00.npz": "D",
    "mdmu-s23-06-01.npz": "D",
    "mdmu-s24-06-00.npz": "A",
    "mdmu-s24-06-01.npz": "D",
    "mdmu-s25-06-00.npz": "D",
    "mdmu-s25-06-01.npz": "D",
    "mdmu-s26-06-00.npz": "A",
    "mdmu-s26-06-01.npz": "B",
    "mdmu-s27-06-00.npz": "B",
    "mdmu-s28-06-00.npz": "D",
    "mdmu-s28-06-01.npz": "A",
    "mdmu-s29-06-00.npz": "B",
    "mdmu-s29-06-01.npz": "A",
    "mdmu-s30-06-00.npz": "D",
    "mdmu-s30-06-01.npz": "B",
    "mdmu-s31-06-00.npz": "B",
    "mdmu-s31-06-01.npz": "D",
    "mdmu-s32-06-00.npz": "C",
    "mdmu-s32-06-01.npz": "A",
    "mdmu-s33-06-00.npz": "C",
    "mdmu-s33-06-01.npz": "A",
    "mdmu-s34-06-00.npz": "B",
    "mdmu-s34-06-01.npz": "B",
    "mdmu-s35-06-00.npz": "B",
    "mdmu-s35-06-01.npz": "D",
    "mdmu-s37-06-00.npz": "B",
    "mdmu-s37-06-01.npz": "C",
    "mdmu-s38-06-00.npz": "C",
    "mdmu-s38-06-01.npz": "A",
    "mdmu-s39-06-00.npz": "A",
    "mdmu-s39-06-01.npz": "C",
    "mdmu-s40-06-01.npz": "D",
    "mdmu-s41-06-00.npz": "D",
    "mdmu-s41-06-01.npz": "D",
    "mdmu-s42-06-00.npz": "A",
    "mdmu-s42-06-01.npz": "D",
    "mdmu-s43-06-00.npz": "C",
    "mdmu-s43-06-01.npz": "B",
    "mdmu-s44-06-00.npz": "C",
    "mdmu-s44-06-01.npz": "C",
    "mdmu-s45-06-00.npz": "D",
    "mdmu-s45-06-01.npz": "B",
    "mdmu-s46-06-00.npz": "B",
    "mdmu-s46-06-01.npz": "D",
    "mdmu-s47-06-00.npz": "A",
    "mdmu-s47-06-01.npz": "B",
    "mdmu-s48-06-00.npz": "D",
    "mdmu-s48-06-01.npz": "B",
    "mdmu-s49-06-00.npz": "C",
    "mdmu-s49-06-01.npz": "C",
    "mdmu-s50-06-01.npz": "A",
    "mdmu-s51-06-00.npz": "A",
    "mdmu-s51-06-01.npz": "B",
    "mdmu-s52-06-00.npz": "C",
    "mdmu-s52-06-01.npz": "A",
    "mdmu-s53-06-00.npz": "A",
    "mdmu-s53-06-01.npz": "D",
    "mdmu-s54-06-00.npz": "B",
    "mdmu-s54-06-01.npz": "B",
    "mdmu-s55-06-00.npz": "A",
    "mdmu-s55-06-01.npz": "D",
    "mdmu-s56-06-00.npz": "B",
    "mdmu-s56-06-01.npz": "B",
    "mdmu-s57-06-00.npz": "B",
    "mdmu-s57-06-01.npz": "B",
    "mdmu-s58-06-00.npz": "A",
    "mdmu-s58-06-01.npz": "B",
    "mdmu-s59-06-00.npz": "allbad",
    "mdmu-s59-06-01.npz": "B",
    "mdmu-s60-06-01.npz": "B",
    "mdmu-s61-06-00.npz": "A",
    "mdmu-s61-06-01.npz": "D",
    "mdmu-s62-06-00.npz": "B",
    "mdmu-s62-06-01.npz": "D",
    "mdmu-s63-06-00.npz": "C",
    "mdmu-s63-06-01.npz": "allbad",
    "mdmu-s64-06-00.npz": "D",
    "mdmu-s64-06-01.npz": "B",
    "mdmu-s65-06-00.npz": "B",
    "mdmu-s65-06-01.npz": "C",
    "mdmu-s66-06-00.npz": "D",
    "mdmu-s66-06-01.npz": "D",
    "mdmu-s67-06-00.npz": "B",
    "mdmu-s67-06-01.npz": "C",
    "mdmu-s68-06-00.npz": "B",
    "mdmu-s68-06-01.npz": "C",
    "mdmu-s69-06-00.npz": "A",
    "mdmu-s69-06-01.npz": "C",
    "mdmu-s70-06-01.npz": "B",
    "mdmu-s71-06-00.npz": "A",
    "mdmu-s71-06-01.npz": "A",
    "mdmu-s72-06-00.npz": "A",
    "mdmu-s72-06-01.npz": "B",
    "mdmu-s73-06-00.npz": "A",
    "mdmu-s73-06-01.npz": "A",
    "mdmu-s74-06-00.npz": "A",
    "mdmu-s74-06-01.npz": "B",
    "mdmu-s75-06-00.npz": "D",
    "mdmu-s75-06-01.npz": "A",
    "mdmu-s76-06-00.npz": "C",
    "mdmu-s76-06-01.npz": "A",
    "mdmu-s77-06-00.npz": "C",
    "mdmu-s77-06-01.npz": "A",
    "mdmu-s78-06-00.npz": "D",
    "mdmu-s78-06-01.npz": "D",
    "mdmu-s79-06-00.npz": "A",
    "mdmu-s79-06-01.npz": "D",
    "mdmu-s80-06-01.npz": "D",
    "mdmu-s81-06-00.npz": "A",
    "mdmu-s81-06-01.npz": "C",
    "mdmu-s82-06-00.npz": "D",
    "mdmu-s82-06-01.npz": "A",
    "mdmu-s83-06-00.npz": "B",
    "mdmu-s83-06-01.npz": "B",
    "mdmu-s84-06-00.npz": "A",
    "mdmu-s84-06-01.npz": "C",
    "mdmu-s85-06-00.npz": "B",
    "mdmu-s85-06-01.npz": "C",
    "mdmu-s86-06-00.npz": "C",
    "mdmu-s86-06-01.npz": "C",
    "mdmu-s87-06-00.npz": "B",
    "mdmu-s87-06-01.npz": "C",
    "mdmu-s88-06-00.npz": "A",
    "mdmu-s88-06-01.npz": "A",
    "mdmu-s89-06-00.npz": "A",
    "mdmu-s89-06-01.npz": "D",
    "mdmu-s90-06-01.npz": "B",
    "mdmu-s91-06-00.npz": "C",
    "mdmu-s91-06-01.npz": "A",
    "mdmu-s92-06-00.npz": "D",
    "mdmu-s92-06-01.npz": "C",
    "mdmu-s93-06-00.npz": "B",
    "mdmu-s93-06-01.npz": "A",
    "mdmu-s94-06-00.npz": "D",
    "mdmu-s94-06-01.npz": "B",
    "mdmu-s95-06-00.npz": "C",
    "mdmu-s95-06-01.npz": "C",
    "mdmu-s96-06-00.npz": "B",
    "mdmu-s96-06-01.npz": "C",
    "mdmu-s97-06-00.npz": "D",
    "mdmu-s97-06-01.npz": "B",
    "mdmu-s98-06-00.npz": "A",
    "mdmu-s98-06-01.npz": "A",
    "mdmu-s99-06-00.npz": "D",
    "mdmu-s99-06-01.npz": "A"
}