{
    "mdma-120-08-01.npz": "D",
    "mdma-149-08-04.npz": "C",
    "mdma-153-08-00.npz": "D",
    "mdma-158-08-02.npz": "D",
    "mdma-186-08-01.npz": "D",
    "mdma-116-08-03.npz": "A",
    "mdma-122-08-02.npz": "B",
    "mdma-129-08-00.npz": "D",
    "mdma-133-08-04.npz": "D",
    "mdma-151-08-03.npz": "B",
    "mdma-184-08-02.npz": "B",
    "mdma-114-08-00.npz": "D",
    "mdma-195-08-04.npz": "A",
    "mdma-130-08-00.npz": "D",
    "mdma-117-08-04.npz": "D",
    "mdma-106-08-02.npz": "D",
    "mdma-148-08-03.npz": "A",
    "mdma-143-08-01.npz": "B",
    "mdma-196-08-00.npz": "A",
    "mdma-139-08-01.npz": "B",
    "mdma-132-08-03.npz": "C",
    "mdma-104-08-01.npz": "B",
    "mdma-141-08-02.npz": "D",
    "mdma-194-08-03.npz": "D",
    "mdma-150-08-04.npz": "A",
    "mdma-118-08-04.npz": "A",
    "mdma-183-08-04.npz": "B",
    "mdma-199-08-00.npz": "C",
    "mdma-192-08-02.npz": "C",
    "mdma-147-08-03.npz": "A",
    "mdma-109-08-02.npz": "B",
    "mdma-102-08-00.npz": "D",
    "mdma-125-08-04.npz": "D",
    "mdma-134-08-02.npz": "A",
    "mdma-190-08-01.npz": "C",
    "mdma-145-08-00.npz": "A",
    "mdma-100-08-03.npz": "B",
    "mdma-136-08-01.npz": "B",
    "mdma-146-08-04.npz": "D",
    "mdma-112-08-01.npz": "D",
    "mdma-119-08-03.npz": "A",
    "mdma-182-08-03.npz": "D",
    "mdma-189-08-01.npz": "C",
    "mdma-157-08-02.npz": "C",
    "mdma-124-08-03.npz": "D",
    "mdma-110-08-02.npz": "B",
    "mdma-180-08-00.npz": "C",
    "mdma-155-08-01.npz": "A",
    "mdma-101-08-04.npz": "D",
    "mdma-126-08-00.npz": "C",
    "mdma-121-08-00.npz": "B",
    "mdma-106-08-04.npz": "B",
    "mdma-152-08-01.npz": "C",
    "mdma-159-08-03.npz": "A",
    "mdma-187-08-00.npz": "A",
    "mdma-117-08-02.npz": "D",
    "mdma-123-08-03.npz": "A",
    "mdma-128-08-01.npz": "A",
    "mdma-150-08-02.npz": "C",
    "mdma-185-08-03.npz": "D",
    "mdma-115-08-01.npz": "B",
    "mdma-141-08-04.npz": "C",
    "mdma-131-08-01.npz": "B",
    "mdma-158-08-04.npz": "C",
    "mdma-107-08-03.npz": "D",
    "mdma-149-08-02.npz": "D",
    "mdma-142-08-00.npz": "C",
    "mdma-197-08-01.npz": "B",
    "mdma-138-08-00.npz": "C",
    "mdma-133-08-02.npz": "A",
    "mdma-122-08-04.npz": "A",
    "mdma-105-08-00.npz": "A",
    "mdma-140-08-03.npz": "C",
    "mdma-195-08-02.npz": "A",
    "mdma-184-08-04.npz": "C",
    "mdma-157-08-04.npz": "A",
    "mdma-198-08-01.npz": "B",
    "mdma-193-08-03.npz": "D",
    "mdma-146-08-02.npz": "D",
    "mdma-108-08-03.npz": "C",
    "mdma-103-08-01.npz": "C",
    "mdma-135-08-03.npz": "A",
    "mdma-191-08-00.npz": "B",
    "mdma-144-08-01.npz": "B",
    "mdma-101-08-02.npz": "C",
    "mdma-110-08-04.npz": "D",
    "mdma-137-08-00.npz": "B",
    "mdma-192-08-04.npz": "B",
    "mdma-109-08-04.npz": "D",
    "mdma-113-08-00.npz": "A",
    "mdma-118-08-02.npz": "C",
    "mdma-183-08-02.npz": "B",
    "mdma-188-08-00.npz": "B",
    "mdma-156-08-03.npz": "C",
    "mdma-134-08-04.npz": "C",
    "mdma-125-08-02.npz": "D",
    "mdma-111-08-03.npz": "B",
    "mdma-181-08-01.npz": "A",
    "mdma-154-08-00.npz": "D",
    "mdma-127-08-01.npz": "C",
    "mdma-129-08-01.npz": "B",
    "mdma-122-08-03.npz": "C",
    "mdma-140-08-04.npz": "D",
    "mdma-151-08-02.npz": "D",
    "mdma-184-08-03.npz": "C",
    "mdma-114-08-01.npz": "A",
    "mdma-120-08-00.npz": "A",
    "mdma-158-08-03.npz": "D",
    "mdma-153-08-01.npz": "D",
    "mdma-186-08-00.npz": "D",
    "mdma-116-08-02.npz": "C",
    "mdma-107-08-04.npz": "B",
    "mdma-123-08-04.npz": "A",
    "mdma-132-08-02.npz": "B",
    "mdma-139-08-00.npz": "C",
    "mdma-185-08-04.npz": "D",
    "mdma-104-08-00.npz": "A",
    "mdma-141-08-03.npz": "A",
    "mdma-194-08-02.npz": "C",
    "mdma-130-08-01.npz": "B",
    "mdma-106-08-03.npz": "D",
    "mdma-143-08-00.npz": "D",
    "mdma-148-08-02.npz": "A",
    "mdma-196-08-01.npz": "D",
    "mdma-159-08-04.npz": "C",
    "mdma-111-08-04.npz": "C",
    "mdma-190-08-00.npz": "B",
    "mdma-145-08-01.npz": "A",
    "mdma-100-08-02.npz": "A",
    "mdma-136-08-00.npz": "A",
    "mdma-192-08-03.npz": "B",
    "mdma-199-08-01.npz": "A",
    "mdma-147-08-02.npz": "C",
    "mdma-102-08-01.npz": "D",
    "mdma-109-08-03.npz": "B",
    "mdma-156-08-04.npz": "D",
    "mdma-134-08-03.npz": "A",
    "mdma-110-08-03.npz": "D",
    "mdma-180-08-01.npz": "D",
    "mdma-155-08-00.npz": "A",
    "mdma-126-08-01.npz": "B",
    "mdma-119-08-02.npz": "D",
    "mdma-112-08-00.npz": "A",
    "mdma-189-08-00.npz": "B",
    "mdma-182-08-02.npz": "C",
    "mdma-157-08-03.npz": "A",
    "mdma-193-08-04.npz": "B",
    "mdma-108-08-04.npz": "D",
    "mdma-124-08-02.npz": "B",
    "mdma-135-08-04.npz": "B",
    "mdma-132-08-04.npz": "B",
    "mdma-128-08-00.npz": "B",
    "mdma-123-08-02.npz": "C",
    "mdma-194-08-04.npz": "A",
    "mdma-150-08-03.npz": "D",
    "mdma-185-08-02.npz": "B",
    "mdma-115-08-00.npz": "A",
    "mdma-121-08-01.npz": "A",
    "mdma-159-08-02.npz": "D",
    "mdma-152-08-00.npz": "D",
    "mdma-187-08-01.npz": "B",
    "mdma-117-08-03.npz": "C",
    "mdma-148-08-04.npz": "D",
    "mdma-133-08-03.npz": "B",
    "mdma-138-08-01.npz": "D",
    "mdma-151-08-04.npz": "D",
    "mdma-105-08-01.npz": "B",
    "mdma-140-08-02.npz": "A",
    "mdma-195-08-03.npz": "C",
    "mdma-131-08-00.npz": "A",
    "mdma-107-08-02.npz": "A",
    "mdma-142-08-01.npz": "A",
    "mdma-149-08-03.npz": "D",
    "mdma-197-08-00.npz": "A",
    "mdma-116-08-04.npz": "D",
    "mdma-191-08-01.npz": "A",
    "mdma-144-08-00.npz": "A",
    "mdma-101-08-03.npz": "D",
    "mdma-137-08-01.npz": "A",
    "mdma-193-08-02.npz": "A",
    "mdma-198-08-00.npz": "B",
    "mdma-146-08-03.npz": "B",
    "mdma-103-08-00.npz": "A",
    "mdma-108-08-02.npz": "A",
    "mdma-119-08-04.npz": "C",
    "mdma-182-08-04.npz": "A",
    "mdma-135-08-02.npz": "A",
    "mdma-124-08-04.npz": "B",
    "mdma-100-08-04.npz": "A",
    "mdma-111-08-02.npz": "A",
    "mdma-181-08-00.npz": "C",
    "mdma-154-08-01.npz": "A",
    "mdma-127-08-00.npz": "A",
    "mdma-118-08-03.npz": "D",
    "mdma-113-08-01.npz": "D",
    "mdma-188-08-01.npz": "B",
    "mdma-183-08-03.npz": "D",
    "mdma-156-08-02.npz": "B",
    "mdma-147-08-04.npz": "B",
    "mdma-125-08-03.npz": "A",
    "mdma-187-08-04.npz": "D",
    "mdma-106-08-00.npz": "C",
    "mdma-196-08-02.npz": "A",
    "mdma-148-08-01.npz": "B",
    "mdma-143-08-03.npz": "A",
    "mdma-121-08-04.npz": "B",
    "mdma-130-08-02.npz": "A",
    "mdma-104-08-03.npz": "C",
    "mdma-194-08-01.npz": "D",
    "mdma-141-08-00.npz": "D",
    "mdma-139-08-03.npz": "C",
    "mdma-132-08-01.npz": "B",
    "mdma-142-08-04.npz": "D",
    "mdma-186-08-03.npz": "B",
    "mdma-153-08-02.npz": "A",
    "mdma-158-08-00.npz": "A",
    "mdma-116-08-01.npz": "A",
    "mdma-120-08-03.npz": "B",
    "mdma-184-08-00.npz": "D",
    "mdma-151-08-01.npz": "B",
    "mdma-114-08-02.npz": "B",
    "mdma-105-08-04.npz": "D",
    "mdma-122-08-00.npz": "C",
    "mdma-129-08-02.npz": "A",
    "mdma-138-08-04.npz": "A",
    "mdma-124-08-01.npz": "B",
    "mdma-112-08-03.npz": "A",
    "mdma-119-08-01.npz": "B",
    "mdma-157-08-00.npz": "B",
    "mdma-182-08-01.npz": "C",
    "mdma-189-08-03.npz": "A",
    "mdma-126-08-02.npz": "A",
    "mdma-137-08-04.npz": "A",
    "mdma-110-08-00.npz": "A",
    "mdma-155-08-03.npz": "A",
    "mdma-180-08-02.npz": "C",
    "mdma-191-08-04.npz": "C",
    "mdma-134-08-00.npz": "D",
    "mdma-113-08-04.npz": "C",
    "mdma-188-08-04.npz": "A",
    "mdma-147-08-01.npz": "A",
    "mdma-199-08-02.npz": "A",
    "mdma-192-08-00.npz": "D",
    "mdma-109-08-00.npz": "B",
    "mdma-102-08-02.npz": "B",
    "mdma-136-08-03.npz": "B",
    "mdma-145-08-02.npz": "D",
    "mdma-190-08-03.npz": "B",
    "mdma-100-08-01.npz": "A",
    "mdma-154-08-04.npz": "A",
    "mdma-153-08-04.npz": "A",
    "mdma-107-08-01.npz": "C",
    "mdma-197-08-03.npz": "D",
    "mdma-149-08-00.npz": "A",
    "mdma-142-08-02.npz": "C",
    "mdma-131-08-03.npz": "C",
    "mdma-105-08-02.npz": "D",
    "mdma-195-08-00.npz": "A",
    "mdma-140-08-01.npz": "B",
    "mdma-114-08-04.npz": "B",
    "mdma-138-08-02.npz": "D",
    "mdma-133-08-00.npz": "D",
    "mdma-129-08-04.npz": "A",
    "mdma-196-08-04.npz": "B",
    "mdma-187-08-02.npz": "B",
    "mdma-152-08-03.npz": "A",
    "mdma-159-08-01.npz": "C",
    "mdma-117-08-00.npz": "D",
    "mdma-130-08-04.npz": "B",
    "mdma-121-08-02.npz": "D",
    "mdma-185-08-01.npz": "D",
    "mdma-150-08-00.npz": "C",
    "mdma-115-08-03.npz": "A",
    "mdma-123-08-01.npz": "D",
    "mdma-128-08-03.npz": "B",
    "mdma-125-08-00.npz": "A",
    "mdma-199-08-04.npz": "B",
    "mdma-102-08-04.npz": "C",
    "mdma-113-08-02.npz": "D",
    "mdma-118-08-00.npz": "D",
    "mdma-156-08-01.npz": "D",
    "mdma-183-08-00.npz": "B",
    "mdma-188-08-02.npz": "A",
    "mdma-127-08-03.npz": "A",
    "mdma-111-08-01.npz": "D",
    "mdma-154-08-02.npz": "A",
    "mdma-181-08-03.npz": "B",
    "mdma-145-08-04.npz": "B",
    "mdma-135-08-01.npz": "D",
    "mdma-146-08-00.npz": "C",
    "mdma-198-08-03.npz": "A",
    "mdma-193-08-01.npz": "A",
    "mdma-108-08-01.npz": "A",
    "mdma-103-08-03.npz": "B",
    "mdma-137-08-02.npz": "A",
    "mdma-126-08-04.npz": "B",
    "mdma-144-08-03.npz": "A",
    "mdma-191-08-02.npz": "A",
    "mdma-101-08-00.npz": "D",
    "mdma-180-08-04.npz": "B",
    "mdma-115-08-04.npz": "D",
    "mdma-104-08-02.npz": "B",
    "mdma-194-08-00.npz": "A",
    "mdma-141-08-01.npz": "A",
    "mdma-128-08-04.npz": "A",
    "mdma-132-08-00.npz": "A",
    "mdma-139-08-02.npz": "C",
    "mdma-106-08-01.npz": "C",
    "mdma-196-08-03.npz": "A",
    "mdma-143-08-02.npz": "A",
    "mdma-148-08-00.npz": "D",
    "mdma-152-08-04.npz": "B",
    "mdma-130-08-03.npz": "B",
    "mdma-184-08-01.npz": "B",
    "mdma-151-08-00.npz": "A",
    "mdma-114-08-03.npz": "D",
    "mdma-129-08-03.npz": "C",
    "mdma-122-08-01.npz": "D",
    "mdma-186-08-02.npz": "D",
    "mdma-158-08-01.npz": "A",
    "mdma-153-08-03.npz": "A",
    "mdma-116-08-00.npz": "A",
    "mdma-197-08-04.npz": "C",
    "mdma-120-08-02.npz": "B",
    "mdma-131-08-04.npz": "D",
    "mdma-126-08-03.npz": "A",
    "mdma-144-08-04.npz": "C",
    "mdma-110-08-01.npz": "A",
    "mdma-155-08-02.npz": "D",
    "mdma-180-08-03.npz": "C",
    "mdma-124-08-00.npz": "C",
    "mdma-119-08-00.npz": "B",
    "mdma-112-08-02.npz": "B",
    "mdma-157-08-01.npz": "C",
    "mdma-189-08-02.npz": "C",
    "mdma-182-08-00.npz": "C",
    "mdma-198-08-04.npz": "A",
    "mdma-103-08-04.npz": "C",
    "mdma-127-08-04.npz": "B",
    "mdma-136-08-02.npz": "B",
    "mdma-181-08-04.npz": "C",
    "mdma-145-08-03.npz": "D",
    "mdma-190-08-02.npz": "A",
    "mdma-100-08-00.npz": "B",
    "mdma-134-08-01.npz": "B",
    "mdma-147-08-00.npz": "A",
    "mdma-192-08-01.npz": "D",
    "mdma-199-08-03.npz": "C",
    "mdma-102-08-03.npz": "B",
    "mdma-109-08-01.npz": "A",
    "mdma-105-08-03.npz": "A",
    "mdma-195-08-01.npz": "B",
    "mdma-140-08-00.npz": "B",
    "mdma-133-08-01.npz": "A",
    "mdma-138-08-03.npz": "D",
    "mdma-107-08-00.npz": "D",
    "mdma-197-08-02.npz": "C",
    "mdma-142-08-03.npz": "A",
    "mdma-149-08-01.npz": "B",
    "mdma-186-08-04.npz": "A",
    "mdma-131-08-02.npz": "D",
    "mdma-120-08-04.npz": "B",
    "mdma-104-08-04.npz": "B",
    "mdma-185-08-00.npz": "B",
    "mdma-150-08-01.npz": "A",
    "mdma-115-08-02.npz": "C",
    "mdma-139-08-04.npz": "A",
    "mdma-128-08-02.npz": "B",
    "mdma-123-08-00.npz": "A",
    "mdma-187-08-03.npz": "B",
    "mdma-159-08-00.npz": "B",
    "mdma-152-08-02.npz": "A",
    "mdma-117-08-01.npz": "A",
    "mdma-143-08-04.npz": "D",
    "mdma-121-08-03.npz": "B",
    "mdma-136-08-04.npz": "A",
    "mdma-127-08-02.npz": "C",
    "mdma-190-08-04.npz": "C",
    "mdma-111-08-00.npz": "D",
    "mdma-154-08-03.npz": "A",
    "mdma-181-08-02.npz": "A",
    "mdma-125-08-01.npz": "A",
    "mdma-118-08-01.npz": "B",
    "mdma-113-08-03.npz": "C",
    "mdma-156-08-00.npz": "B",
    "mdma-188-08-03.npz": "C",
    "mdma-183-08-01.npz": "B",
    "mdma-137-08-03.npz": "B",
    "mdma-155-08-04.npz": "C",
    "mdma-144-08-02.npz": "C",
    "mdma-191-08-03.npz": "B",
    "mdma-101-08-01.npz": "A",
    "mdma-135-08-00.npz": "A",
    "mdma-146-08-01.npz": "C",
    "mdma-193-08-00.npz": "B",
    "mdma-198-08-02.npz": "B",
    "mdma-103-08-02.npz": "B",
    "mdma-108-08-00.npz": "A",
    "mdma-112-08-04.npz": "D",
    "mdma-189-08-04.npz": "D"
}