{
    "mdmu-115-35-00.npz": "D",
    "mdmu-105-35-01.npz": "C",
    "mdmu-103-35-00.npz": "D",
    "mdmu-113-35-01.npz": "C",
    "mdmu-114-35-01.npz": "B",
    "mdmu-104-35-00.npz": "D",
    "mdmu-102-35-01.npz": "B",
    "mdmu-112-35-00.npz": "B",
    "mdmu-115-35-01.npz": "C",
    "mdmu-105-35-00.npz": "C",
    "mdmu-103-35-01.npz": "B",
    "mdmu-113-35-00.npz": "C",
    "mdmu-114-35-00.npz": "C",
    "mdmu-104-35-01.npz": "D",
    "mdmu-102-35-00.npz": "D",
    "mdmu-112-35-01.npz": "C",
    "mdmu-107-35-00.npz": "D",
    "mdmu-117-35-01.npz": "A",
    "mdmu-111-35-00.npz": "A",
    "mdmu-118-35-01.npz": "D",
    "mdmu-101-35-01.npz": "A",
    "mdmu-108-35-00.npz": "C",
    "mdmu-106-35-01.npz": "B",
    "mdmu-116-35-00.npz": "C",
    "mdmu-110-35-01.npz": "A",
    "mdmu-119-35-00.npz": "A",
    "mdmu-100-35-00.npz": "B",
    "mdmu-109-35-01.npz": "C",
    "mdmu-107-35-01.npz": "B",
    "mdmu-117-35-00.npz": "C",
    "mdmu-118-35-00.npz": "B",
    "mdmu-111-35-01.npz": "C",
    "mdmu-108-35-01.npz": "D",
    "mdmu-101-35-00.npz": "A",
    "mdmu-106-35-00.npz": "D",
    "mdmu-116-35-01.npz": "C",
    "mdmu-119-35-01.npz": "D",
    "mdmu-110-35-00.npz": "B",
    "mdmu-109-35-00.npz": "D",
    "mdmu-100-35-01.npz": "B"
}