{"mdmu-s00-01-00.npz": "B", "mdmu-s00-01-01.npz": "A", "mdmu-s01-01-00.npz": "B", "mdmu-s01-01-01.npz": "B", "mdmu-s02-01-01.npz": "B", "mdmu-s03-01-00.npz": "C", "mdmu-s03-01-01.npz": "A", "mdmu-s04-01-00.npz": "C", "mdmu-s04-01-01.npz": "D", "mdmu-s05-01-00.npz": "C", "mdmu-s05-01-01.npz": "D", "mdmu-s06-01-00.npz": "B", "mdmu-s06-01-01.npz": "A", "mdmu-s07-01-00.npz": "B", "mdmu-s07-01-01.npz": "B", "mdmu-s08-01-00.npz": "D", "mdmu-s08-01-01.npz": "C", "mdmu-s09-01-00.npz": "C", "mdmu-s09-01-01.npz": "A", "mdmu-s10-01-00.npz": "D", "mdmu-s10-01-01.npz": "B", "mdmu-s11-01-00.npz": "C", "mdmu-s12-01-00.npz": "A", "mdmu-s12-01-01.npz": "A", "mdmu-s13-01-00.npz": "A", "mdmu-s13-01-01.npz": "B", "mdmu-s14-01-00.npz": "D", "mdmu-s14-01-01.npz": "A", "mdmu-s15-01-00.npz": "B", "mdmu-s15-01-01.npz": "D", "mdmu-s16-01-00.npz": "B", "mdmu-s16-01-01.npz": "A", "mdmu-s17-01-00.npz": "C", "mdmu-s17-01-01.npz": "C", "mdmu-s18-01-00.npz": "C", "mdmu-s18-01-01.npz": "D", "mdmu-s19-01-00.npz": "B", "mdmu-s20-01-00.npz": "A", "mdmu-s20-01-01.npz": "C", "mdmu-s21-01-00.npz": "C", "mdmu-s21-01-01.npz": "C", "mdmu-s22-01-00.npz": "B", "mdmu-s22-01-01.npz": "C", "mdmu-s23-01-00.npz": "A", "mdmu-s23-01-01.npz": "A", "mdmu-s24-01-00.npz": "A", "mdmu-s24-01-01.npz": "D", "mdmu-s25-01-00.npz": "B", "mdmu-s25-01-01.npz": "A", "mdmu-s26-01-00.npz": "C", "mdmu-s26-01-01.npz": "C", "mdmu-s27-01-00.npz": "B", "mdmu-s27-01-01.npz": "B", "mdmu-s28-01-00.npz": "C", "mdmu-s28-01-01.npz": "B", "mdmu-s29-01-00.npz": "B", "mdmu-s29-01-01.npz": "B", "mdmu-s30-01-00.npz": "A", "mdmu-s30-01-01.npz": "D", "mdmu-s31-01-00.npz": "A", "mdmu-s31-01-01.npz": "B", "mdmu-s32-01-00.npz": "C", "mdmu-s32-01-01.npz": "A", "mdmu-s33-01-00.npz": "D", "mdmu-s33-01-01.npz": "C", "mdmu-s34-01-00.npz": "B", "mdmu-s34-01-01.npz": "A", "mdmu-s35-01-00.npz": "D", "mdmu-s35-01-01.npz": "D", "mdmu-s36-01-00.npz": "C", "mdmu-s36-01-01.npz": "C", "mdmu-s37-01-00.npz": "D", "mdmu-s37-01-01.npz": "D", "mdmu-s38-01-00.npz": "D", "mdmu-s38-01-01.npz": "C", "mdmu-s39-01-00.npz": "C", "mdmu-s39-01-01.npz": "C", "mdmu-s40-01-01.npz": "D", "mdmu-s41-01-00.npz": "D", "mdmu-s41-01-01.npz": "A", "mdmu-s42-01-00.npz": "A", "mdmu-s42-01-01.npz": "C", "mdmu-s43-01-00.npz": "C", "mdmu-s43-01-01.npz": "A", "mdmu-s44-01-00.npz": "C", "mdmu-s44-01-01.npz": "B", "mdmu-s45-01-00.npz": "A", "mdmu-s45-01-01.npz": "A", "mdmu-s46-01-00.npz": "D", "mdmu-s46-01-01.npz": "D", "mdmu-s47-01-00.npz": "D", "mdmu-s47-01-01.npz": "D", "mdmu-s48-01-00.npz": "D", "mdmu-s48-01-01.npz": "D", "mdmu-s49-01-00.npz": "D", "mdmu-s49-01-01.npz": "D", "mdmu-s50-01-01.npz": "B", "mdmu-s51-01-00.npz": "D", "mdmu-s51-01-01.npz": "A", "mdmu-s52-01-00.npz": "A", "mdmu-s52-01-01.npz": "A", "mdmu-s53-01-00.npz": "B", "mdmu-s53-01-01.npz": "C", "mdmu-s54-01-00.npz": "C", "mdmu-s54-01-01.npz": "C", "mdmu-s55-01-00.npz": "B", "mdmu-s55-01-01.npz": "B", "mdmu-s56-01-00.npz": "A", "mdmu-s56-01-01.npz": "A", "mdmu-s57-01-00.npz": "B", "mdmu-s57-01-01.npz": "B", "mdmu-s58-01-00.npz": "D", "mdmu-s58-01-01.npz": "C", "mdmu-s59-01-00.npz": "D", "mdmu-s59-01-01.npz": "B", "mdmu-s60-01-01.npz": "D", "mdmu-s61-01-00.npz": "D", "mdmu-s61-01-01.npz": "C", "mdmu-s62-01-00.npz": "B", "mdmu-s62-01-01.npz": "A", "mdmu-s63-01-00.npz": "D", "mdmu-s63-01-01.npz": "A", "mdmu-s64-01-00.npz": "D", "mdmu-s64-01-01.npz": "C", "mdmu-s65-01-00.npz": "A", "mdmu-s65-01-01.npz": "A", "mdmu-s66-01-00.npz": "B", "mdmu-s66-01-01.npz": "D", "mdmu-s67-01-00.npz": "D", "mdmu-s67-01-01.npz": "D", "mdmu-s68-01-00.npz": "B", "mdmu-s68-01-01.npz": "B", "mdmu-s69-01-00.npz": "C", "mdmu-s69-01-01.npz": "B", "mdmu-s70-01-01.npz": "A", "mdmu-s71-01-00.npz": "A", "mdmu-s71-01-01.npz": "C", "mdmu-s72-01-00.npz": "C", "mdmu-s72-01-01.npz": "C", "mdmu-s73-01-00.npz": "A", "mdmu-s73-01-01.npz": "D", "mdmu-s74-01-00.npz": "B", "mdmu-s74-01-01.npz": "B", "mdmu-s75-01-00.npz": "B", "mdmu-s75-01-01.npz": "C", "mdmu-s76-01-00.npz": "D", "mdmu-s76-01-01.npz": "C", "mdmu-s77-01-00.npz": "D", "mdmu-s77-01-01.npz": "C", "mdmu-s78-01-00.npz": "A", "mdmu-s78-01-01.npz": "B", "mdmu-s79-01-00.npz": "A", "mdmu-s79-01-01.npz": "B", "mdmu-s80-01-01.npz": "B", "mdmu-s81-01-00.npz": "D", "mdmu-s81-01-01.npz": "B", "mdmu-s82-01-00.npz": "C", "mdmu-s82-01-01.npz": "D", "mdmu-s83-01-00.npz": "C", "mdmu-s83-01-01.npz": "D", "mdmu-s84-01-00.npz": "B", "mdmu-s84-01-01.npz": "A", "mdmu-s85-01-00.npz": "C", "mdmu-s85-01-01.npz": "D", "mdmu-s86-01-00.npz": "C", "mdmu-s86-01-01.npz": "B", "mdmu-s87-01-00.npz": "B", "mdmu-s87-01-01.npz": "A", "mdmu-s88-01-00.npz": "A", "mdmu-s88-01-01.npz": "C", "mdmu-s89-01-00.npz": "C", "mdmu-s89-01-01.npz": "C", "mdmu-s90-01-01.npz": "B", "mdmu-s91-01-00.npz": "D", "mdmu-s91-01-01.npz": "B", "mdmu-s92-01-00.npz": "C", "mdmu-s92-01-01.npz": "D", "mdmu-s93-01-00.npz": "C", "mdmu-s93-01-01.npz": "B", "mdmu-s94-01-00.npz": "C", "mdmu-s94-01-01.npz": "B", "mdmu-s95-01-00.npz": "B", "mdmu-s95-01-01.npz": "D", "mdmu-s96-01-00.npz": "D", "mdmu-s96-01-01.npz": "D", "mdmu-s97-01-00.npz": "B", "mdmu-s97-01-01.npz": "B", "mdmu-s98-01-00.npz": "A", "mdmu-s98-01-01.npz": "D", "mdmu-s99-01-00.npz": "A", "mdmu-s99-01-01.npz": "C"}