{
    "mdmu-s03-27-00.npz": "B",
    "mdmu-s44-27-01.npz": "A",
    "mdmu-s82-27-00.npz": "C",
    "mdmu-s41-27-01.npz": "D",
    "mdmu-s22-27-00.npz": "A",
    "mdmu-s11-27-01.npz": "D",
    "mdmu-s40-27-01.npz": "A",
    "mdmu-105-27-01.npz": "A",
    "mdmu-142-27-01.npz": "A",
    "mdmu-115-27-00.npz": "D",
    "mdmu-113-27-01.npz": "C",
    "mdmu-198-27-00.npz": "B",
    "mdmu-103-27-00.npz": "A",
    "mdmu-104-27-00.npz": "A",
    "mdmu-114-27-01.npz": "A",
    "mdmu-112-27-00.npz": "C",
    "mdmu-102-27-01.npz": "C",
    "mdmu-105-27-00.npz": "D",
    "mdmu-115-27-01.npz": "C",
    "mdmu-160-27-01.npz": "B",
    "mdmu-113-27-00.npz": "D",
    "mdmu-103-27-01.npz": "A",
    "mdmu-104-27-01.npz": "B",
    "mdmu-153-27-00.npz": "A",
    "mdmu-114-27-00.npz": "A",
    "mdmu-112-27-01.npz": "A",
    "mdmu-102-27-00.npz": "A",
    "mdmu-117-27-01.npz": "C",
    "mdmu-107-27-00.npz": "D",
    "mdmu-101-27-01.npz": "C",
    "mdmu-108-27-00.npz": "A",
    "mdmu-111-27-00.npz": "A",
    "mdmu-118-27-01.npz": "B",
    "mdmu-122-27-01.npz": "D",
    "mdmu-116-27-00.npz": "A",
    "mdmu-106-27-01.npz": "C",
    "mdmu-100-27-00.npz": "C",
    "mdmu-147-27-00.npz": "A",
    "mdmu-109-27-01.npz": "C",
    "mdmu-110-27-01.npz": "B",
    "mdmu-119-27-00.npz": "C",
    "mdmu-124-27-00.npz": "B",
    "mdmu-117-27-00.npz": "C",
    "mdmu-107-27-01.npz": "B",
    "mdmu-193-27-01.npz": "A",
    "mdmu-108-27-01.npz": "C",
    "mdmu-101-27-00.npz": "A",
    "mdmu-118-27-00.npz": "B",
    "mdmu-111-27-01.npz": "A",
    "mdmu-116-27-01.npz": "C",
    "mdmu-106-27-00.npz": "B",
    "mdmu-109-27-00.npz": "D",
    "mdmu-100-27-01.npz": "allbad",
    "mdmu-119-27-01.npz": "D",
    "mdmu-110-27-00.npz": "A"
}