{
    "mdmu-s00-21-00.npz": "A",
    "mdmu-s01-21-01.npz": "C",
    "mdmu-s02-21-00.npz": "B",
    "mdmu-s03-21-00.npz": "B",
    "mdmu-s03-21-01.npz": "B",
    "mdmu-s04-21-01.npz": "C",
    "mdmu-s05-21-01.npz": "B",
    "mdmu-s06-21-00.npz": "B",
    "mdmu-s06-21-01.npz": "C",
    "mdmu-s07-21-00.npz": "B",
    "mdmu-s07-21-01.npz": "C",
    "mdmu-s08-21-00.npz": "A",
    "mdmu-s08-21-01.npz": "B",
    "mdmu-s09-21-00.npz": "B",
    "mdmu-s10-21-00.npz": "C",
    "mdmu-s10-21-01.npz": "C",
    "mdmu-s11-21-00.npz": "C",
    "mdmu-s11-21-01.npz": "B",
    "mdmu-s12-21-00.npz": "B",
    "mdmu-s12-21-01.npz": "A",
    "mdmu-s13-21-00.npz": "A",
    "mdmu-s13-21-01.npz": "B",
    "mdmu-s14-21-00.npz": "C",
    "mdmu-s14-21-01.npz": "A",
    "mdmu-s15-21-00.npz": "D",
    "mdmu-s15-21-01.npz": "C",
    "mdmu-s16-21-00.npz": "D",
    "mdmu-s16-21-01.npz": "A",
    "mdmu-s17-21-00.npz": "C",
    "mdmu-s17-21-01.npz": "A",
    "mdmu-s18-21-00.npz": "C",
    "mdmu-s18-21-01.npz": "C",
    "mdmu-s19-21-00.npz": "C",
    "mdmu-s19-21-01.npz": "D",
    "mdmu-s20-21-00.npz": "B",
    "mdmu-s20-21-01.npz": "B",
    "mdmu-s21-21-00.npz": "D",
    "mdmu-s21-21-01.npz": "B",
    "mdmu-s22-21-00.npz": "D",
    "mdmu-s22-21-01.npz": "B",
    "mdmu-s23-21-00.npz": "A",
    "mdmu-s23-21-01.npz": "C",
    "mdmu-s24-21-00.npz": "D",
    "mdmu-s24-21-01.npz": "D",
    "mdmu-s25-21-00.npz": "C",
    "mdmu-s25-21-01.npz": "A",
    "mdmu-s26-21-00.npz": "A",
    "mdmu-s26-21-01.npz": "D",
    "mdmu-s27-21-00.npz": "C",
    "mdmu-s27-21-01.npz": "D",
    "mdmu-s28-21-00.npz": "D",
    "mdmu-s28-21-01.npz": "B",
    "mdmu-s29-21-00.npz": "C",
    "mdmu-s29-21-01.npz": "C",
    "mdmu-s30-21-00.npz": "D",
    "mdmu-s30-21-01.npz": "A",
    "mdmu-s31-21-00.npz": "D",
    "mdmu-s31-21-01.npz": "C",
    "mdmu-s32-21-00.npz": "A",
    "mdmu-s32-21-01.npz": "A",
    "mdmu-s33-21-00.npz": "A",
    "mdmu-s33-21-01.npz": "C",
    "mdmu-s34-21-00.npz": "D",
    "mdmu-s34-21-01.npz": "allbad",
    "mdmu-s35-21-00.npz": "B",
    "mdmu-s35-21-01.npz": "B",
    "mdmu-s36-21-00.npz": "A",
    "mdmu-s36-21-01.npz": "D",
    "mdmu-s37-21-00.npz": "C",
    "mdmu-s37-21-01.npz": "C",
    "mdmu-s38-21-00.npz": "D",
    "mdmu-s38-21-01.npz": "C",
    "mdmu-s39-21-00.npz": "D",
    "mdmu-s39-21-01.npz": "B",
    "mdmu-s40-21-01.npz": "C",
    "mdmu-s41-21-00.npz": "B",
    "mdmu-s41-21-01.npz": "B",
    "mdmu-s42-21-00.npz": "D",
    "mdmu-s42-21-01.npz": "A",
    "mdmu-s43-21-00.npz": "D",
    "mdmu-s43-21-01.npz": "B",
    "mdmu-s44-21-00.npz": "D",
    "mdmu-s44-21-01.npz": "D",
    "mdmu-s45-21-00.npz": "C",
    "mdmu-s45-21-01.npz": "A",
    "mdmu-s46-21-00.npz": "B",
    "mdmu-s46-21-01.npz": "B",
    "mdmu-s47-21-00.npz": "C",
    "mdmu-s47-21-01.npz": "C",
    "mdmu-s48-21-00.npz": "C",
    "mdmu-s48-21-01.npz": "B",
    "mdmu-s49-21-00.npz": "B",
    "mdmu-s49-21-01.npz": "C",
    "mdmu-s50-21-01.npz": "A",
    "mdmu-s51-21-00.npz": "A",
    "mdmu-s51-21-01.npz": "A",
    "mdmu-s52-21-00.npz": "C",
    "mdmu-s52-21-01.npz": "A",
    "mdmu-s53-21-00.npz": "B",
    "mdmu-s53-21-01.npz": "A",
    "mdmu-s54-21-00.npz": "C",
    "mdmu-s54-21-01.npz": "D",
    "mdmu-s55-21-00.npz": "D",
    "mdmu-s55-21-01.npz": "C",
    "mdmu-s56-21-00.npz": "D",
    "mdmu-s56-21-01.npz": "B",
    "mdmu-s57-21-00.npz": "C",
    "mdmu-s57-21-01.npz": "D",
    "mdmu-s58-21-00.npz": "C",
    "mdmu-s58-21-01.npz": "B",
    "mdmu-s59-21-00.npz": "C",
    "mdmu-s59-21-01.npz": "D",
    "mdmu-s60-21-01.npz": "B",
    "mdmu-s61-21-00.npz": "B",
    "mdmu-s61-21-01.npz": "A",
    "mdmu-s62-21-00.npz": "C",
    "mdmu-s62-21-01.npz": "B",
    "mdmu-s63-21-00.npz": "C",
    "mdmu-s63-21-01.npz": "C",
    "mdmu-s64-21-00.npz": "D",
    "mdmu-s64-21-01.npz": "B",
    "mdmu-s65-21-00.npz": "C",
    "mdmu-s65-21-01.npz": "D",
    "mdmu-s66-21-00.npz": "B",
    "mdmu-s66-21-01.npz": "A",
    "mdmu-s67-21-00.npz": "A",
    "mdmu-s67-21-01.npz": "B",
    "mdmu-s68-21-00.npz": "A",
    "mdmu-s68-21-01.npz": "A",
    "mdmu-s69-21-00.npz": "A",
    "mdmu-s69-21-01.npz": "D",
    "mdmu-s70-21-01.npz": "C",
    "mdmu-s71-21-00.npz": "C",
    "mdmu-s71-21-01.npz": "D",
    "mdmu-s72-21-00.npz": "A",
    "mdmu-s72-21-01.npz": "B",
    "mdmu-s73-21-00.npz": "A",
    "mdmu-s73-21-01.npz": "D",
    "mdmu-s74-21-00.npz": "A",
    "mdmu-s74-21-01.npz": "B",
    "mdmu-s75-21-00.npz": "D",
    "mdmu-s75-21-01.npz": "C",
    "mdmu-s76-21-00.npz": "D",
    "mdmu-s76-21-01.npz": "D",
    "mdmu-s77-21-00.npz": "B",
    "mdmu-s77-21-01.npz": "A",
    "mdmu-s78-21-00.npz": "A",
    "mdmu-s78-21-01.npz": "D",
    "mdmu-s79-21-00.npz": "allgood",
    "mdmu-s79-21-01.npz": "B",
    "mdmu-s80-21-01.npz": "B",
    "mdmu-s81-21-00.npz": "C",
    "mdmu-s81-21-01.npz": "D",
    "mdmu-s82-21-00.npz": "D",
    "mdmu-s82-21-01.npz": "D",
    "mdmu-s83-21-00.npz": "D",
    "mdmu-s83-21-01.npz": "A",
    "mdmu-s84-21-00.npz": "A",
    "mdmu-s84-21-01.npz": "A",
    "mdmu-s85-21-00.npz": "D",
    "mdmu-s85-21-01.npz": "B",
    "mdmu-s86-21-00.npz": "B",
    "mdmu-s86-21-01.npz": "C",
    "mdmu-s87-21-00.npz": "B",
    "mdmu-s87-21-01.npz": "B",
    "mdmu-s88-21-00.npz": "D",
    "mdmu-s88-21-01.npz": "A",
    "mdmu-s89-21-00.npz": "C",
    "mdmu-s89-21-01.npz": "B",
    "mdmu-s90-21-01.npz": "D",
    "mdmu-s91-21-00.npz": "A",
    "mdmu-s91-21-01.npz": "A",
    "mdmu-s92-21-00.npz": "D",
    "mdmu-s92-21-01.npz": "C",
    "mdmu-s93-21-00.npz": "D",
    "mdmu-s93-21-01.npz": "B",
    "mdmu-s94-21-00.npz": "A",
    "mdmu-s94-21-01.npz": "B",
    "mdmu-s95-21-00.npz": "B",
    "mdmu-s95-21-01.npz": "C",
    "mdmu-s96-21-00.npz": "D",
    "mdmu-s96-21-01.npz": "C",
    "mdmu-s97-21-00.npz": "B",
    "mdmu-s97-21-01.npz": "B",
    "mdmu-s98-21-00.npz": "D",
    "mdmu-s98-21-01.npz": "A",
    "mdmu-s99-21-00.npz": "C",
    "mdmu-s99-21-01.npz": "D"
}