{"mdma-s10-00-00.npz": "D", "mdma-s10-00-01.npz": "D", "mdma-s10-00-02.npz": "C", "mdma-s10-00-03.npz": "A", "mdma-s10-00-04.npz": "A", "mdma-s11-00-00.npz": "A", "mdma-s11-00-01.npz": "A", "mdma-s11-00-02.npz": "B", "mdma-s11-00-03.npz": "B", "mdma-s11-00-04.npz": "B", "mdma-s12-00-00.npz": "D", "mdma-s12-00-01.npz": "B", "mdma-s12-00-02.npz": "B", "mdma-s12-00-03.npz": "B", "mdma-s12-00-04.npz": "C", "mdma-s13-00-00.npz": "A", "mdma-s13-00-01.npz": "A", "mdma-s13-00-02.npz": "C", "mdma-s13-00-03.npz": "C", "mdma-s13-00-04.npz": "D", "mdma-s14-00-00.npz": "C", "mdma-s14-00-01.npz": "D", "mdma-s14-00-02.npz": "B", "mdma-s14-00-03.npz": "C", "mdma-s14-00-04.npz": "A", "mdma-s15-00-00.npz": "D", "mdma-s15-00-01.npz": "A", "mdma-s15-00-02.npz": "C", "mdma-s15-00-03.npz": "A", "mdma-s15-00-04.npz": "C", "mdma-s16-00-00.npz": "A", "mdma-s16-00-01.npz": "D", "mdma-s16-00-02.npz": "D", "mdma-s16-00-03.npz": "D", "mdma-s16-00-04.npz": "D", "mdma-s17-00-00.npz": "A", "mdma-s17-00-01.npz": "D", "mdma-s17-00-02.npz": "A", "mdma-s17-00-03.npz": "B", "mdma-s17-00-04.npz": "B", "mdma-s18-00-00.npz": "C", "mdma-s18-00-01.npz": "A", "mdma-s18-00-02.npz": "D", "mdma-s18-00-03.npz": "A", "mdma-s18-00-04.npz": "D", "mdma-s19-00-00.npz": "B", "mdma-s19-00-01.npz": "C", "mdma-s19-00-02.npz": "D", "mdma-s19-00-03.npz": "A", "mdma-s19-00-04.npz": "A", "mdma-s40-00-01.npz": "B", "mdma-s40-00-02.npz": "D", "mdma-s40-00-03.npz": "A", "mdma-s40-00-04.npz": "D", "mdma-s41-00-00.npz": "D", "mdma-s41-00-01.npz": "A", "mdma-s41-00-02.npz": "D", "mdma-s41-00-03.npz": "D", "mdma-s41-00-04.npz": "B", "mdma-s42-00-00.npz": "B", "mdma-s42-00-01.npz": "A", "mdma-s42-00-02.npz": "D", "mdma-s42-00-03.npz": "A", "mdma-s42-00-04.npz": "C", "mdma-s43-00-00.npz": "D", "mdma-s43-00-01.npz": "C", "mdma-s43-00-02.npz": "A", "mdma-s43-00-03.npz": "C", "mdma-s43-00-04.npz": "C", "mdma-s44-00-00.npz": "A", "mdma-s44-00-01.npz": "B", "mdma-s44-00-02.npz": "D", "mdma-s44-00-03.npz": "A", "mdma-s44-00-04.npz": "A", "mdma-s45-00-00.npz": "B", "mdma-s45-00-01.npz": "B", "mdma-s45-00-02.npz": "C", "mdma-s45-00-03.npz": "C", "mdma-s45-00-04.npz": "C", "mdma-s46-00-00.npz": "D", "mdma-s46-00-01.npz": "C", "mdma-s46-00-02.npz": "B", "mdma-s46-00-03.npz": "B", "mdma-s46-00-04.npz": "A", "mdma-s47-00-00.npz": "A", "mdma-s47-00-01.npz": "B", "mdma-s47-00-02.npz": "B", "mdma-s47-00-03.npz": "C", "mdma-s47-00-04.npz": "B", "mdma-s48-00-00.npz": "D", "mdma-s48-00-01.npz": "B", "mdma-s48-00-02.npz": "C", "mdma-s48-00-03.npz": "B", "mdma-s48-00-04.npz": "B", "mdma-s49-00-00.npz": "B", "mdma-s49-00-01.npz": "D", "mdma-s49-00-02.npz": "D", "mdma-s49-00-03.npz": "A", "mdma-s49-00-04.npz": "B", "mdma-s50-00-01.npz": "B", "mdma-s50-00-02.npz": "D", "mdma-s50-00-03.npz": "B", "mdma-s50-00-04.npz": "A", "mdma-s51-00-00.npz": "A", "mdma-s51-00-01.npz": "C", "mdma-s51-00-02.npz": "C", "mdma-s51-00-03.npz": "C", "mdma-s51-00-04.npz": "A", "mdma-s52-00-00.npz": "A", "mdma-s52-00-01.npz": "C", "mdma-s52-00-02.npz": "A", "mdma-s52-00-03.npz": "B", "mdma-s52-00-04.npz": "B", "mdma-s53-00-00.npz": "B", "mdma-s53-00-01.npz": "C", "mdma-s53-00-02.npz": "C", "mdma-s53-00-03.npz": "D", "mdma-s53-00-04.npz": "C", "mdma-s54-00-00.npz": "C", "mdma-s54-00-01.npz": "C", "mdma-s54-00-02.npz": "B", "mdma-s54-00-03.npz": "A", "mdma-s54-00-04.npz": "A", "mdma-s55-00-00.npz": "C", "mdma-s55-00-01.npz": "D", "mdma-s55-00-02.npz": "B", "mdma-s55-00-03.npz": "D", "mdma-s55-00-04.npz": "A", "mdma-s56-00-00.npz": "B", "mdma-s56-00-01.npz": "A", "mdma-s56-00-02.npz": "B", "mdma-s56-00-03.npz": "A", "mdma-s56-00-04.npz": "A", "mdma-s57-00-00.npz": "B", "mdma-s57-00-01.npz": "D", "mdma-s57-00-02.npz": "A", "mdma-s57-00-03.npz": "D", "mdma-s57-00-04.npz": "C", "mdma-s58-00-00.npz": "D", "mdma-s58-00-01.npz": "C", "mdma-s58-00-02.npz": "C", "mdma-s58-00-03.npz": "D", "mdma-s58-00-04.npz": "B", "mdma-s59-00-00.npz": "D", "mdma-s59-00-01.npz": "C", "mdma-s59-00-02.npz": "D", "mdma-s59-00-03.npz": "D", "mdma-s59-00-04.npz": "D", "mdma-s60-00-01.npz": "B", "mdma-s60-00-02.npz": "C", "mdma-s60-00-03.npz": "D", "mdma-s60-00-04.npz": "D", "mdma-s61-00-00.npz": "B", "mdma-s61-00-01.npz": "D", "mdma-s61-00-02.npz": "A", "mdma-s61-00-03.npz": "C", "mdma-s61-00-04.npz": "D", "mdma-s62-00-00.npz": "A", "mdma-s62-00-01.npz": "B", "mdma-s62-00-02.npz": "A", "mdma-s62-00-03.npz": "B", "mdma-s62-00-04.npz": "A", "mdma-s63-00-00.npz": "D", "mdma-s63-00-01.npz": "A", "mdma-s63-00-02.npz": "B", "mdma-s63-00-03.npz": "D", "mdma-s63-00-04.npz": "A", "mdma-s64-00-00.npz": "C", "mdma-s64-00-01.npz": "A", "mdma-s64-00-02.npz": "A", "mdma-s64-00-03.npz": "A", "mdma-s64-00-04.npz": "A", "mdma-s65-00-00.npz": "A", "mdma-s65-00-01.npz": "C", "mdma-s65-00-02.npz": "A", "mdma-s65-00-03.npz": "B", "mdma-s65-00-04.npz": "D", "mdma-s66-00-00.npz": "A", "mdma-s66-00-01.npz": "A", "mdma-s66-00-02.npz": "B", "mdma-s66-00-03.npz": "A", "mdma-s66-00-04.npz": "A", "mdma-s67-00-00.npz": "B", "mdma-s67-00-01.npz": "C", "mdma-s67-00-02.npz": "C", "mdma-s67-00-03.npz": "B", "mdma-s68-00-00.npz": "C", "mdma-s68-00-01.npz": "B", "mdma-s68-00-02.npz": "B", "mdma-s68-00-03.npz": "A", "mdma-s68-00-04.npz": "B", "mdma-s69-00-01.npz": "B", "mdma-s69-00-02.npz": "B", "mdma-s69-00-04.npz": "C", "mdma-s70-00-01.npz": "B", "mdma-s70-00-02.npz": "B", "mdma-s70-00-03.npz": "B", "mdma-s70-00-04.npz": "D", "mdma-s71-00-00.npz": "B", "mdma-s71-00-01.npz": "D", "mdma-s71-00-03.npz": "D", "mdma-s71-00-04.npz": "A", "mdma-s72-00-00.npz": "B", "mdma-s72-00-01.npz": "C", "mdma-s72-00-03.npz": "A", "mdma-s72-00-04.npz": "B", "mdma-s73-00-00.npz": "A", "mdma-s73-00-01.npz": "B", "mdma-s73-00-03.npz": "C", "mdma-s73-00-04.npz": "A", "mdma-s74-00-00.npz": "B", "mdma-s74-00-01.npz": "C", "mdma-s74-00-02.npz": "B", "mdma-s74-00-03.npz": "A", "mdma-s74-00-04.npz": "A", "mdma-s75-00-00.npz": "D", "mdma-s75-00-01.npz": "B", "mdma-s75-00-02.npz": "C", "mdma-s75-00-03.npz": "A", "mdma-s75-00-04.npz": "B", "mdma-s76-00-00.npz": "A", "mdma-s76-00-01.npz": "A", "mdma-s76-00-03.npz": "A", "mdma-s76-00-04.npz": "D", "mdma-s77-00-00.npz": "A", "mdma-s77-00-01.npz": "D", "mdma-s77-00-02.npz": "C", "mdma-s77-00-03.npz": "B", "mdma-s77-00-04.npz": "C", "mdma-s78-00-00.npz": "B", "mdma-s78-00-01.npz": "A", "mdma-s78-00-02.npz": "A", "mdma-s78-00-03.npz": "A", "mdma-s79-00-00.npz": "A", "mdma-s79-00-01.npz": "D", "mdma-s79-00-02.npz": "C", "mdma-s79-00-03.npz": "A", "mdma-s79-00-04.npz": "A", "mdma-s80-00-01.npz": "B", "mdma-s80-00-02.npz": "A", "mdma-s80-00-03.npz": "D", "mdma-s80-00-04.npz": "A", "mdma-s81-00-00.npz": "D", "mdma-s81-00-01.npz": "D", "mdma-s81-00-02.npz": "B", "mdma-s81-00-03.npz": "A", "mdma-s81-00-04.npz": "C", "mdma-s82-00-01.npz": "D", "mdma-s82-00-02.npz": "D", "mdma-s82-00-03.npz": "A", "mdma-s82-00-04.npz": "C", "mdma-s83-00-00.npz": "A", "mdma-s83-00-01.npz": "B", "mdma-s83-00-02.npz": "C", "mdma-s83-00-04.npz": "D", "mdma-s84-00-00.npz": "C", "mdma-s84-00-01.npz": "D", "mdma-s84-00-02.npz": "D", "mdma-s84-00-03.npz": "C", "mdma-s84-00-04.npz": "C", "mdma-s85-00-00.npz": "C", "mdma-s85-00-01.npz": "C", "mdma-s85-00-02.npz": "C", "mdma-s85-00-03.npz": "B", "mdma-s85-00-04.npz": "A", "mdma-s86-00-01.npz": "A", "mdma-s86-00-02.npz": "D", "mdma-s86-00-03.npz": "B", "mdma-s86-00-04.npz": "A", "mdma-s87-00-01.npz": "D", "mdma-s87-00-02.npz": "D", "mdma-s87-00-03.npz": "C", "mdma-s87-00-04.npz": "A", "mdma-s88-00-00.npz": "D", "mdma-s88-00-01.npz": "C", "mdma-s88-00-02.npz": "B", "mdma-s88-00-03.npz": "A", "mdma-s88-00-04.npz": "D", "mdma-s89-00-00.npz": "B", "mdma-s89-00-01.npz": "C", "mdma-s89-00-02.npz": "D", "mdma-s89-00-03.npz": "D", "mdma-s89-00-04.npz": "A", "mdma-s90-00-01.npz": "B", "mdma-s90-00-02.npz": "A", "mdma-s90-00-03.npz": "B", "mdma-s90-00-04.npz": "B", "mdma-s91-00-00.npz": "B", "mdma-s91-00-02.npz": "D", "mdma-s91-00-03.npz": "B", "mdma-s91-00-04.npz": "D", "mdma-s92-00-00.npz": "A", "mdma-s92-00-01.npz": "C", "mdma-s92-00-02.npz": "B", "mdma-s92-00-03.npz": "B", "mdma-s92-00-04.npz": "A", "mdma-s93-00-00.npz": "A", "mdma-s93-00-01.npz": "C", "mdma-s93-00-02.npz": "C", "mdma-s93-00-03.npz": "D", "mdma-s93-00-04.npz": "D", "mdma-s94-00-00.npz": "B", "mdma-s94-00-01.npz": "A", "mdma-s94-00-02.npz": "C", "mdma-s94-00-03.npz": "D", "mdma-s94-00-04.npz": "C", "mdma-s95-00-00.npz": "C", "mdma-s95-00-01.npz": "C", "mdma-s95-00-02.npz": "B", "mdma-s95-00-03.npz": "C", "mdma-s95-00-04.npz": "D", "mdma-s96-00-00.npz": "C", "mdma-s96-00-01.npz": "C", "mdma-s96-00-02.npz": "D", "mdma-s96-00-03.npz": "C", "mdma-s96-00-04.npz": "C", "mdma-s97-00-00.npz": "A", "mdma-s97-00-01.npz": "C", "mdma-s97-00-02.npz": "B", "mdma-s97-00-03.npz": "D", "mdma-s97-00-04.npz": "A", "mdma-s98-00-00.npz": "D", "mdma-s98-00-01.npz": "A", "mdma-s98-00-02.npz": "C", "mdma-s98-00-03.npz": "B", "mdma-s98-00-04.npz": "C", "mdma-s99-00-00.npz": "B", "mdma-s99-00-01.npz": "D", "mdma-s99-00-02.npz": "A", "mdma-s99-00-03.npz": "B", "mdma-s99-00-04.npz": "C"}