{
    "mdmu-s00-03-00.npz": "allbad",
    "mdmu-s01-03-00.npz": "allbad",
    "mdmu-s02-03-00.npz": "A",
    "mdmu-s04-03-01.npz": "D",
    "mdmu-s05-03-00.npz": "allbad",
    "mdmu-s05-03-01.npz": "B",
    "mdmu-s06-03-00.npz": "B",
    "mdmu-s08-03-01.npz": "C",
    "mdmu-s10-03-00.npz": "B",
    "mdmu-s10-03-01.npz": "allbad",
    "mdmu-s12-03-00.npz": "A",
    "mdmu-s12-03-01.npz": "A",
    "mdmu-s13-03-00.npz": "B",
    "mdmu-s13-03-01.npz": "C",
    "mdmu-s14-03-00.npz": "allbad",
    "mdmu-s14-03-01.npz": "allbad",
    "mdmu-s15-03-00.npz": "allbad",
    "mdmu-s15-03-01.npz": "allbad",
    "mdmu-s16-03-00.npz": "B",
    "mdmu-s16-03-01.npz": "A",
    "mdmu-s17-03-00.npz": "A",
    "mdmu-s17-03-01.npz": "D",
    "mdmu-s18-03-00.npz": "D",
    "mdmu-s18-03-01.npz": "D",
    "mdmu-s19-03-00.npz": "allbad",
    "mdmu-s19-03-01.npz": "allbad",
    "mdmu-s20-03-00.npz": "C",
    "mdmu-s20-03-01.npz": "allbad",
    "mdmu-s21-03-00.npz": "C",
    "mdmu-s21-03-01.npz": "C",
    "mdmu-s22-03-00.npz": "A",
    "mdmu-s22-03-01.npz": "B",
    "mdmu-s23-03-00.npz": "D",
    "mdmu-s23-03-01.npz": "C",
    "mdmu-s24-03-00.npz": "C",
    "mdmu-s24-03-01.npz": "D",
    "mdmu-s25-03-00.npz": "A",
    "mdmu-s27-03-00.npz": "A",
    "mdmu-s27-03-01.npz": "C",
    "mdmu-s28-03-00.npz": "C",
    "mdmu-s28-03-01.npz": "D",
    "mdmu-s29-03-00.npz": "D",
    "mdmu-s30-03-00.npz": "A",
    "mdmu-s30-03-01.npz": "A",
    "mdmu-s31-03-00.npz": "A",
    "mdmu-s31-03-01.npz": "A",
    "mdmu-s32-03-00.npz": "C",
    "mdmu-s32-03-01.npz": "B",
    "mdmu-s33-03-00.npz": "A",
    "mdmu-s33-03-01.npz": "D",
    "mdmu-s34-03-00.npz": "A",
    "mdmu-s34-03-01.npz": "A",
    "mdmu-s35-03-00.npz": "D",
    "mdmu-s35-03-01.npz": "A",
    "mdmu-s36-03-00.npz": "B",
    "mdmu-s36-03-01.npz": "C",
    "mdmu-s37-03-00.npz": "A",
    "mdmu-s37-03-01.npz": "A",
    "mdmu-s38-03-00.npz": "D",
    "mdmu-s38-03-01.npz": "B",
    "mdmu-s39-03-00.npz": "D",
    "mdmu-s39-03-01.npz": "C",
    "mdmu-s40-03-01.npz": "A",
    "mdmu-s41-03-00.npz": "D",
    "mdmu-s41-03-01.npz": "allbad",
    "mdmu-s42-03-00.npz": "B",
    "mdmu-s42-03-01.npz": "C",
    "mdmu-s43-03-00.npz": "B",
    "mdmu-s44-03-00.npz": "A",
    "mdmu-s44-03-01.npz": "B",
    "mdmu-s45-03-01.npz": "C",
    "mdmu-s46-03-00.npz": "B",
    "mdmu-s46-03-01.npz": "B",
    "mdmu-s47-03-00.npz": "C",
    "mdmu-s47-03-01.npz": "C",
    "mdmu-s48-03-00.npz": "C",
    "mdmu-s48-03-01.npz": "C",
    "mdmu-s49-03-00.npz": "C",
    "mdmu-s49-03-01.npz": "B",
    "mdmu-s50-03-01.npz": "B",
    "mdmu-s51-03-00.npz": "D",
    "mdmu-s51-03-01.npz": "A",
    "mdmu-s52-03-00.npz": "C",
    "mdmu-s52-03-01.npz": "A",
    "mdmu-s53-03-00.npz": "A",
    "mdmu-s53-03-01.npz": "A",
    "mdmu-s54-03-00.npz": "A",
    "mdmu-s54-03-01.npz": "C",
    "mdmu-s55-03-00.npz": "A",
    "mdmu-s55-03-01.npz": "B",
    "mdmu-s56-03-00.npz": "B",
    "mdmu-s56-03-01.npz": "D",
    "mdmu-s57-03-00.npz": "A",
    "mdmu-s57-03-01.npz": "A",
    "mdmu-s58-03-00.npz": "B",
    "mdmu-s58-03-01.npz": "C",
    "mdmu-s59-03-00.npz": "D",
    "mdmu-s59-03-01.npz": "C",
    "mdmu-s60-03-01.npz": "A",
    "mdmu-s61-03-00.npz": "B",
    "mdmu-s61-03-01.npz": "A",
    "mdmu-s62-03-00.npz": "C",
    "mdmu-s62-03-01.npz": "D",
    "mdmu-s63-03-00.npz": "A",
    "mdmu-s63-03-01.npz": "B",
    "mdmu-s64-03-00.npz": "A",
    "mdmu-s64-03-01.npz": "A",
    "mdmu-s65-03-00.npz": "D",
    "mdmu-s65-03-01.npz": "D",
    "mdmu-s66-03-00.npz": "A",
    "mdmu-s66-03-01.npz": "C",
    "mdmu-s67-03-00.npz": "D",
    "mdmu-s67-03-01.npz": "D",
    "mdmu-s68-03-00.npz": "B",
    "mdmu-s68-03-01.npz": "A",
    "mdmu-s69-03-00.npz": "C",
    "mdmu-s69-03-01.npz": "C",
    "mdmu-s70-03-01.npz": "A",
    "mdmu-s71-03-00.npz": "D",
    "mdmu-s71-03-01.npz": "B",
    "mdmu-s72-03-00.npz": "D",
    "mdmu-s72-03-01.npz": "A",
    "mdmu-s73-03-00.npz": "D",
    "mdmu-s73-03-01.npz": "D",
    "mdmu-s74-03-00.npz": "B",
    "mdmu-s74-03-01.npz": "C",
    "mdmu-s75-03-00.npz": "B",
    "mdmu-s75-03-01.npz": "A",
    "mdmu-s76-03-00.npz": "D",
    "mdmu-s76-03-01.npz": "D",
    "mdmu-s77-03-00.npz": "C",
    "mdmu-s77-03-01.npz": "C",
    "mdmu-s78-03-00.npz": "A",
    "mdmu-s78-03-01.npz": "A",
    "mdmu-s79-03-00.npz": "A",
    "mdmu-s79-03-01.npz": "D",
    "mdmu-s80-03-01.npz": "D",
    "mdmu-s81-03-00.npz": "B",
    "mdmu-s81-03-01.npz": "B",
    "mdmu-s82-03-00.npz": "C",
    "mdmu-s82-03-01.npz": "C",
    "mdmu-s83-03-00.npz": "B",
    "mdmu-s83-03-01.npz": "B",
    "mdmu-s84-03-00.npz": "D",
    "mdmu-s84-03-01.npz": "A",
    "mdmu-s85-03-00.npz": "B",
    "mdmu-s85-03-01.npz": "B",
    "mdmu-s86-03-00.npz": "C",
    "mdmu-s86-03-01.npz": "B",
    "mdmu-s87-03-00.npz": "D",
    "mdmu-s87-03-01.npz": "C",
    "mdmu-s88-03-00.npz": "B",
    "mdmu-s88-03-01.npz": "C",
    "mdmu-s89-03-01.npz": "B",
    "mdmu-s90-03-01.npz": "A",
    "mdmu-s91-03-00.npz": "D",
    "mdmu-s91-03-01.npz": "A",
    "mdmu-s92-03-00.npz": "D",
    "mdmu-s92-03-01.npz": "A",
    "mdmu-s93-03-00.npz": "A",
    "mdmu-s93-03-01.npz": "D",
    "mdmu-s94-03-00.npz": "B",
    "mdmu-s94-03-01.npz": "C",
    "mdmu-s95-03-00.npz": "D",
    "mdmu-s95-03-01.npz": "A",
    "mdmu-s96-03-00.npz": "B",
    "mdmu-s96-03-01.npz": "D",
    "mdmu-s97-03-00.npz": "B",
    "mdmu-s97-03-01.npz": "D",
    "mdmu-s98-03-00.npz": "A",
    "mdmu-s98-03-01.npz": "D",
    "mdmu-s99-03-00.npz": "C",
    "mdmu-s99-03-01.npz": "B"
}