{
    "mdmu-s18-25-00.npz": "allbad",
    "mdmu-s57-25-01.npz": "D",
    "mdmu-s27-25-01.npz": "D",
    "mdmu-s96-25-00.npz": "B",
    "mdmu-s70-25-01.npz": "A",
    "mdmu-s88-25-01.npz": "allbad",
    "mdmu-s66-25-01.npz": "B",
    "mdmu-116-25-01.npz": "A",
    "mdmu-106-25-00.npz": "D",
    "mdmu-100-25-01.npz": "B",
    "mdmu-147-25-01.npz": "D",
    "mdmu-109-25-00.npz": "A",
    "mdmu-110-25-00.npz": "B",
    "mdmu-119-25-01.npz": "D",
    "mdmu-117-25-00.npz": "D",
    "mdmu-107-25-01.npz": "D",
    "mdmu-101-25-00.npz": "B",
    "mdmu-108-25-01.npz": "A",
    "mdmu-111-25-01.npz": "D",
    "mdmu-118-25-00.npz": "C",
    "mdmu-116-25-00.npz": "A",
    "mdmu-106-25-01.npz": "D",
    "mdmu-141-25-01.npz": "D",
    "mdmu-109-25-01.npz": "A",
    "mdmu-100-25-00.npz": "B",
    "mdmu-119-25-00.npz": "A",
    "mdmu-110-25-01.npz": "A",
    "mdmu-117-25-01.npz": "B",
    "mdmu-107-25-00.npz": "D",
    "mdmu-108-25-00.npz": "B",
    "mdmu-101-25-01.npz": "D",
    "mdmu-118-25-01.npz": "C",
    "mdmu-111-25-00.npz": "A",
    "mdmu-104-25-01.npz": "D",
    "mdmu-196-25-00.npz": "B",
    "mdmu-129-25-00.npz": "B",
    "mdmu-114-25-00.npz": "A",
    "mdmu-112-25-01.npz": "A",
    "mdmu-102-25-00.npz": "A",
    "mdmu-105-25-00.npz": "D",
    "mdmu-115-25-01.npz": "D",
    "mdmu-113-25-00.npz": "C",
    "mdmu-188-25-00.npz": "D",
    "mdmu-103-25-01.npz": "C",
    "mdmu-104-25-00.npz": "D",
    "mdmu-114-25-01.npz": "C",
    "mdmu-112-25-00.npz": "B",
    "mdmu-102-25-01.npz": "allbad",
    "mdmu-178-25-01.npz": "D",
    "mdmu-105-25-01.npz": "B",
    "mdmu-115-25-00.npz": "B",
    "mdmu-113-25-01.npz": "C",
    "mdmu-103-25-00.npz": "C"
}