{
    "mdmu-s00-24-00.npz": "allbad",
    "mdmu-s00-24-01.npz": "allbad",
    "mdmu-s01-24-00.npz": "allbad",
    "mdmu-s01-24-01.npz": "allbad",
    "mdmu-s02-24-00.npz": "B",
    "mdmu-s02-24-01.npz": "B",
    "mdmu-s03-24-00.npz": "B",
    "mdmu-s03-24-01.npz": "C",
    "mdmu-s04-24-00.npz": "C",
    "mdmu-s04-24-01.npz": "D",
    "mdmu-s05-24-01.npz": "C",
    "mdmu-s07-24-00.npz": "C",
    "mdmu-s08-24-01.npz": "D",
    "mdmu-s09-24-01.npz": "allbad",
    "mdmu-s10-24-00.npz": "allbad",
    "mdmu-s10-24-01.npz": "allbad",
    "mdmu-s11-24-00.npz": "D",
    "mdmu-s11-24-01.npz": "A",
    "mdmu-s12-24-00.npz": "allbad",
    "mdmu-s12-24-01.npz": "allbad",
    "mdmu-s13-24-00.npz": "allbad",
    "mdmu-s13-24-01.npz": "allbad",
    "mdmu-s14-24-00.npz": "allbad",
    "mdmu-s14-24-01.npz": "B",
    "mdmu-s15-24-00.npz": "allbad",
    "mdmu-s15-24-01.npz": "allbad",
    "mdmu-s16-24-00.npz": "A",
    "mdmu-s16-24-01.npz": "allbad",
    "mdmu-s17-24-00.npz": "C",
    "mdmu-s17-24-01.npz": "B",
    "mdmu-s18-24-00.npz": "allbad",
    "mdmu-s18-24-01.npz": "allbad",
    "mdmu-s19-24-00.npz": "allbad",
    "mdmu-s19-24-01.npz": "allbad",
    "mdmu-s20-24-00.npz": "D",
    "mdmu-s20-24-01.npz": "allbad",
    "mdmu-s21-24-00.npz": "D",
    "mdmu-s21-24-01.npz": "A",
    "mdmu-s22-24-00.npz": "B",
    "mdmu-s22-24-01.npz": "allbad",
    "mdmu-s23-24-00.npz": "D",
    "mdmu-s23-24-01.npz": "B",
    "mdmu-s24-24-00.npz": "B",
    "mdmu-s24-24-01.npz": "A",
    "mdmu-s25-24-00.npz": "A",
    "mdmu-s26-24-00.npz": "D",
    "mdmu-s26-24-01.npz": "C",
    "mdmu-s27-24-00.npz": "C",
    "mdmu-s28-24-00.npz": "A",
    "mdmu-s28-24-01.npz": "allbad",
    "mdmu-s29-24-00.npz": "A",
    "mdmu-s29-24-01.npz": "allbad",
    "mdmu-s30-24-00.npz": "B",
    "mdmu-s30-24-01.npz": "allbad",
    "mdmu-s31-24-00.npz": "C",
    "mdmu-s31-24-01.npz": "A",
    "mdmu-s32-24-00.npz": "D",
    "mdmu-s32-24-01.npz": "D",
    "mdmu-s33-24-00.npz": "C",
    "mdmu-s33-24-01.npz": "A",
    "mdmu-s34-24-00.npz": "allbad",
    "mdmu-s34-24-01.npz": "A",
    "mdmu-s35-24-00.npz": "allbad",
    "mdmu-s36-24-01.npz": "B",
    "mdmu-s37-24-00.npz": "allbad",
    "mdmu-s37-24-01.npz": "A",
    "mdmu-s38-24-00.npz": "A",
    "mdmu-s38-24-01.npz": "D",
    "mdmu-s39-24-00.npz": "allbad",
    "mdmu-s39-24-01.npz": "C",
    "mdmu-s40-24-01.npz": "C",
    "mdmu-s41-24-00.npz": "D",
    "mdmu-s41-24-01.npz": "allbad",
    "mdmu-s42-24-00.npz": "allbad",
    "mdmu-s42-24-01.npz": "allbad",
    "mdmu-s43-24-00.npz": "allbad",
    "mdmu-s43-24-01.npz": "B",
    "mdmu-s44-24-00.npz": "allbad",
    "mdmu-s44-24-01.npz": "B",
    "mdmu-s45-24-00.npz": "C",
    "mdmu-s45-24-01.npz": "allbad",
    "mdmu-s46-24-00.npz": "allbad",
    "mdmu-s47-24-00.npz": "allbad",
    "mdmu-s48-24-00.npz": "D",
    "mdmu-s48-24-01.npz": "allbad",
    "mdmu-s49-24-00.npz": "allbad",
    "mdmu-s49-24-01.npz": "D",
    "mdmu-s51-24-00.npz": "D",
    "mdmu-s51-24-01.npz": "D",
    "mdmu-s52-24-00.npz": "allbad",
    "mdmu-s52-24-01.npz": "A",
    "mdmu-s53-24-00.npz": "A",
    "mdmu-s53-24-01.npz": "B",
    "mdmu-s54-24-00.npz": "B",
    "mdmu-s54-24-01.npz": "B",
    "mdmu-s55-24-00.npz": "A",
    "mdmu-s55-24-01.npz": "A",
    "mdmu-s56-24-00.npz": "C",
    "mdmu-s56-24-01.npz": "C",
    "mdmu-s57-24-00.npz": "D",
    "mdmu-s57-24-01.npz": "C",
    "mdmu-s58-24-00.npz": "A",
    "mdmu-s58-24-01.npz": "A",
    "mdmu-s59-24-00.npz": "A",
    "mdmu-s59-24-01.npz": "B",
    "mdmu-s60-24-01.npz": "D",
    "mdmu-s61-24-00.npz": "A",
    "mdmu-s61-24-01.npz": "D",
    "mdmu-s62-24-00.npz": "B",
    "mdmu-s62-24-01.npz": "D",
    "mdmu-s63-24-00.npz": "C",
    "mdmu-s63-24-01.npz": "B",
    "mdmu-s64-24-00.npz": "B",
    "mdmu-s64-24-01.npz": "A",
    "mdmu-s65-24-00.npz": "B",
    "mdmu-s65-24-01.npz": "allbad",
    "mdmu-s66-24-00.npz": "D",
    "mdmu-s67-24-00.npz": "allbad",
    "mdmu-s67-24-01.npz": "A",
    "mdmu-s68-24-00.npz": "D",
    "mdmu-s68-24-01.npz": "A",
    "mdmu-s69-24-00.npz": "A",
    "mdmu-s69-24-01.npz": "A",
    "mdmu-s70-24-01.npz": "D",
    "mdmu-s71-24-00.npz": "B",
    "mdmu-s71-24-01.npz": "allbad",
    "mdmu-s72-24-00.npz": "C",
    "mdmu-s72-24-01.npz": "B",
    "mdmu-s73-24-00.npz": "allbad",
    "mdmu-s73-24-01.npz": "D",
    "mdmu-s74-24-00.npz": "allbad",
    "mdmu-s74-24-01.npz": "D",
    "mdmu-s75-24-00.npz": "allbad",
    "mdmu-s75-24-01.npz": "A",
    "mdmu-s76-24-00.npz": "B",
    "mdmu-s76-24-01.npz": "C",
    "mdmu-s77-24-00.npz": "B",
    "mdmu-s77-24-01.npz": "C",
    "mdmu-s78-24-00.npz": "A",
    "mdmu-s78-24-01.npz": "B",
    "mdmu-s79-24-00.npz": "C",
    "mdmu-s79-24-01.npz": "C",
    "mdmu-s80-24-01.npz": "allbad",
    "mdmu-s81-24-00.npz": "D",
    "mdmu-s81-24-01.npz": "A",
    "mdmu-s82-24-00.npz": "B",
    "mdmu-s82-24-01.npz": "A",
    "mdmu-s83-24-01.npz": "D",
    "mdmu-s84-24-00.npz": "A",
    "mdmu-s84-24-01.npz": "C",
    "mdmu-s85-24-01.npz": "A",
    "mdmu-s86-24-00.npz": "D",
    "mdmu-s86-24-01.npz": "D",
    "mdmu-s87-24-00.npz": "A",
    "mdmu-s87-24-01.npz": "C",
    "mdmu-s88-24-00.npz": "allbad",
    "mdmu-s88-24-01.npz": "allbad",
    "mdmu-s89-24-00.npz": "allbad",
    "mdmu-s89-24-01.npz": "B",
    "mdmu-s90-24-01.npz": "C",
    "mdmu-s91-24-00.npz": "A",
    "mdmu-s91-24-01.npz": "allbad",
    "mdmu-s92-24-00.npz": "A",
    "mdmu-s92-24-01.npz": "C",
    "mdmu-s93-24-00.npz": "D",
    "mdmu-s93-24-01.npz": "allbad",
    "mdmu-s94-24-00.npz": "C",
    "mdmu-s94-24-01.npz": "C",
    "mdmu-s95-24-00.npz": "A",
    "mdmu-s96-24-00.npz": "D",
    "mdmu-s96-24-01.npz": "A",
    "mdmu-s97-24-00.npz": "A",
    "mdmu-s97-24-01.npz": "B",
    "mdmu-s98-24-00.npz": "allbad",
    "mdmu-s99-24-00.npz": "allbad",
    "mdmu-s99-24-01.npz": "A"
}