{
    "mdma-s10-05-00.npz": "C",
    "mdma-s10-05-01.npz": "C",
    "mdma-s10-05-02.npz": "B",
    "mdma-s10-05-03.npz": "D",
    "mdma-s10-05-04.npz": "C",
    "mdma-s11-05-00.npz": "D",
    "mdma-s11-05-01.npz": "C",
    "mdma-s11-05-02.npz": "C",
    "mdma-s11-05-03.npz": "C",
    "mdma-s11-05-04.npz": "B",
    "mdma-s12-05-00.npz": "B",
    "mdma-s12-05-01.npz": "A",
    "mdma-s12-05-02.npz": "C",
    "mdma-s12-05-03.npz": "A",
    "mdma-s12-05-04.npz": "B",
    "mdma-s13-05-00.npz": "A",
    "mdma-s13-05-01.npz": "C",
    "mdma-s13-05-02.npz": "D",
    "mdma-s13-05-03.npz": "B",
    "mdma-s13-05-04.npz": "D",
    "mdma-s14-05-00.npz": "A",
    "mdma-s14-05-01.npz": "C",
    "mdma-s14-05-02.npz": "C",
    "mdma-s14-05-03.npz": "A",
    "mdma-s14-05-04.npz": "D",
    "mdma-s15-05-00.npz": "D",
    "mdma-s15-05-01.npz": "B",
    "mdma-s15-05-02.npz": "C",
    "mdma-s15-05-03.npz": "D",
    "mdma-s15-05-04.npz": "D",
    "mdma-s16-05-00.npz": "A",
    "mdma-s16-05-01.npz": "A",
    "mdma-s16-05-02.npz": "C",
    "mdma-s16-05-03.npz": "D",
    "mdma-s16-05-04.npz": "A",
    "mdma-s17-05-00.npz": "D",
    "mdma-s17-05-01.npz": "D",
    "mdma-s17-05-02.npz": "C",
    "mdma-s17-05-03.npz": "C",
    "mdma-s17-05-04.npz": "C",
    "mdma-s18-05-00.npz": "C",
    "mdma-s18-05-01.npz": "C",
    "mdma-s18-05-02.npz": "C",
    "mdma-s18-05-03.npz": "A",
    "mdma-s18-05-04.npz": "A",
    "mdma-s19-05-00.npz": "C",
    "mdma-s19-05-01.npz": "A",
    "mdma-s19-05-02.npz": "B",
    "mdma-s19-05-03.npz": "A",
    "mdma-s19-05-04.npz": "A",
    "mdma-s40-05-01.npz": "C",
    "mdma-s40-05-02.npz": "C",
    "mdma-s40-05-03.npz": "A",
    "mdma-s40-05-04.npz": "A",
    "mdma-s41-05-00.npz": "B",
    "mdma-s41-05-01.npz": "A",
    "mdma-s41-05-02.npz": "C",
    "mdma-s41-05-03.npz": "A",
    "mdma-s41-05-04.npz": "C",
    "mdma-s42-05-00.npz": "A",
    "mdma-s42-05-01.npz": "B",
    "mdma-s42-05-02.npz": "D",
    "mdma-s42-05-03.npz": "C",
    "mdma-s42-05-04.npz": "C",
    "mdma-s43-05-00.npz": "C",
    "mdma-s43-05-01.npz": "A",
    "mdma-s43-05-02.npz": "B",
    "mdma-s43-05-03.npz": "B",
    "mdma-s43-05-04.npz": "A",
    "mdma-s44-05-00.npz": "D",
    "mdma-s44-05-02.npz": "B",
    "mdma-s44-05-03.npz": "C",
    "mdma-s44-05-04.npz": "C",
    "mdma-s45-05-00.npz": "B",
    "mdma-s45-05-01.npz": "A",
    "mdma-s45-05-02.npz": "A",
    "mdma-s45-05-03.npz": "A",
    "mdma-s45-05-04.npz": "C",
    "mdma-s46-05-00.npz": "D",
    "mdma-s46-05-01.npz": "C",
    "mdma-s46-05-02.npz": "C",
    "mdma-s46-05-03.npz": "C",
    "mdma-s46-05-04.npz": "B",
    "mdma-s47-05-00.npz": "D",
    "mdma-s47-05-01.npz": "A",
    "mdma-s47-05-02.npz": "B",
    "mdma-s47-05-03.npz": "A",
    "mdma-s47-05-04.npz": "C",
    "mdma-s48-05-00.npz": "B",
    "mdma-s48-05-01.npz": "B",
    "mdma-s48-05-02.npz": "B",
    "mdma-s48-05-03.npz": "D",
    "mdma-s48-05-04.npz": "C",
    "mdma-s49-05-00.npz": "A",
    "mdma-s49-05-01.npz": "B",
    "mdma-s49-05-02.npz": "B",
    "mdma-s49-05-03.npz": "B",
    "mdma-s49-05-04.npz": "B",
    "mdma-s50-05-01.npz": "A",
    "mdma-s50-05-02.npz": "B",
    "mdma-s50-05-03.npz": "C",
    "mdma-s50-05-04.npz": "D",
    "mdma-s51-05-00.npz": "D",
    "mdma-s51-05-01.npz": "A",
    "mdma-s51-05-02.npz": "C",
    "mdma-s51-05-03.npz": "A",
    "mdma-s51-05-04.npz": "C",
    "mdma-s52-05-00.npz": "B",
    "mdma-s52-05-01.npz": "C",
    "mdma-s52-05-02.npz": "A",
    "mdma-s52-05-03.npz": "C",
    "mdma-s52-05-04.npz": "B",
    "mdma-s53-05-00.npz": "D",
    "mdma-s53-05-01.npz": "D",
    "mdma-s53-05-02.npz": "A",
    "mdma-s53-05-03.npz": "B",
    "mdma-s53-05-04.npz": "A",
    "mdma-s54-05-00.npz": "D",
    "mdma-s54-05-01.npz": "B",
    "mdma-s54-05-02.npz": "B",
    "mdma-s54-05-03.npz": "B",
    "mdma-s54-05-04.npz": "D",
    "mdma-s55-05-00.npz": "D",
    "mdma-s55-05-01.npz": "B",
    "mdma-s55-05-02.npz": "B",
    "mdma-s55-05-03.npz": "A",
    "mdma-s55-05-04.npz": "D",
    "mdma-s56-05-00.npz": "D",
    "mdma-s56-05-01.npz": "D",
    "mdma-s56-05-02.npz": "A",
    "mdma-s56-05-03.npz": "D",
    "mdma-s56-05-04.npz": "D",
    "mdma-s57-05-00.npz": "C",
    "mdma-s57-05-01.npz": "D",
    "mdma-s57-05-02.npz": "B",
    "mdma-s57-05-03.npz": "D",
    "mdma-s57-05-04.npz": "A",
    "mdma-s58-05-00.npz": "B",
    "mdma-s58-05-01.npz": "A",
    "mdma-s58-05-02.npz": "B",
    "mdma-s58-05-03.npz": "A",
    "mdma-s58-05-04.npz": "C",
    "mdma-s59-05-00.npz": "C",
    "mdma-s59-05-01.npz": "D",
    "mdma-s59-05-02.npz": "D",
    "mdma-s59-05-03.npz": "C",
    "mdma-s59-05-04.npz": "A",
    "mdma-s60-05-01.npz": "B",
    "mdma-s60-05-02.npz": "B",
    "mdma-s60-05-03.npz": "C",
    "mdma-s60-05-04.npz": "D",
    "mdma-s61-05-00.npz": "D",
    "mdma-s61-05-01.npz": "C",
    "mdma-s61-05-02.npz": "D",
    "mdma-s61-05-03.npz": "A",
    "mdma-s61-05-04.npz": "A",
    "mdma-s62-05-00.npz": "B",
    "mdma-s62-05-01.npz": "B",
    "mdma-s62-05-02.npz": "B",
    "mdma-s62-05-03.npz": "A",
    "mdma-s62-05-04.npz": "C",
    "mdma-s63-05-00.npz": "D",
    "mdma-s63-05-01.npz": "D",
    "mdma-s63-05-02.npz": "A",
    "mdma-s63-05-03.npz": "C",
    "mdma-s63-05-04.npz": "D",
    "mdma-s64-05-00.npz": "A",
    "mdma-s64-05-01.npz": "B",
    "mdma-s64-05-02.npz": "C",
    "mdma-s64-05-03.npz": "B",
    "mdma-s64-05-04.npz": "A",
    "mdma-s65-05-00.npz": "C",
    "mdma-s65-05-01.npz": "A",
    "mdma-s65-05-02.npz": "A",
    "mdma-s65-05-03.npz": "D",
    "mdma-s65-05-04.npz": "B",
    "mdma-s66-05-00.npz": "C",
    "mdma-s66-05-01.npz": "A",
    "mdma-s66-05-02.npz": "D",
    "mdma-s66-05-03.npz": "C",
    "mdma-s66-05-04.npz": "C",
    "mdma-s67-05-00.npz": "D",
    "mdma-s67-05-01.npz": "A",
    "mdma-s67-05-02.npz": "D",
    "mdma-s67-05-03.npz": "B",
    "mdma-s67-05-04.npz": "D",
    "mdma-s68-05-00.npz": "A",
    "mdma-s68-05-01.npz": "C",
    "mdma-s68-05-02.npz": "B",
    "mdma-s68-05-04.npz": "D",
    "mdma-s69-05-00.npz": "B",
    "mdma-s69-05-01.npz": "A",
    "mdma-s69-05-03.npz": "C",
    "mdma-s70-05-01.npz": "B",
    "mdma-s70-05-03.npz": "D",
    "mdma-s70-05-04.npz": "B",
    "mdma-s71-05-00.npz": "C",
    "mdma-s71-05-01.npz": "B",
    "mdma-s71-05-03.npz": "B",
    "mdma-s72-05-00.npz": "A",
    "mdma-s72-05-01.npz": "allbad",
    "mdma-s72-05-02.npz": "B",
    "mdma-s72-05-03.npz": "A",
    "mdma-s72-05-04.npz": "B",
    "mdma-s73-05-00.npz": "B",
    "mdma-s73-05-01.npz": "D",
    "mdma-s73-05-02.npz": "D",
    "mdma-s73-05-03.npz": "C",
    "mdma-s73-05-04.npz": "B",
    "mdma-s74-05-00.npz": "A",
    "mdma-s74-05-01.npz": "B",
    "mdma-s74-05-02.npz": "C",
    "mdma-s74-05-04.npz": "B",
    "mdma-s75-05-00.npz": "A",
    "mdma-s75-05-01.npz": "A",
    "mdma-s75-05-02.npz": "C",
    "mdma-s75-05-03.npz": "B",
    "mdma-s76-05-00.npz": "A",
    "mdma-s76-05-01.npz": "D",
    "mdma-s76-05-02.npz": "A",
    "mdma-s76-05-03.npz": "A",
    "mdma-s76-05-04.npz": "C",
    "mdma-s77-05-00.npz": "C",
    "mdma-s77-05-01.npz": "B",
    "mdma-s77-05-02.npz": "D",
    "mdma-s77-05-03.npz": "A",
    "mdma-s77-05-04.npz": "B",
    "mdma-s78-05-00.npz": "C",
    "mdma-s78-05-01.npz": "B",
    "mdma-s78-05-02.npz": "A",
    "mdma-s78-05-03.npz": "A",
    "mdma-s78-05-04.npz": "B",
    "mdma-s79-05-00.npz": "B",
    "mdma-s79-05-01.npz": "B",
    "mdma-s79-05-02.npz": "B",
    "mdma-s79-05-03.npz": "C",
    "mdma-s80-05-01.npz": "B",
    "mdma-s80-05-02.npz": "A",
    "mdma-s80-05-03.npz": "B",
    "mdma-s80-05-04.npz": "B",
    "mdma-s81-05-00.npz": "B",
    "mdma-s81-05-01.npz": "D",
    "mdma-s81-05-02.npz": "D",
    "mdma-s81-05-03.npz": "D",
    "mdma-s81-05-04.npz": "D",
    "mdma-s82-05-00.npz": "B",
    "mdma-s82-05-01.npz": "A",
    "mdma-s82-05-03.npz": "A",
    "mdma-s82-05-04.npz": "C",
    "mdma-s83-05-00.npz": "B",
    "mdma-s83-05-01.npz": "A",
    "mdma-s83-05-02.npz": "C",
    "mdma-s83-05-03.npz": "C",
    "mdma-s83-05-04.npz": "C",
    "mdma-s84-05-00.npz": "A",
    "mdma-s84-05-01.npz": "A",
    "mdma-s84-05-02.npz": "B",
    "mdma-s84-05-03.npz": "D",
    "mdma-s84-05-04.npz": "C",
    "mdma-s85-05-00.npz": "C",
    "mdma-s85-05-01.npz": "A",
    "mdma-s85-05-02.npz": "B",
    "mdma-s85-05-03.npz": "C",
    "mdma-s85-05-04.npz": "C",
    "mdma-s86-05-00.npz": "C",
    "mdma-s86-05-01.npz": "D",
    "mdma-s86-05-02.npz": "C",
    "mdma-s86-05-03.npz": "A",
    "mdma-s86-05-04.npz": "B",
    "mdma-s87-05-00.npz": "B",
    "mdma-s87-05-01.npz": "A",
    "mdma-s87-05-02.npz": "A",
    "mdma-s87-05-03.npz": "D",
    "mdma-s87-05-04.npz": "A",
    "mdma-s88-05-00.npz": "C",
    "mdma-s88-05-01.npz": "C",
    "mdma-s88-05-03.npz": "C",
    "mdma-s88-05-04.npz": "D",
    "mdma-s89-05-00.npz": "D",
    "mdma-s89-05-01.npz": "B",
    "mdma-s89-05-02.npz": "A",
    "mdma-s89-05-03.npz": "A",
    "mdma-s89-05-04.npz": "D",
    "mdma-s90-05-01.npz": "A",
    "mdma-s90-05-02.npz": "D",
    "mdma-s90-05-03.npz": "B",
    "mdma-s90-05-04.npz": "D",
    "mdma-s91-05-00.npz": "C",
    "mdma-s91-05-01.npz": "C",
    "mdma-s91-05-02.npz": "C",
    "mdma-s91-05-03.npz": "B",
    "mdma-s91-05-04.npz": "D",
    "mdma-s92-05-00.npz": "D",
    "mdma-s92-05-01.npz": "B",
    "mdma-s92-05-02.npz": "B",
    "mdma-s92-05-03.npz": "C",
    "mdma-s92-05-04.npz": "C",
    "mdma-s93-05-00.npz": "C",
    "mdma-s93-05-01.npz": "B",
    "mdma-s93-05-02.npz": "B",
    "mdma-s93-05-03.npz": "C",
    "mdma-s93-05-04.npz": "B",
    "mdma-s94-05-00.npz": "A",
    "mdma-s94-05-01.npz": "D",
    "mdma-s94-05-02.npz": "D",
    "mdma-s94-05-03.npz": "A",
    "mdma-s94-05-04.npz": "C",
    "mdma-s95-05-00.npz": "B",
    "mdma-s95-05-01.npz": "C",
    "mdma-s95-05-02.npz": "A",
    "mdma-s95-05-03.npz": "A",
    "mdma-s95-05-04.npz": "C",
    "mdma-s96-05-00.npz": "C",
    "mdma-s96-05-01.npz": "D",
    "mdma-s96-05-02.npz": "A",
    "mdma-s96-05-03.npz": "D",
    "mdma-s96-05-04.npz": "C",
    "mdma-s97-05-00.npz": "D",
    "mdma-s97-05-01.npz": "A",
    "mdma-s97-05-02.npz": "D",
    "mdma-s97-05-03.npz": "C",
    "mdma-s97-05-04.npz": "A",
    "mdma-s98-05-00.npz": "B",
    "mdma-s98-05-01.npz": "C",
    "mdma-s98-05-02.npz": "A",
    "mdma-s98-05-03.npz": "A",
    "mdma-s98-05-04.npz": "D",
    "mdma-s99-05-00.npz": "A",
    "mdma-s99-05-01.npz": "A",
    "mdma-s99-05-02.npz": "C",
    "mdma-s99-05-03.npz": "C"
}