{
    "mdmu-120-09-01.npz": "D",
    "mdmu-114-09-00.npz": "A",
    "mdmu-104-09-01.npz": "D",
    "mdmu-102-09-00.npz": "D",
    "mdmu-112-09-01.npz": "D",
    "mdmu-115-09-01.npz": "A",
    "mdmu-105-09-00.npz": "B",
    "mdmu-103-09-01.npz": "B",
    "mdmu-113-09-00.npz": "A",
    "mdmu-120-09-00.npz": "A",
    "mdmu-104-09-00.npz": "B",
    "mdmu-102-09-01.npz": "A",
    "mdmu-112-09-00.npz": "D",
    "mdmu-115-09-00.npz": "B",
    "mdmu-105-09-01.npz": "D",
    "mdmu-103-09-00.npz": "B",
    "mdmu-113-09-01.npz": "D",
    "mdmu-106-09-00.npz": "A",
    "mdmu-116-09-01.npz": "B",
    "mdmu-119-09-01.npz": "C",
    "mdmu-110-09-00.npz": "A",
    "mdmu-109-09-00.npz": "B",
    "mdmu-100-09-01.npz": "B",
    "mdmu-107-09-01.npz": "A",
    "mdmu-117-09-00.npz": "A",
    "mdmu-118-09-00.npz": "B",
    "mdmu-111-09-01.npz": "B",
    "mdmu-108-09-01.npz": "C",
    "mdmu-101-09-00.npz": "A",
    "mdmu-106-09-01.npz": "A",
    "mdmu-116-09-00.npz": "C",
    "mdmu-110-09-01.npz": "C",
    "mdmu-119-09-00.npz": "D",
    "mdmu-100-09-00.npz": "B",
    "mdmu-109-09-01.npz": "D",
    "mdmu-107-09-00.npz": "A",
    "mdmu-117-09-01.npz": "A",
    "mdmu-111-09-00.npz": "A",
    "mdmu-118-09-01.npz": "C",
    "mdmu-101-09-01.npz": "D",
    "mdmu-108-09-00.npz": "C"
}