{
    "mdmu-s00-34-00.npz": "C",
    "mdmu-s00-34-01.npz": "C",
    "mdmu-s01-34-00.npz": "C",
    "mdmu-s02-34-00.npz": "A",
    "mdmu-s02-34-01.npz": "A",
    "mdmu-s03-34-00.npz": "A",
    "mdmu-s03-34-01.npz": "D",
    "mdmu-s04-34-00.npz": "allbad",
    "mdmu-s04-34-01.npz": "A",
    "mdmu-s05-34-00.npz": "B",
    "mdmu-s05-34-01.npz": "B",
    "mdmu-s06-34-00.npz": "D",
    "mdmu-s06-34-01.npz": "A",
    "mdmu-s07-34-00.npz": "D",
    "mdmu-s07-34-01.npz": "B",
    "mdmu-s08-34-00.npz": "A",
    "mdmu-s08-34-01.npz": "D",
    "mdmu-s09-34-00.npz": "D",
    "mdmu-s09-34-01.npz": "D",
    "mdmu-s10-34-00.npz": "A",
    "mdmu-s10-34-01.npz": "B",
    "mdmu-s11-34-00.npz": "B",
    "mdmu-s12-34-00.npz": "D",
    "mdmu-s12-34-01.npz": "A",
    "mdmu-s13-34-00.npz": "A",
    "mdmu-s13-34-01.npz": "allbad",
    "mdmu-s14-34-00.npz": "allbad",
    "mdmu-s14-34-01.npz": "D",
    "mdmu-s15-34-00.npz": "B",
    "mdmu-s15-34-01.npz": "C",
    "mdmu-s16-34-00.npz": "C",
    "mdmu-s16-34-01.npz": "A",
    "mdmu-s17-34-00.npz": "A",
    "mdmu-s17-34-01.npz": "A",
    "mdmu-s18-34-00.npz": "allbad",
    "mdmu-s18-34-01.npz": "allbad",
    "mdmu-s19-34-00.npz": "A",
    "mdmu-s19-34-01.npz": "allbad",
    "mdmu-s20-34-00.npz": "D",
    "mdmu-s20-34-01.npz": "A",
    "mdmu-s21-34-00.npz": "A",
    "mdmu-s21-34-01.npz": "C",
    "mdmu-s22-34-00.npz": "B",
    "mdmu-s22-34-01.npz": "B",
    "mdmu-s23-34-00.npz": "A",
    "mdmu-s23-34-01.npz": "A",
    "mdmu-s24-34-00.npz": "D",
    "mdmu-s24-34-01.npz": "B",
    "mdmu-s25-34-01.npz": "C",
    "mdmu-s26-34-00.npz": "D",
    "mdmu-s26-34-01.npz": "C",
    "mdmu-s27-34-00.npz": "A",
    "mdmu-s27-34-01.npz": "B",
    "mdmu-s28-34-00.npz": "B",
    "mdmu-s28-34-01.npz": "D",
    "mdmu-s29-34-01.npz": "D",
    "mdmu-s30-34-00.npz": "D",
    "mdmu-s30-34-01.npz": "D",
    "mdmu-s31-34-00.npz": "A",
    "mdmu-s31-34-01.npz": "C",
    "mdmu-s32-34-00.npz": "A",
    "mdmu-s32-34-01.npz": "B",
    "mdmu-s33-34-00.npz": "B",
    "mdmu-s33-34-01.npz": "D",
    "mdmu-s34-34-01.npz": "B",
    "mdmu-s35-34-00.npz": "C",
    "mdmu-s35-34-01.npz": "B",
    "mdmu-s36-34-00.npz": "A",
    "mdmu-s36-34-01.npz": "C",
    "mdmu-s37-34-01.npz": "allbad",
    "mdmu-s38-34-00.npz": "allbad",
    "mdmu-s38-34-01.npz": "A",
    "mdmu-s39-34-00.npz": "A",
    "mdmu-s39-34-01.npz": "allbad",
    "mdmu-s40-34-01.npz": "D",
    "mdmu-s41-34-00.npz": "C",
    "mdmu-s41-34-01.npz": "allbad",
    "mdmu-s42-34-00.npz": "B",
    "mdmu-s42-34-01.npz": "B",
    "mdmu-s43-34-00.npz": "B",
    "mdmu-s43-34-01.npz": "C",
    "mdmu-s44-34-00.npz": "D",
    "mdmu-s44-34-01.npz": "A",
    "mdmu-s45-34-00.npz": "C",
    "mdmu-s45-34-01.npz": "D",
    "mdmu-s46-34-00.npz": "C",
    "mdmu-s46-34-01.npz": "C",
    "mdmu-s47-34-00.npz": "A",
    "mdmu-s47-34-01.npz": "D",
    "mdmu-s48-34-00.npz": "B",
    "mdmu-s48-34-01.npz": "B",
    "mdmu-s49-34-00.npz": "B",
    "mdmu-s49-34-01.npz": "B",
    "mdmu-s50-34-01.npz": "A",
    "mdmu-s51-34-00.npz": "C",
    "mdmu-s51-34-01.npz": "allbad",
    "mdmu-s52-34-00.npz": "B",
    "mdmu-s52-34-01.npz": "A",
    "mdmu-s53-34-00.npz": "D",
    "mdmu-s53-34-01.npz": "B",
    "mdmu-s54-34-01.npz": "A",
    "mdmu-s55-34-00.npz": "C",
    "mdmu-s55-34-01.npz": "A",
    "mdmu-s56-34-00.npz": "B",
    "mdmu-s56-34-01.npz": "C",
    "mdmu-s57-34-00.npz": "A",
    "mdmu-s57-34-01.npz": "A",
    "mdmu-s58-34-00.npz": "B",
    "mdmu-s58-34-01.npz": "A",
    "mdmu-s59-34-00.npz": "D",
    "mdmu-s59-34-01.npz": "C",
    "mdmu-s61-34-00.npz": "C",
    "mdmu-s61-34-01.npz": "A",
    "mdmu-s62-34-00.npz": "D",
    "mdmu-s62-34-01.npz": "C",
    "mdmu-s63-34-00.npz": "B",
    "mdmu-s63-34-01.npz": "allbad",
    "mdmu-s64-34-00.npz": "A",
    "mdmu-s64-34-01.npz": "allbad",
    "mdmu-s65-34-00.npz": "allbad",
    "mdmu-s65-34-01.npz": "A",
    "mdmu-s66-34-00.npz": "A",
    "mdmu-s66-34-01.npz": "D",
    "mdmu-s67-34-00.npz": "B",
    "mdmu-s67-34-01.npz": "B",
    "mdmu-s68-34-00.npz": "B",
    "mdmu-s68-34-01.npz": "A",
    "mdmu-s69-34-00.npz": "B",
    "mdmu-s69-34-01.npz": "C",
    "mdmu-s70-34-01.npz": "D",
    "mdmu-s71-34-00.npz": "B",
    "mdmu-s71-34-01.npz": "A",
    "mdmu-s72-34-00.npz": "D",
    "mdmu-s72-34-01.npz": "allbad",
    "mdmu-s73-34-00.npz": "A",
    "mdmu-s73-34-01.npz": "A",
    "mdmu-s74-34-00.npz": "D",
    "mdmu-s74-34-01.npz": "A",
    "mdmu-s75-34-00.npz": "A",
    "mdmu-s76-34-00.npz": "C",
    "mdmu-s76-34-01.npz": "A",
    "mdmu-s77-34-00.npz": "B",
    "mdmu-s77-34-01.npz": "A",
    "mdmu-s78-34-00.npz": "C",
    "mdmu-s78-34-01.npz": "B",
    "mdmu-s79-34-00.npz": "A",
    "mdmu-s79-34-01.npz": "C",
    "mdmu-s80-34-01.npz": "B",
    "mdmu-s81-34-00.npz": "C",
    "mdmu-s82-34-00.npz": "A",
    "mdmu-s82-34-01.npz": "D",
    "mdmu-s83-34-00.npz": "D",
    "mdmu-s83-34-01.npz": "B",
    "mdmu-s84-34-00.npz": "D",
    "mdmu-s84-34-01.npz": "A",
    "mdmu-s85-34-00.npz": "C",
    "mdmu-s85-34-01.npz": "A",
    "mdmu-s86-34-00.npz": "D",
    "mdmu-s86-34-01.npz": "B",
    "mdmu-s87-34-01.npz": "allbad",
    "mdmu-s88-34-00.npz": "A",
    "mdmu-s88-34-01.npz": "C",
    "mdmu-s89-34-00.npz": "A",
    "mdmu-s89-34-01.npz": "A",
    "mdmu-s90-34-01.npz": "A",
    "mdmu-s91-34-00.npz": "D",
    "mdmu-s91-34-01.npz": "D",
    "mdmu-s92-34-00.npz": "D",
    "mdmu-s92-34-01.npz": "C",
    "mdmu-s93-34-00.npz": "C",
    "mdmu-s93-34-01.npz": "A",
    "mdmu-s94-34-00.npz": "A",
    "mdmu-s94-34-01.npz": "B",
    "mdmu-s95-34-00.npz": "C",
    "mdmu-s95-34-01.npz": "A",
    "mdmu-s96-34-00.npz": "C",
    "mdmu-s96-34-01.npz": "B",
    "mdmu-s97-34-00.npz": "A",
    "mdmu-s97-34-01.npz": "D",
    "mdmu-s98-34-00.npz": "D",
    "mdmu-s98-34-01.npz": "D",
    "mdmu-s99-34-00.npz": "C",
    "mdmu-s99-34-01.npz": "B"
}