{
    "mdmu-s86-07-00.npz": "D",
    "mdmu-111-07-01.npz": "A",
    "mdmu-118-07-00.npz": "A",
    "mdmu-101-07-00.npz": "D",
    "mdmu-108-07-01.npz": "D",
    "mdmu-107-07-01.npz": "A",
    "mdmu-117-07-00.npz": "C",
    "mdmu-110-07-00.npz": "A",
    "mdmu-119-07-01.npz": "A",
    "mdmu-100-07-01.npz": "D",
    "mdmu-109-07-00.npz": "D",
    "mdmu-106-07-00.npz": "B",
    "mdmu-116-07-01.npz": "D",
    "mdmu-118-07-01.npz": "D",
    "mdmu-111-07-00.npz": "D",
    "mdmu-108-07-00.npz": "A",
    "mdmu-101-07-01.npz": "C",
    "mdmu-107-07-00.npz": "D",
    "mdmu-117-07-01.npz": "A",
    "mdmu-119-07-00.npz": "C",
    "mdmu-110-07-01.npz": "B",
    "mdmu-109-07-01.npz": "A",
    "mdmu-100-07-00.npz": "D",
    "mdmu-106-07-01.npz": "C",
    "mdmu-116-07-00.npz": "D",
    "mdmu-103-07-01.npz": "D",
    "mdmu-113-07-00.npz": "C",
    "mdmu-115-07-01.npz": "D",
    "mdmu-105-07-00.npz": "C",
    "mdmu-102-07-00.npz": "A",
    "mdmu-112-07-01.npz": "B",
    "mdmu-114-07-00.npz": "C",
    "mdmu-120-07-01.npz": "D",
    "mdmu-104-07-01.npz": "B",
    "mdmu-103-07-00.npz": "C",
    "mdmu-113-07-01.npz": "D",
    "mdmu-115-07-00.npz": "B",
    "mdmu-105-07-01.npz": "C",
    "mdmu-102-07-01.npz": "C",
    "mdmu-112-07-00.npz": "D",
    "mdmu-120-07-00.npz": "B",
    "mdmu-114-07-01.npz": "D",
    "mdmu-104-07-00.npz": "B"
}