{
    "mdma-136-07-03.npz": "B",
    "mdma-154-07-04.npz": "C",
    "mdma-190-07-03.npz": "D",
    "mdma-145-07-02.npz": "B",
    "mdma-134-07-00.npz": "C",
    "mdma-102-07-02.npz": "B",
    "mdma-109-07-00.npz": "A",
    "mdma-192-07-00.npz": "B",
    "mdma-199-07-02.npz": "A",
    "mdma-147-07-01.npz": "C",
    "mdma-188-07-04.npz": "C",
    "mdma-113-07-04.npz": "C",
    "mdma-137-07-04.npz": "A",
    "mdma-126-07-02.npz": "B",
    "mdma-191-07-04.npz": "A",
    "mdma-180-07-02.npz": "C",
    "mdma-155-07-03.npz": "C",
    "mdma-110-07-00.npz": "B",
    "mdma-124-07-01.npz": "B",
    "mdma-189-07-03.npz": "D",
    "mdma-182-07-01.npz": "A",
    "mdma-157-07-00.npz": "A",
    "mdma-119-07-01.npz": "B",
    "mdma-112-07-03.npz": "A",
    "mdma-105-07-04.npz": "D",
    "mdma-114-07-02.npz": "C",
    "mdma-151-07-01.npz": "C",
    "mdma-184-07-00.npz": "A",
    "mdma-138-07-04.npz": "B",
    "mdma-129-07-02.npz": "C",
    "mdma-122-07-00.npz": "C",
    "mdma-116-07-01.npz": "D",
    "mdma-158-07-00.npz": "A",
    "mdma-153-07-02.npz": "B",
    "mdma-186-07-03.npz": "A",
    "mdma-142-07-04.npz": "A",
    "mdma-120-07-03.npz": "A",
    "mdma-141-07-00.npz": "C",
    "mdma-194-07-01.npz": "B",
    "mdma-104-07-03.npz": "D",
    "mdma-132-07-01.npz": "C",
    "mdma-139-07-03.npz": "B",
    "mdma-143-07-03.npz": "A",
    "mdma-148-07-01.npz": "C",
    "mdma-196-07-02.npz": "D",
    "mdma-106-07-00.npz": "C",
    "mdma-187-07-04.npz": "D",
    "mdma-130-07-02.npz": "A",
    "mdma-121-07-04.npz": "A",
    "mdma-126-07-04.npz": "B",
    "mdma-137-07-02.npz": "C",
    "mdma-180-07-04.npz": "D",
    "mdma-101-07-00.npz": "C",
    "mdma-191-07-02.npz": "A",
    "mdma-144-07-03.npz": "A",
    "mdma-135-07-01.npz": "D",
    "mdma-103-07-03.npz": "A",
    "mdma-108-07-01.npz": "C",
    "mdma-193-07-01.npz": "B",
    "mdma-198-07-03.npz": "D",
    "mdma-146-07-00.npz": "C",
    "mdma-127-07-03.npz": "D",
    "mdma-145-07-04.npz": "B",
    "mdma-181-07-03.npz": "C",
    "mdma-154-07-02.npz": "C",
    "mdma-111-07-01.npz": "A",
    "mdma-125-07-00.npz": "B",
    "mdma-188-07-02.npz": "D",
    "mdma-183-07-00.npz": "B",
    "mdma-156-07-01.npz": "D",
    "mdma-118-07-00.npz": "A",
    "mdma-113-07-02.npz": "C",
    "mdma-102-07-04.npz": "C",
    "mdma-199-07-04.npz": "D",
    "mdma-115-07-03.npz": "A",
    "mdma-150-07-00.npz": "B",
    "mdma-185-07-01.npz": "C",
    "mdma-128-07-03.npz": "A",
    "mdma-123-07-01.npz": "D",
    "mdma-117-07-00.npz": "B",
    "mdma-159-07-01.npz": "B",
    "mdma-152-07-03.npz": "D",
    "mdma-187-07-02.npz": "A",
    "mdma-196-07-04.npz": "A",
    "mdma-121-07-02.npz": "C",
    "mdma-130-07-04.npz": "A",
    "mdma-114-07-04.npz": "C",
    "mdma-140-07-01.npz": "C",
    "mdma-195-07-00.npz": "A",
    "mdma-105-07-02.npz": "B",
    "mdma-129-07-04.npz": "D",
    "mdma-133-07-00.npz": "C",
    "mdma-138-07-02.npz": "C",
    "mdma-142-07-02.npz": "D",
    "mdma-149-07-00.npz": "C",
    "mdma-197-07-03.npz": "A",
    "mdma-107-07-01.npz": "A",
    "mdma-153-07-04.npz": "C",
    "mdma-131-07-03.npz": "A",
    "mdma-134-07-01.npz": "C",
    "mdma-109-07-01.npz": "A",
    "mdma-102-07-03.npz": "D",
    "mdma-199-07-03.npz": "D",
    "mdma-192-07-01.npz": "D",
    "mdma-147-07-00.npz": "B",
    "mdma-136-07-02.npz": "B",
    "mdma-127-07-04.npz": "C",
    "mdma-100-07-00.npz": "B",
    "mdma-190-07-02.npz": "A",
    "mdma-145-07-03.npz": "A",
    "mdma-181-07-04.npz": "D",
    "mdma-124-07-00.npz": "C",
    "mdma-103-07-04.npz": "D",
    "mdma-198-07-04.npz": "A",
    "mdma-182-07-00.npz": "A",
    "mdma-189-07-02.npz": "D",
    "mdma-157-07-01.npz": "A",
    "mdma-112-07-02.npz": "B",
    "mdma-119-07-00.npz": "C",
    "mdma-126-07-03.npz": "C",
    "mdma-180-07-03.npz": "A",
    "mdma-155-07-02.npz": "D",
    "mdma-110-07-01.npz": "C",
    "mdma-144-07-04.npz": "A",
    "mdma-197-07-04.npz": "A",
    "mdma-116-07-00.npz": "D",
    "mdma-153-07-03.npz": "A",
    "mdma-158-07-01.npz": "C",
    "mdma-186-07-02.npz": "A",
    "mdma-131-07-04.npz": "B",
    "mdma-120-07-02.npz": "B",
    "mdma-114-07-03.npz": "C",
    "mdma-151-07-00.npz": "C",
    "mdma-184-07-01.npz": "C",
    "mdma-122-07-01.npz": "A",
    "mdma-129-07-03.npz": "A",
    "mdma-152-07-04.npz": "A",
    "mdma-148-07-00.npz": "C",
    "mdma-143-07-02.npz": "D",
    "mdma-196-07-03.npz": "A",
    "mdma-106-07-01.npz": "D",
    "mdma-130-07-03.npz": "C",
    "mdma-141-07-01.npz": "A",
    "mdma-194-07-00.npz": "B",
    "mdma-104-07-02.npz": "B",
    "mdma-115-07-04.npz": "A",
    "mdma-139-07-02.npz": "B",
    "mdma-132-07-00.npz": "B",
    "mdma-128-07-04.npz": "B",
    "mdma-135-07-00.npz": "D",
    "mdma-189-07-04.npz": "B",
    "mdma-112-07-04.npz": "C",
    "mdma-108-07-00.npz": "C",
    "mdma-103-07-02.npz": "C",
    "mdma-198-07-02.npz": "C",
    "mdma-193-07-00.npz": "B",
    "mdma-146-07-01.npz": "B",
    "mdma-137-07-03.npz": "A",
    "mdma-101-07-01.npz": "A",
    "mdma-191-07-03.npz": "A",
    "mdma-144-07-02.npz": "A",
    "mdma-155-07-04.npz": "D",
    "mdma-125-07-01.npz": "B",
    "mdma-183-07-01.npz": "D",
    "mdma-188-07-03.npz": "A",
    "mdma-156-07-00.npz": "B",
    "mdma-113-07-03.npz": "B",
    "mdma-118-07-01.npz": "A",
    "mdma-127-07-02.npz": "B",
    "mdma-136-07-04.npz": "B",
    "mdma-181-07-02.npz": "D",
    "mdma-154-07-03.npz": "A",
    "mdma-111-07-00.npz": "D",
    "mdma-190-07-04.npz": "C",
    "mdma-143-07-04.npz": "D",
    "mdma-117-07-01.npz": "B",
    "mdma-152-07-02.npz": "C",
    "mdma-159-07-00.npz": "A",
    "mdma-187-07-03.npz": "C",
    "mdma-121-07-03.npz": "A",
    "mdma-115-07-02.npz": "D",
    "mdma-150-07-01.npz": "B",
    "mdma-185-07-00.npz": "A",
    "mdma-104-07-04.npz": "C",
    "mdma-123-07-00.npz": "D",
    "mdma-128-07-02.npz": "A",
    "mdma-139-07-04.npz": "D",
    "mdma-186-07-04.npz": "C",
    "mdma-149-07-01.npz": "C",
    "mdma-142-07-03.npz": "B",
    "mdma-197-07-02.npz": "C",
    "mdma-107-07-00.npz": "C",
    "mdma-120-07-04.npz": "A",
    "mdma-131-07-02.npz": "B",
    "mdma-140-07-00.npz": "A",
    "mdma-195-07-01.npz": "A",
    "mdma-105-07-03.npz": "B",
    "mdma-138-07-03.npz": "B",
    "mdma-133-07-01.npz": "B",
    "mdma-101-07-04.npz": "D",
    "mdma-155-07-01.npz": "A",
    "mdma-180-07-00.npz": "C",
    "mdma-110-07-02.npz": "C",
    "mdma-126-07-00.npz": "C",
    "mdma-157-07-02.npz": "C",
    "mdma-189-07-01.npz": "D",
    "mdma-182-07-03.npz": "A",
    "mdma-119-07-03.npz": "B",
    "mdma-112-07-01.npz": "A",
    "mdma-146-07-04.npz": "A",
    "mdma-124-07-03.npz": "A",
    "mdma-100-07-03.npz": "C",
    "mdma-145-07-00.npz": "A",
    "mdma-190-07-01.npz": "A",
    "mdma-136-07-01.npz": "B",
    "mdma-102-07-00.npz": "D",
    "mdma-109-07-02.npz": "D",
    "mdma-147-07-03.npz": "B",
    "mdma-192-07-02.npz": "C",
    "mdma-199-07-00.npz": "A",
    "mdma-183-07-04.npz": "A",
    "mdma-118-07-04.npz": "C",
    "mdma-134-07-02.npz": "C",
    "mdma-125-07-04.npz": "C",
    "mdma-132-07-03.npz": "B",
    "mdma-139-07-01.npz": "D",
    "mdma-150-07-04.npz": "B",
    "mdma-194-07-03.npz": "B",
    "mdma-141-07-02.npz": "B",
    "mdma-104-07-01.npz": "D",
    "mdma-130-07-00.npz": "C",
    "mdma-196-07-00.npz": "D",
    "mdma-143-07-01.npz": "B",
    "mdma-148-07-03.npz": "C",
    "mdma-106-07-02.npz": "C",
    "mdma-117-07-04.npz": "D",
    "mdma-133-07-04.npz": "C",
    "mdma-129-07-00.npz": "A",
    "mdma-122-07-02.npz": "B",
    "mdma-195-07-04.npz": "D",
    "mdma-114-07-00.npz": "B",
    "mdma-184-07-02.npz": "A",
    "mdma-151-07-03.npz": "A",
    "mdma-120-07-01.npz": "A",
    "mdma-116-07-03.npz": "allgood",
    "mdma-186-07-01.npz": "A",
    "mdma-158-07-02.npz": "D",
    "mdma-153-07-00.npz": "B",
    "mdma-149-07-04.npz": "C",
    "mdma-154-07-00.npz": "C",
    "mdma-181-07-01.npz": "C",
    "mdma-111-07-03.npz": "D",
    "mdma-127-07-01.npz": "D",
    "mdma-156-07-03.npz": "C",
    "mdma-188-07-00.npz": "A",
    "mdma-183-07-02.npz": "D",
    "mdma-118-07-02.npz": "A",
    "mdma-113-07-00.npz": "D",
    "mdma-109-07-04.npz": "B",
    "mdma-192-07-04.npz": "B",
    "mdma-125-07-02.npz": "A",
    "mdma-134-07-04.npz": "B",
    "mdma-110-07-04.npz": "A",
    "mdma-101-07-02.npz": "B",
    "mdma-144-07-01.npz": "C",
    "mdma-191-07-00.npz": "C",
    "mdma-137-07-00.npz": "A",
    "mdma-103-07-01.npz": "B",
    "mdma-108-07-03.npz": "D",
    "mdma-146-07-02.npz": "D",
    "mdma-193-07-03.npz": "B",
    "mdma-198-07-01.npz": "B",
    "mdma-157-07-04.npz": "A",
    "mdma-135-07-03.npz": "D",
    "mdma-122-07-04.npz": "A",
    "mdma-133-07-02.npz": "C",
    "mdma-138-07-00.npz": "D",
    "mdma-184-07-04.npz": "D",
    "mdma-195-07-02.npz": "D",
    "mdma-140-07-03.npz": "A",
    "mdma-105-07-00.npz": "B",
    "mdma-131-07-01.npz": "C",
    "mdma-197-07-01.npz": "B",
    "mdma-142-07-00.npz": "A",
    "mdma-149-07-02.npz": "B",
    "mdma-107-07-03.npz": "D",
    "mdma-158-07-04.npz": "B",
    "mdma-128-07-01.npz": "D",
    "mdma-123-07-03.npz": "A",
    "mdma-141-07-04.npz": "B",
    "mdma-115-07-01.npz": "C",
    "mdma-185-07-03.npz": "D",
    "mdma-150-07-02.npz": "A",
    "mdma-121-07-00.npz": "B",
    "mdma-117-07-02.npz": "allgood",
    "mdma-187-07-00.npz": "A",
    "mdma-159-07-03.npz": "B",
    "mdma-152-07-01.npz": "A",
    "mdma-106-07-04.npz": "B",
    "mdma-108-07-04.npz": "A",
    "mdma-193-07-04.npz": "B",
    "mdma-157-07-03.npz": "C",
    "mdma-182-07-02.npz": "D",
    "mdma-189-07-00.npz": "B",
    "mdma-112-07-00.npz": "B",
    "mdma-119-07-02.npz": "B",
    "mdma-135-07-04.npz": "B",
    "mdma-124-07-02.npz": "B",
    "mdma-155-07-00.npz": "D",
    "mdma-180-07-01.npz": "C",
    "mdma-110-07-03.npz": "B",
    "mdma-126-07-01.npz": "A",
    "mdma-156-07-04.npz": "D",
    "mdma-109-07-03.npz": "D",
    "mdma-102-07-01.npz": "C",
    "mdma-147-07-02.npz": "B",
    "mdma-199-07-01.npz": "B",
    "mdma-192-07-03.npz": "A",
    "mdma-134-07-03.npz": "D",
    "mdma-100-07-02.npz": "B",
    "mdma-145-07-01.npz": "C",
    "mdma-190-07-00.npz": "D",
    "mdma-111-07-04.npz": "A",
    "mdma-136-07-00.npz": "B",
    "mdma-130-07-01.npz": "A",
    "mdma-159-07-04.npz": "C",
    "mdma-196-07-01.npz": "B",
    "mdma-148-07-02.npz": "B",
    "mdma-143-07-00.npz": "A",
    "mdma-106-07-03.npz": "D",
    "mdma-139-07-00.npz": "B",
    "mdma-132-07-02.npz": "B",
    "mdma-123-07-04.npz": "C",
    "mdma-194-07-02.npz": "D",
    "mdma-141-07-03.npz": "C",
    "mdma-104-07-00.npz": "B",
    "mdma-185-07-04.npz": "C",
    "mdma-120-07-00.npz": "B",
    "mdma-107-07-04.npz": "D",
    "mdma-116-07-02.npz": "B",
    "mdma-186-07-00.npz": "B",
    "mdma-153-07-01.npz": "C",
    "mdma-158-07-03.npz": "C",
    "mdma-122-07-03.npz": "C",
    "mdma-129-07-01.npz": "C",
    "mdma-114-07-01.npz": "B",
    "mdma-184-07-03.npz": "B",
    "mdma-151-07-02.npz": "C",
    "mdma-140-07-04.npz": "A",
    "mdma-147-07-04.npz": "A",
    "mdma-156-07-02.npz": "C",
    "mdma-183-07-03.npz": "A",
    "mdma-188-07-01.npz": "A",
    "mdma-113-07-01.npz": "A",
    "mdma-118-07-03.npz": "C",
    "mdma-125-07-03.npz": "A",
    "mdma-154-07-01.npz": "A",
    "mdma-181-07-00.npz": "B",
    "mdma-111-07-02.npz": "D",
    "mdma-100-07-04.npz": "A",
    "mdma-127-07-00.npz": "A",
    "mdma-182-07-04.npz": "B",
    "mdma-119-07-04.npz": "A",
    "mdma-108-07-02.npz": "B",
    "mdma-103-07-00.npz": "A",
    "mdma-146-07-03.npz": "A",
    "mdma-198-07-00.npz": "D",
    "mdma-193-07-02.npz": "C",
    "mdma-124-07-04.npz": "C",
    "mdma-135-07-02.npz": "A",
    "mdma-101-07-03.npz": "B",
    "mdma-144-07-00.npz": "C",
    "mdma-191-07-01.npz": "B",
    "mdma-137-07-01.npz": "D",
    "mdma-131-07-00.npz": "B",
    "mdma-116-07-04.npz": "B",
    "mdma-197-07-00.npz": "A",
    "mdma-149-07-03.npz": "C",
    "mdma-142-07-01.npz": "A",
    "mdma-107-07-02.npz": "C",
    "mdma-138-07-01.npz": "C",
    "mdma-133-07-03.npz": "B",
    "mdma-195-07-03.npz": "A",
    "mdma-140-07-02.npz": "A",
    "mdma-105-07-01.npz": "D",
    "mdma-151-07-04.npz": "A",
    "mdma-121-07-01.npz": "B",
    "mdma-148-07-04.npz": "C",
    "mdma-117-07-03.npz": "A",
    "mdma-187-07-01.npz": "D",
    "mdma-152-07-00.npz": "A",
    "mdma-159-07-02.npz": "D",
    "mdma-123-07-02.npz": "A",
    "mdma-128-07-00.npz": "D",
    "mdma-132-07-04.npz": "B",
    "mdma-115-07-00.npz": "C",
    "mdma-185-07-02.npz": "B",
    "mdma-150-07-03.npz": "D",
    "mdma-194-07-04.npz": "D"
}