{
    "mdmu-101-12-00.npz": "A",
    "mdmu-108-12-01.npz": "A",
    "mdmu-111-12-01.npz": "D",
    "mdmu-118-12-00.npz": "C",
    "mdmu-117-12-00.npz": "A",
    "mdmu-107-12-01.npz": "A",
    "mdmu-100-12-01.npz": "C",
    "mdmu-109-12-00.npz": "D",
    "mdmu-110-12-00.npz": "A",
    "mdmu-119-12-01.npz": "D",
    "mdmu-116-12-01.npz": "C",
    "mdmu-106-12-00.npz": "D",
    "mdmu-108-12-00.npz": "C",
    "mdmu-101-12-01.npz": "D",
    "mdmu-118-12-01.npz": "D",
    "mdmu-111-12-00.npz": "B",
    "mdmu-117-12-01.npz": "A",
    "mdmu-107-12-00.npz": "C",
    "mdmu-109-12-01.npz": "C",
    "mdmu-100-12-00.npz": "A",
    "mdmu-119-12-00.npz": "C",
    "mdmu-110-12-01.npz": "C",
    "mdmu-116-12-00.npz": "D",
    "mdmu-106-12-01.npz": "A",
    "mdmu-113-12-00.npz": "B",
    "mdmu-103-12-01.npz": "B",
    "mdmu-105-12-00.npz": "A",
    "mdmu-115-12-01.npz": "B",
    "mdmu-112-12-01.npz": "D",
    "mdmu-102-12-00.npz": "A",
    "mdmu-104-12-01.npz": "D",
    "mdmu-114-12-00.npz": "D",
    "mdmu-120-12-01.npz": "D",
    "mdmu-113-12-01.npz": "B",
    "mdmu-103-12-00.npz": "C",
    "mdmu-105-12-01.npz": "D",
    "mdmu-115-12-00.npz": "A",
    "mdmu-112-12-00.npz": "A",
    "mdmu-102-12-01.npz": "C",
    "mdmu-104-12-00.npz": "C",
    "mdmu-120-12-00.npz": "B",
    "mdmu-114-12-01.npz": "C"
}