{
    "mdmu-s00-30-00.npz": "A",
    "mdmu-s00-30-01.npz": "B",
    "mdmu-s02-30-00.npz": "D",
    "mdmu-s02-30-01.npz": "C",
    "mdmu-s03-30-01.npz": "C",
    "mdmu-s04-30-00.npz": "C",
    "mdmu-s04-30-01.npz": "B",
    "mdmu-s06-30-01.npz": "A",
    "mdmu-s08-30-00.npz": "C",
    "mdmu-s09-30-00.npz": "C",
    "mdmu-s09-30-01.npz": "D",
    "mdmu-s10-30-00.npz": "C",
    "mdmu-s10-30-01.npz": "A",
    "mdmu-s11-30-00.npz": "C",
    "mdmu-s11-30-01.npz": "B",
    "mdmu-s12-30-00.npz": "A",
    "mdmu-s12-30-01.npz": "D",
    "mdmu-s13-30-00.npz": "B",
    "mdmu-s13-30-01.npz": "D",
    "mdmu-s14-30-00.npz": "B",
    "mdmu-s14-30-01.npz": "A",
    "mdmu-s15-30-00.npz": "D",
    "mdmu-s15-30-01.npz": "B",
    "mdmu-s16-30-00.npz": "C",
    "mdmu-s17-30-00.npz": "D",
    "mdmu-s17-30-01.npz": "A",
    "mdmu-s18-30-00.npz": "D",
    "mdmu-s18-30-01.npz": "C",
    "mdmu-s19-30-00.npz": "D",
    "mdmu-s19-30-01.npz": "C",
    "mdmu-s20-30-00.npz": "D",
    "mdmu-s20-30-01.npz": "B",
    "mdmu-s21-30-00.npz": "A",
    "mdmu-s21-30-01.npz": "B",
    "mdmu-s22-30-00.npz": "D",
    "mdmu-s22-30-01.npz": "C",
    "mdmu-s23-30-00.npz": "A",
    "mdmu-s23-30-01.npz": "B",
    "mdmu-s24-30-01.npz": "A",
    "mdmu-s25-30-00.npz": "C",
    "mdmu-s27-30-00.npz": "C",
    "mdmu-s27-30-01.npz": "D",
    "mdmu-s28-30-00.npz": "C",
    "mdmu-s28-30-01.npz": "C",
    "mdmu-s29-30-00.npz": "D",
    "mdmu-s29-30-01.npz": "C",
    "mdmu-s30-30-00.npz": "B",
    "mdmu-s30-30-01.npz": "B",
    "mdmu-s31-30-00.npz": "D",
    "mdmu-s31-30-01.npz": "D",
    "mdmu-s32-30-00.npz": "C",
    "mdmu-s32-30-01.npz": "A",
    "mdmu-s33-30-00.npz": "B",
    "mdmu-s33-30-01.npz": "B",
    "mdmu-s34-30-00.npz": "B",
    "mdmu-s34-30-01.npz": "C",
    "mdmu-s35-30-00.npz": "A",
    "mdmu-s36-30-00.npz": "C",
    "mdmu-s36-30-01.npz": "C",
    "mdmu-s37-30-00.npz": "B",
    "mdmu-s37-30-01.npz": "A",
    "mdmu-s38-30-00.npz": "A",
    "mdmu-s38-30-01.npz": "D",
    "mdmu-s39-30-00.npz": "C",
    "mdmu-s39-30-01.npz": "D",
    "mdmu-s40-30-01.npz": "B",
    "mdmu-s41-30-00.npz": "D",
    "mdmu-s41-30-01.npz": "A",
    "mdmu-s42-30-00.npz": "B",
    "mdmu-s42-30-01.npz": "B",
    "mdmu-s43-30-00.npz": "B",
    "mdmu-s43-30-01.npz": "A",
    "mdmu-s44-30-00.npz": "C",
    "mdmu-s44-30-01.npz": "B",
    "mdmu-s45-30-00.npz": "B",
    "mdmu-s45-30-01.npz": "C",
    "mdmu-s46-30-00.npz": "A",
    "mdmu-s46-30-01.npz": "B",
    "mdmu-s47-30-00.npz": "A",
    "mdmu-s47-30-01.npz": "B",
    "mdmu-s48-30-00.npz": "C",
    "mdmu-s48-30-01.npz": "B",
    "mdmu-s49-30-00.npz": "D",
    "mdmu-s49-30-01.npz": "A",
    "mdmu-s50-30-01.npz": "C",
    "mdmu-s51-30-00.npz": "A",
    "mdmu-s51-30-01.npz": "A",
    "mdmu-s52-30-00.npz": "B",
    "mdmu-s52-30-01.npz": "D",
    "mdmu-s53-30-00.npz": "A",
    "mdmu-s53-30-01.npz": "A",
    "mdmu-s54-30-00.npz": "A",
    "mdmu-s54-30-01.npz": "C",
    "mdmu-s55-30-00.npz": "D",
    "mdmu-s55-30-01.npz": "A",
    "mdmu-s56-30-00.npz": "B",
    "mdmu-s56-30-01.npz": "D",
    "mdmu-s57-30-00.npz": "B",
    "mdmu-s57-30-01.npz": "D",
    "mdmu-s58-30-00.npz": "D",
    "mdmu-s58-30-01.npz": "A",
    "mdmu-s59-30-00.npz": "D",
    "mdmu-s59-30-01.npz": "C",
    "mdmu-s60-30-01.npz": "C",
    "mdmu-s61-30-00.npz": "B",
    "mdmu-s61-30-01.npz": "C",
    "mdmu-s62-30-00.npz": "D",
    "mdmu-s62-30-01.npz": "A",
    "mdmu-s63-30-00.npz": "A",
    "mdmu-s63-30-01.npz": "D",
    "mdmu-s64-30-00.npz": "A",
    "mdmu-s64-30-01.npz": "B",
    "mdmu-s65-30-00.npz": "C",
    "mdmu-s65-30-01.npz": "A",
    "mdmu-s66-30-00.npz": "B",
    "mdmu-s66-30-01.npz": "C",
    "mdmu-s67-30-00.npz": "D",
    "mdmu-s67-30-01.npz": "A",
    "mdmu-s68-30-00.npz": "C",
    "mdmu-s68-30-01.npz": "C",
    "mdmu-s69-30-00.npz": "B",
    "mdmu-s69-30-01.npz": "B",
    "mdmu-s70-30-01.npz": "A",
    "mdmu-s71-30-00.npz": "B",
    "mdmu-s71-30-01.npz": "A",
    "mdmu-s72-30-00.npz": "C",
    "mdmu-s72-30-01.npz": "A",
    "mdmu-s73-30-00.npz": "D",
    "mdmu-s73-30-01.npz": "B",
    "mdmu-s74-30-00.npz": "B",
    "mdmu-s74-30-01.npz": "C",
    "mdmu-s75-30-00.npz": "D",
    "mdmu-s75-30-01.npz": "C",
    "mdmu-s76-30-00.npz": "C",
    "mdmu-s76-30-01.npz": "B",
    "mdmu-s77-30-00.npz": "B",
    "mdmu-s77-30-01.npz": "B",
    "mdmu-s78-30-00.npz": "C",
    "mdmu-s78-30-01.npz": "C",
    "mdmu-s79-30-00.npz": "B",
    "mdmu-s79-30-01.npz": "C",
    "mdmu-s80-30-01.npz": "C",
    "mdmu-s81-30-00.npz": "D",
    "mdmu-s81-30-01.npz": "B",
    "mdmu-s82-30-00.npz": "A",
    "mdmu-s82-30-01.npz": "B",
    "mdmu-s83-30-00.npz": "allbad",
    "mdmu-s83-30-01.npz": "A",
    "mdmu-s84-30-00.npz": "A",
    "mdmu-s84-30-01.npz": "D",
    "mdmu-s85-30-00.npz": "C",
    "mdmu-s85-30-01.npz": "C",
    "mdmu-s86-30-00.npz": "B",
    "mdmu-s86-30-01.npz": "D",
    "mdmu-s87-30-00.npz": "B",
    "mdmu-s87-30-01.npz": "D",
    "mdmu-s88-30-00.npz": "D",
    "mdmu-s88-30-01.npz": "C",
    "mdmu-s89-30-00.npz": "A",
    "mdmu-s89-30-01.npz": "D",
    "mdmu-s90-30-01.npz": "C",
    "mdmu-s91-30-00.npz": "A",
    "mdmu-s91-30-01.npz": "C",
    "mdmu-s92-30-00.npz": "C",
    "mdmu-s92-30-01.npz": "A",
    "mdmu-s93-30-00.npz": "D",
    "mdmu-s93-30-01.npz": "C",
    "mdmu-s94-30-00.npz": "A",
    "mdmu-s94-30-01.npz": "A",
    "mdmu-s95-30-00.npz": "B",
    "mdmu-s95-30-01.npz": "D",
    "mdmu-s96-30-00.npz": "A",
    "mdmu-s96-30-01.npz": "C",
    "mdmu-s97-30-00.npz": "C",
    "mdmu-s97-30-01.npz": "B",
    "mdmu-s98-30-00.npz": "A",
    "mdmu-s98-30-01.npz": "D",
    "mdmu-s99-30-00.npz": "C",
    "mdmu-s99-30-01.npz": "C"
}