{
    "mdma-145-06-04.npz": "allbad",
    "mdma-111-06-01.npz": "allbad",
    "mdma-154-06-02.npz": "B",
    "mdma-181-06-03.npz": "D",
    "mdma-127-06-03.npz": "A",
    "mdma-113-06-02.npz": "D",
    "mdma-118-06-00.npz": "allbad",
    "mdma-156-06-01.npz": "C",
    "mdma-183-06-00.npz": "B",
    "mdma-188-06-02.npz": "A",
    "mdma-199-06-04.npz": "D",
    "mdma-102-06-04.npz": "allbad",
    "mdma-125-06-00.npz": "allbad",
    "mdma-180-06-04.npz": "D",
    "mdma-144-06-03.npz": "B",
    "mdma-191-06-02.npz": "allbad",
    "mdma-101-06-00.npz": "allbad",
    "mdma-126-06-04.npz": "A",
    "mdma-137-06-02.npz": "D",
    "mdma-146-06-00.npz": "B",
    "mdma-198-06-03.npz": "A",
    "mdma-193-06-01.npz": "C",
    "mdma-108-06-01.npz": "B",
    "mdma-103-06-03.npz": "allbad",
    "mdma-135-06-01.npz": "allbad",
    "mdma-129-06-04.npz": "allbad",
    "mdma-138-06-02.npz": "A",
    "mdma-133-06-00.npz": "B",
    "mdma-114-06-04.npz": "C",
    "mdma-105-06-02.npz": "allbad",
    "mdma-195-06-00.npz": "B",
    "mdma-140-06-01.npz": "allbad",
    "mdma-131-06-03.npz": "C",
    "mdma-107-06-01.npz": "B",
    "mdma-197-06-03.npz": "C",
    "mdma-149-06-00.npz": "B",
    "mdma-142-06-02.npz": "C",
    "mdma-153-06-04.npz": "C",
    "mdma-123-06-01.npz": "allbad",
    "mdma-128-06-03.npz": "A",
    "mdma-185-06-01.npz": "B",
    "mdma-150-06-00.npz": "B",
    "mdma-115-06-03.npz": "A",
    "mdma-121-06-02.npz": "allbad",
    "mdma-130-06-04.npz": "B",
    "mdma-187-06-02.npz": "C",
    "mdma-152-06-03.npz": "D",
    "mdma-159-06-01.npz": "B",
    "mdma-117-06-00.npz": "A",
    "mdma-196-06-04.npz": "allbad",
    "mdma-191-06-04.npz": "A",
    "mdma-110-06-00.npz": "D",
    "mdma-155-06-03.npz": "C",
    "mdma-180-06-02.npz": "D",
    "mdma-137-06-04.npz": "A",
    "mdma-126-06-02.npz": "A",
    "mdma-112-06-03.npz": "A",
    "mdma-119-06-01.npz": "C",
    "mdma-157-06-00.npz": "A",
    "mdma-182-06-01.npz": "B",
    "mdma-189-06-03.npz": "A",
    "mdma-124-06-01.npz": "A",
    "mdma-154-06-04.npz": "A",
    "mdma-145-06-02.npz": "C",
    "mdma-190-06-03.npz": "D",
    "mdma-100-06-01.npz": "B",
    "mdma-136-06-03.npz": "A",
    "mdma-147-06-01.npz": "C",
    "mdma-199-06-02.npz": "D",
    "mdma-192-06-00.npz": "A",
    "mdma-109-06-00.npz": "allbad",
    "mdma-102-06-02.npz": "B",
    "mdma-113-06-04.npz": "allbad",
    "mdma-188-06-04.npz": "B",
    "mdma-134-06-00.npz": "allbad",
    "mdma-139-06-03.npz": "C",
    "mdma-132-06-01.npz": "allbad",
    "mdma-104-06-03.npz": "A",
    "mdma-194-06-01.npz": "C",
    "mdma-141-06-00.npz": "allbad",
    "mdma-130-06-02.npz": "A",
    "mdma-121-06-04.npz": "allbad",
    "mdma-106-06-00.npz": "allbad",
    "mdma-196-06-02.npz": "D",
    "mdma-148-06-01.npz": "C",
    "mdma-143-06-03.npz": "A",
    "mdma-187-06-04.npz": "B",
    "mdma-138-06-04.npz": "A",
    "mdma-122-06-00.npz": "B",
    "mdma-129-06-02.npz": "B",
    "mdma-105-06-04.npz": "B",
    "mdma-184-06-00.npz": "B",
    "mdma-151-06-01.npz": "allbad",
    "mdma-114-06-02.npz": "C",
    "mdma-120-06-03.npz": "allbad",
    "mdma-186-06-03.npz": "B",
    "mdma-153-06-02.npz": "allbad",
    "mdma-158-06-00.npz": "D",
    "mdma-116-06-01.npz": "D",
    "mdma-142-06-04.npz": "B",
    "mdma-118-06-01.npz": "allbad",
    "mdma-113-06-03.npz": "A",
    "mdma-156-06-00.npz": "allbad",
    "mdma-188-06-03.npz": "B",
    "mdma-183-06-01.npz": "A",
    "mdma-125-06-01.npz": "B",
    "mdma-111-06-00.npz": "B",
    "mdma-154-06-03.npz": "C",
    "mdma-181-06-02.npz": "A",
    "mdma-190-06-04.npz": "D",
    "mdma-127-06-02.npz": "C",
    "mdma-136-06-04.npz": "A",
    "mdma-112-06-04.npz": "B",
    "mdma-189-06-04.npz": "A",
    "mdma-146-06-01.npz": "D",
    "mdma-193-06-00.npz": "D",
    "mdma-198-06-02.npz": "B",
    "mdma-103-06-02.npz": "allbad",
    "mdma-108-06-00.npz": "allbad",
    "mdma-135-06-00.npz": "D",
    "mdma-144-06-02.npz": "allbad",
    "mdma-191-06-03.npz": "D",
    "mdma-101-06-01.npz": "allbad",
    "mdma-155-06-04.npz": "allbad",
    "mdma-137-06-03.npz": "D",
    "mdma-120-06-04.npz": "A",
    "mdma-131-06-02.npz": "D",
    "mdma-186-06-04.npz": "B",
    "mdma-107-06-00.npz": "allbad",
    "mdma-197-06-02.npz": "C",
    "mdma-142-06-03.npz": "allbad",
    "mdma-149-06-01.npz": "allbad",
    "mdma-133-06-01.npz": "C",
    "mdma-138-06-03.npz": "allbad",
    "mdma-105-06-03.npz": "C",
    "mdma-195-06-01.npz": "C",
    "mdma-140-06-00.npz": "B",
    "mdma-121-06-03.npz": "allbad",
    "mdma-143-06-04.npz": "allbad",
    "mdma-187-06-03.npz": "allbad",
    "mdma-159-06-00.npz": "B",
    "mdma-152-06-02.npz": "D",
    "mdma-117-06-01.npz": "C",
    "mdma-128-06-02.npz": "C",
    "mdma-123-06-00.npz": "D",
    "mdma-185-06-00.npz": "C",
    "mdma-150-06-01.npz": "D",
    "mdma-115-06-02.npz": "B",
    "mdma-104-06-04.npz": "C",
    "mdma-198-06-04.npz": "C",
    "mdma-103-06-04.npz": "allbad",
    "mdma-119-06-00.npz": "C",
    "mdma-112-06-02.npz": "C",
    "mdma-157-06-01.npz": "D",
    "mdma-189-06-02.npz": "B",
    "mdma-182-06-00.npz": "C",
    "mdma-124-06-00.npz": "C",
    "mdma-110-06-01.npz": "D",
    "mdma-155-06-02.npz": "C",
    "mdma-180-06-03.npz": "A",
    "mdma-144-06-04.npz": "B",
    "mdma-126-06-03.npz": "allbad",
    "mdma-147-06-00.npz": "A",
    "mdma-192-06-01.npz": "B",
    "mdma-199-06-03.npz": "A",
    "mdma-102-06-03.npz": "D",
    "mdma-109-06-01.npz": "allbad",
    "mdma-134-06-01.npz": "B",
    "mdma-145-06-03.npz": "allbad",
    "mdma-190-06-02.npz": "B",
    "mdma-100-06-00.npz": "A",
    "mdma-181-06-04.npz": "D",
    "mdma-136-06-02.npz": "allbad",
    "mdma-127-06-04.npz": "allbad",
    "mdma-130-06-03.npz": "D",
    "mdma-152-06-04.npz": "allbad",
    "mdma-106-06-01.npz": "A",
    "mdma-196-06-03.npz": "allbad",
    "mdma-143-06-02.npz": "allbad",
    "mdma-148-06-00.npz": "D",
    "mdma-132-06-00.npz": "D",
    "mdma-139-06-02.npz": "allbad",
    "mdma-128-06-04.npz": "allbad",
    "mdma-104-06-02.npz": "B",
    "mdma-194-06-00.npz": "D",
    "mdma-141-06-01.npz": "C",
    "mdma-115-06-04.npz": "A",
    "mdma-131-06-04.npz": "allbad",
    "mdma-120-06-02.npz": "C",
    "mdma-197-06-04.npz": "A",
    "mdma-186-06-02.npz": "A",
    "mdma-158-06-01.npz": "A",
    "mdma-153-06-03.npz": "D",
    "mdma-116-06-00.npz": "C",
    "mdma-129-06-03.npz": "allbad",
    "mdma-122-06-01.npz": "B",
    "mdma-184-06-01.npz": "C",
    "mdma-151-06-00.npz": "B",
    "mdma-114-06-03.npz": "C",
    "mdma-137-06-00.npz": "D",
    "mdma-110-06-04.npz": "allbad",
    "mdma-191-06-00.npz": "C",
    "mdma-144-06-01.npz": "C",
    "mdma-101-06-02.npz": "allbad",
    "mdma-135-06-03.npz": "allbad",
    "mdma-198-06-01.npz": "allbad",
    "mdma-193-06-03.npz": "C",
    "mdma-146-06-02.npz": "allbad",
    "mdma-108-06-03.npz": "D",
    "mdma-103-06-01.npz": "allbad",
    "mdma-157-06-04.npz": "A",
    "mdma-127-06-01.npz": "C",
    "mdma-111-06-03.npz": "C",
    "mdma-181-06-01.npz": "C",
    "mdma-154-06-00.npz": "B",
    "mdma-125-06-02.npz": "A",
    "mdma-134-06-04.npz": "A",
    "mdma-113-06-00.npz": "allbad",
    "mdma-118-06-02.npz": "C",
    "mdma-183-06-02.npz": "C",
    "mdma-188-06-00.npz": "C",
    "mdma-156-06-03.npz": "C",
    "mdma-192-06-04.npz": "D",
    "mdma-109-06-04.npz": "allbad",
    "mdma-141-06-04.npz": "C",
    "mdma-150-06-02.npz": "A",
    "mdma-185-06-03.npz": "C",
    "mdma-115-06-01.npz": "C",
    "mdma-123-06-03.npz": "C",
    "mdma-128-06-01.npz": "A",
    "mdma-152-06-01.npz": "A",
    "mdma-159-06-03.npz": "allbad",
    "mdma-187-06-00.npz": "B",
    "mdma-117-06-02.npz": "D",
    "mdma-106-06-04.npz": "C",
    "mdma-121-06-00.npz": "allbad",
    "mdma-184-06-04.npz": "A",
    "mdma-105-06-00.npz": "allbad",
    "mdma-140-06-03.npz": "C",
    "mdma-195-06-02.npz": "C",
    "mdma-122-06-04.npz": "D",
    "mdma-138-06-00.npz": "allbad",
    "mdma-133-06-02.npz": "allbad",
    "mdma-107-06-03.npz": "A",
    "mdma-149-06-02.npz": "allbad",
    "mdma-142-06-00.npz": "allbad",
    "mdma-197-06-01.npz": "C",
    "mdma-158-06-04.npz": "B",
    "mdma-131-06-01.npz": "C",
    "mdma-136-06-01.npz": "allbad",
    "mdma-190-06-01.npz": "A",
    "mdma-145-06-00.npz": "allbad",
    "mdma-100-06-03.npz": "D",
    "mdma-125-06-04.npz": "allbad",
    "mdma-199-06-00.npz": "allbad",
    "mdma-192-06-02.npz": "A",
    "mdma-147-06-03.npz": "C",
    "mdma-109-06-02.npz": "D",
    "mdma-102-06-00.npz": "allbad",
    "mdma-118-06-04.npz": "allbad",
    "mdma-183-06-04.npz": "C",
    "mdma-126-06-00.npz": "B",
    "mdma-101-06-04.npz": "allbad",
    "mdma-110-06-02.npz": "allbad",
    "mdma-180-06-00.npz": "B",
    "mdma-155-06-01.npz": "B",
    "mdma-124-06-03.npz": "D",
    "mdma-112-06-01.npz": "allbad",
    "mdma-119-06-03.npz": "C",
    "mdma-182-06-03.npz": "C",
    "mdma-189-06-01.npz": "D",
    "mdma-157-06-02.npz": "D",
    "mdma-146-06-04.npz": "D",
    "mdma-195-06-04.npz": "allbad",
    "mdma-151-06-03.npz": "B",
    "mdma-184-06-02.npz": "B",
    "mdma-114-06-00.npz": "D",
    "mdma-133-06-04.npz": "A",
    "mdma-122-06-02.npz": "allbad",
    "mdma-129-06-00.npz": "allbad",
    "mdma-153-06-00.npz": "B",
    "mdma-158-06-02.npz": "allbad",
    "mdma-186-06-01.npz": "B",
    "mdma-116-06-03.npz": "D",
    "mdma-149-06-04.npz": "B",
    "mdma-120-06-01.npz": "allbad",
    "mdma-150-06-04.npz": "B",
    "mdma-104-06-01.npz": "allbad",
    "mdma-141-06-02.npz": "A",
    "mdma-194-06-03.npz": "allbad",
    "mdma-139-06-01.npz": "A",
    "mdma-132-06-03.npz": "B",
    "mdma-106-06-02.npz": "allbad",
    "mdma-148-06-03.npz": "C",
    "mdma-143-06-01.npz": "D",
    "mdma-196-06-00.npz": "allbad",
    "mdma-117-06-04.npz": "C",
    "mdma-130-06-00.npz": "allbad",
    "mdma-124-06-04.npz": "A",
    "mdma-135-06-02.npz": "B",
    "mdma-119-06-04.npz": "B",
    "mdma-182-06-04.npz": "C",
    "mdma-193-06-02.npz": "B",
    "mdma-198-06-00.npz": "allbad",
    "mdma-146-06-03.npz": "allbad",
    "mdma-103-06-00.npz": "allbad",
    "mdma-108-06-02.npz": "B",
    "mdma-137-06-01.npz": "allbad",
    "mdma-191-06-01.npz": "allbad",
    "mdma-144-06-00.npz": "A",
    "mdma-101-06-03.npz": "A",
    "mdma-125-06-03.npz": "B",
    "mdma-147-06-04.npz": "C",
    "mdma-118-06-03.npz": "B",
    "mdma-113-06-01.npz": "D",
    "mdma-188-06-01.npz": "A",
    "mdma-183-06-03.npz": "D",
    "mdma-156-06-02.npz": "B",
    "mdma-127-06-00.npz": "A",
    "mdma-111-06-02.npz": "B",
    "mdma-181-06-00.npz": "D",
    "mdma-154-06-01.npz": "D",
    "mdma-100-06-04.npz": "D",
    "mdma-148-06-04.npz": "A",
    "mdma-159-06-02.npz": "D",
    "mdma-152-06-00.npz": "D",
    "mdma-187-06-01.npz": "D",
    "mdma-117-06-03.npz": "A",
    "mdma-150-06-03.npz": "C",
    "mdma-185-06-02.npz": "D",
    "mdma-115-06-00.npz": "allbad",
    "mdma-194-06-04.npz": "D",
    "mdma-128-06-00.npz": "allbad",
    "mdma-123-06-02.npz": "C",
    "mdma-132-06-04.npz": "B",
    "mdma-116-06-04.npz": "allbad",
    "mdma-107-06-02.npz": "A",
    "mdma-142-06-01.npz": "C",
    "mdma-149-06-03.npz": "allbad",
    "mdma-197-06-00.npz": "A",
    "mdma-131-06-00.npz": "C",
    "mdma-105-06-01.npz": "allbad",
    "mdma-140-06-02.npz": "D",
    "mdma-195-06-03.npz": "allbad",
    "mdma-151-06-04.npz": "allbad",
    "mdma-133-06-03.npz": "allbad",
    "mdma-138-06-01.npz": "allbad",
    "mdma-156-06-04.npz": "B",
    "mdma-192-06-03.npz": "C",
    "mdma-199-06-01.npz": "allbad",
    "mdma-147-06-02.npz": "allbad",
    "mdma-102-06-01.npz": "B",
    "mdma-109-06-03.npz": "B",
    "mdma-136-06-00.npz": "A",
    "mdma-190-06-00.npz": "C",
    "mdma-145-06-01.npz": "C",
    "mdma-100-06-02.npz": "allbad",
    "mdma-111-06-04.npz": "B",
    "mdma-135-06-04.npz": "A",
    "mdma-124-06-02.npz": "allbad",
    "mdma-193-06-04.npz": "D",
    "mdma-108-06-04.npz": "B",
    "mdma-119-06-02.npz": "D",
    "mdma-112-06-00.npz": "allbad",
    "mdma-189-06-00.npz": "C",
    "mdma-182-06-02.npz": "A",
    "mdma-157-06-03.npz": "B",
    "mdma-126-06-01.npz": "C",
    "mdma-110-06-03.npz": "allbad",
    "mdma-180-06-01.npz": "A",
    "mdma-155-06-00.npz": "D",
    "mdma-107-06-04.npz": "C",
    "mdma-158-06-03.npz": "D",
    "mdma-153-06-01.npz": "allbad",
    "mdma-186-06-00.npz": "allbad",
    "mdma-116-06-02.npz": "C",
    "mdma-120-06-00.npz": "D",
    "mdma-151-06-02.npz": "A",
    "mdma-184-06-03.npz": "A",
    "mdma-114-06-01.npz": "A",
    "mdma-140-06-04.npz": "allbad",
    "mdma-129-06-01.npz": "allbad",
    "mdma-122-06-03.npz": "A",
    "mdma-159-06-04.npz": "A",
    "mdma-106-06-03.npz": "D",
    "mdma-143-06-00.npz": "D",
    "mdma-148-06-02.npz": "C",
    "mdma-196-06-01.npz": "allbad",
    "mdma-130-06-01.npz": "C",
    "mdma-104-06-00.npz": "C",
    "mdma-141-06-03.npz": "A",
    "mdma-194-06-02.npz": "allbad",
    "mdma-185-06-04.npz": "B",
    "mdma-132-06-02.npz": "B",
    "mdma-139-06-00.npz": "allbad",
    "mdma-123-06-04.npz": "allbad",
    "mdma-s69-06-04.npz": "A",
    "mdma-s61-06-03.npz": "C",
    "mdma-s59-06-00.npz": "allbad",
    "mdma-s86-06-04.npz": "C",
    "mdma-s13-06-00.npz": "allbad",
    "mdma-s69-06-00.npz": "B",
    "mdma-s17-06-03.npz": "B"
}