{
    "mdmu-s00-36-01.npz": "C",
    "mdmu-s01-36-00.npz": "allbad",
    "mdmu-s01-36-01.npz": "D",
    "mdmu-s02-36-01.npz": "D",
    "mdmu-s03-36-00.npz": "C",
    "mdmu-s03-36-01.npz": "C",
    "mdmu-s04-36-00.npz": "A",
    "mdmu-s04-36-01.npz": "A",
    "mdmu-s05-36-01.npz": "B",
    "mdmu-s06-36-00.npz": "D",
    "mdmu-s06-36-01.npz": "C",
    "mdmu-s07-36-01.npz": "B",
    "mdmu-s08-36-00.npz": "C",
    "mdmu-s08-36-01.npz": "C",
    "mdmu-s09-36-00.npz": "C",
    "mdmu-s09-36-01.npz": "D",
    "mdmu-s10-36-00.npz": "A",
    "mdmu-s10-36-01.npz": "D",
    "mdmu-s11-36-00.npz": "allbad",
    "mdmu-s11-36-01.npz": "D",
    "mdmu-s12-36-00.npz": "allbad",
    "mdmu-s12-36-01.npz": "allbad",
    "mdmu-s13-36-00.npz": "B",
    "mdmu-s13-36-01.npz": "allbad",
    "mdmu-s14-36-00.npz": "allbad",
    "mdmu-s14-36-01.npz": "C",
    "mdmu-s15-36-00.npz": "A",
    "mdmu-s15-36-01.npz": "A",
    "mdmu-s16-36-00.npz": "D",
    "mdmu-s16-36-01.npz": "A",
    "mdmu-s17-36-00.npz": "C",
    "mdmu-s17-36-01.npz": "A",
    "mdmu-s18-36-00.npz": "allbad",
    "mdmu-s18-36-01.npz": "allbad",
    "mdmu-s19-36-00.npz": "B",
    "mdmu-s19-36-01.npz": "C",
    "mdmu-s20-36-00.npz": "A",
    "mdmu-s20-36-01.npz": "A",
    "mdmu-s21-36-00.npz": "D",
    "mdmu-s21-36-01.npz": "A",
    "mdmu-s22-36-00.npz": "D",
    "mdmu-s22-36-01.npz": "B",
    "mdmu-s23-36-00.npz": "A",
    "mdmu-s24-36-00.npz": "C",
    "mdmu-s24-36-01.npz": "C",
    "mdmu-s26-36-01.npz": "C",
    "mdmu-s27-36-00.npz": "A",
    "mdmu-s27-36-01.npz": "C",
    "mdmu-s28-36-00.npz": "B",
    "mdmu-s28-36-01.npz": "B",
    "mdmu-s29-36-00.npz": "D",
    "mdmu-s29-36-01.npz": "A",
    "mdmu-s30-36-01.npz": "D",
    "mdmu-s31-36-00.npz": "D",
    "mdmu-s31-36-01.npz": "D",
    "mdmu-s32-36-00.npz": "C",
    "mdmu-s32-36-01.npz": "B",
    "mdmu-s33-36-00.npz": "D",
    "mdmu-s33-36-01.npz": "C",
    "mdmu-s34-36-00.npz": "C",
    "mdmu-s34-36-01.npz": "A",
    "mdmu-s35-36-00.npz": "C",
    "mdmu-s35-36-01.npz": "B",
    "mdmu-s36-36-00.npz": "A",
    "mdmu-s36-36-01.npz": "B",
    "mdmu-s37-36-00.npz": "C",
    "mdmu-s37-36-01.npz": "C",
    "mdmu-s38-36-00.npz": "C",
    "mdmu-s38-36-01.npz": "B",
    "mdmu-s39-36-00.npz": "D",
    "mdmu-s39-36-01.npz": "A",
    "mdmu-s40-36-01.npz": "D",
    "mdmu-s41-36-00.npz": "A",
    "mdmu-s41-36-01.npz": "C",
    "mdmu-s42-36-00.npz": "A",
    "mdmu-s42-36-01.npz": "C",
    "mdmu-s43-36-00.npz": "A",
    "mdmu-s43-36-01.npz": "A",
    "mdmu-s44-36-01.npz": "D",
    "mdmu-s45-36-00.npz": "D",
    "mdmu-s45-36-01.npz": "C",
    "mdmu-s46-36-00.npz": "C",
    "mdmu-s46-36-01.npz": "D",
    "mdmu-s47-36-00.npz": "A",
    "mdmu-s47-36-01.npz": "B",
    "mdmu-s48-36-00.npz": "B",
    "mdmu-s48-36-01.npz": "B",
    "mdmu-s49-36-00.npz": "C",
    "mdmu-s49-36-01.npz": "A",
    "mdmu-s50-36-01.npz": "A",
    "mdmu-s51-36-00.npz": "C",
    "mdmu-s51-36-01.npz": "A",
    "mdmu-s52-36-00.npz": "D",
    "mdmu-s52-36-01.npz": "D",
    "mdmu-s53-36-00.npz": "A",
    "mdmu-s53-36-01.npz": "D",
    "mdmu-s54-36-00.npz": "B",
    "mdmu-s54-36-01.npz": "A",
    "mdmu-s55-36-00.npz": "B",
    "mdmu-s55-36-01.npz": "B",
    "mdmu-s56-36-00.npz": "C",
    "mdmu-s56-36-01.npz": "A",
    "mdmu-s57-36-00.npz": "B",
    "mdmu-s57-36-01.npz": "C",
    "mdmu-s58-36-00.npz": "D",
    "mdmu-s58-36-01.npz": "A",
    "mdmu-s59-36-00.npz": "C",
    "mdmu-s59-36-01.npz": "D",
    "mdmu-s60-36-01.npz": "B",
    "mdmu-s61-36-00.npz": "B",
    "mdmu-s61-36-01.npz": "D",
    "mdmu-s62-36-00.npz": "B",
    "mdmu-s62-36-01.npz": "D",
    "mdmu-s63-36-00.npz": "B",
    "mdmu-s63-36-01.npz": "B",
    "mdmu-s64-36-00.npz": "A",
    "mdmu-s64-36-01.npz": "C",
    "mdmu-s65-36-00.npz": "B",
    "mdmu-s65-36-01.npz": "B",
    "mdmu-s66-36-00.npz": "A",
    "mdmu-s66-36-01.npz": "C",
    "mdmu-s67-36-00.npz": "A",
    "mdmu-s67-36-01.npz": "A",
    "mdmu-s68-36-00.npz": "A",
    "mdmu-s68-36-01.npz": "C",
    "mdmu-s69-36-00.npz": "B",
    "mdmu-s70-36-01.npz": "A",
    "mdmu-s71-36-00.npz": "A",
    "mdmu-s71-36-01.npz": "C",
    "mdmu-s72-36-00.npz": "A",
    "mdmu-s72-36-01.npz": "B",
    "mdmu-s73-36-00.npz": "D",
    "mdmu-s73-36-01.npz": "A",
    "mdmu-s74-36-00.npz": "C",
    "mdmu-s74-36-01.npz": "B",
    "mdmu-s75-36-00.npz": "C",
    "mdmu-s75-36-01.npz": "D",
    "mdmu-s76-36-00.npz": "D",
    "mdmu-s76-36-01.npz": "D",
    "mdmu-s77-36-01.npz": "C",
    "mdmu-s78-36-00.npz": "A",
    "mdmu-s78-36-01.npz": "B",
    "mdmu-s79-36-00.npz": "C",
    "mdmu-s79-36-01.npz": "D",
    "mdmu-s80-36-01.npz": "D",
    "mdmu-s81-36-00.npz": "A",
    "mdmu-s81-36-01.npz": "D",
    "mdmu-s82-36-00.npz": "C",
    "mdmu-s82-36-01.npz": "A",
    "mdmu-s83-36-00.npz": "C",
    "mdmu-s83-36-01.npz": "C",
    "mdmu-s84-36-00.npz": "C",
    "mdmu-s84-36-01.npz": "A",
    "mdmu-s85-36-00.npz": "A",
    "mdmu-s85-36-01.npz": "A",
    "mdmu-s86-36-00.npz": "C",
    "mdmu-s87-36-00.npz": "A",
    "mdmu-s87-36-01.npz": "A",
    "mdmu-s88-36-00.npz": "A",
    "mdmu-s88-36-01.npz": "A",
    "mdmu-s89-36-00.npz": "D",
    "mdmu-s89-36-01.npz": "D",
    "mdmu-s90-36-01.npz": "D",
    "mdmu-s91-36-00.npz": "B",
    "mdmu-s91-36-01.npz": "C",
    "mdmu-s92-36-00.npz": "A",
    "mdmu-s92-36-01.npz": "A",
    "mdmu-s93-36-00.npz": "D",
    "mdmu-s93-36-01.npz": "A",
    "mdmu-s94-36-00.npz": "B",
    "mdmu-s94-36-01.npz": "A",
    "mdmu-s95-36-00.npz": "B",
    "mdmu-s95-36-01.npz": "D",
    "mdmu-s96-36-00.npz": "B",
    "mdmu-s96-36-01.npz": "A",
    "mdmu-s97-36-00.npz": "A",
    "mdmu-s97-36-01.npz": "A",
    "mdmu-s98-36-00.npz": "D",
    "mdmu-s98-36-01.npz": "D",
    "mdmu-s99-36-00.npz": "A",
    "mdmu-s99-36-01.npz": "C"
}