{
    "mdmu-s31-18-01.npz": "A",
    "mdmu-106-18-01.npz": "C",
    "mdmu-116-18-00.npz": "D",
    "mdmu-119-18-00.npz": "A",
    "mdmu-110-18-01.npz": "A",
    "mdmu-109-18-01.npz": "A",
    "mdmu-100-18-00.npz": "allbad",
    "mdmu-107-18-00.npz": "D",
    "mdmu-195-18-01.npz": "C",
    "mdmu-117-18-01.npz": "C",
    "mdmu-118-18-01.npz": "C",
    "mdmu-111-18-00.npz": "A",
    "mdmu-108-18-00.npz": "B",
    "mdmu-101-18-01.npz": "B",
    "mdmu-106-18-00.npz": "C",
    "mdmu-116-18-01.npz": "A",
    "mdmu-110-18-00.npz": "D",
    "mdmu-119-18-01.npz": "D",
    "mdmu-100-18-01.npz": "B",
    "mdmu-109-18-00.npz": "A",
    "mdmu-107-18-01.npz": "C",
    "mdmu-117-18-00.npz": "D",
    "mdmu-111-18-01.npz": "A",
    "mdmu-118-18-00.npz": "D",
    "mdmu-101-18-00.npz": "D",
    "mdmu-108-18-01.npz": "B",
    "mdmu-120-18-00.npz": "D",
    "mdmu-114-18-01.npz": "D",
    "mdmu-104-18-00.npz": "B",
    "mdmu-102-18-01.npz": "B",
    "mdmu-178-18-01.npz": "D",
    "mdmu-112-18-00.npz": "C",
    "mdmu-115-18-00.npz": "C",
    "mdmu-105-18-01.npz": "A",
    "mdmu-103-18-00.npz": "A",
    "mdmu-113-18-01.npz": "C",
    "mdmu-114-18-00.npz": "D",
    "mdmu-120-18-01.npz": "C",
    "mdmu-104-18-01.npz": "allbad",
    "mdmu-102-18-00.npz": "B",
    "mdmu-112-18-01.npz": "A",
    "mdmu-115-18-01.npz": "D",
    "mdmu-105-18-00.npz": "D",
    "mdmu-103-18-01.npz": "D",
    "mdmu-113-18-00.npz": "C"
}