{
    "mdmu-102-05-01.npz": "A",
    "mdmu-112-05-00.npz": "B",
    "mdmu-114-05-01.npz": "A",
    "mdmu-120-05-00.npz": "D",
    "mdmu-104-05-00.npz": "B",
    "mdmu-103-05-00.npz": "B",
    "mdmu-113-05-01.npz": "A",
    "mdmu-115-05-00.npz": "A",
    "mdmu-105-05-01.npz": "C",
    "mdmu-102-05-00.npz": "A",
    "mdmu-112-05-01.npz": "C",
    "mdmu-120-05-01.npz": "D",
    "mdmu-114-05-00.npz": "A",
    "mdmu-104-05-01.npz": "A",
    "mdmu-103-05-01.npz": "C",
    "mdmu-113-05-00.npz": "A",
    "mdmu-115-05-01.npz": "A",
    "mdmu-105-05-00.npz": "B",
    "mdmu-110-05-01.npz": "A",
    "mdmu-119-05-00.npz": "D",
    "mdmu-100-05-00.npz": "D",
    "mdmu-109-05-01.npz": "D",
    "mdmu-106-05-01.npz": "D",
    "mdmu-116-05-00.npz": "D",
    "mdmu-111-05-00.npz": "C",
    "mdmu-118-05-01.npz": "D",
    "mdmu-101-05-01.npz": "D",
    "mdmu-108-05-00.npz": "D",
    "mdmu-107-05-00.npz": "C",
    "mdmu-117-05-01.npz": "C",
    "mdmu-119-05-01.npz": "C",
    "mdmu-110-05-00.npz": "A",
    "mdmu-109-05-00.npz": "C",
    "mdmu-100-05-01.npz": "C",
    "mdmu-106-05-00.npz": "D",
    "mdmu-116-05-01.npz": "C",
    "mdmu-118-05-00.npz": "C",
    "mdmu-111-05-01.npz": "C",
    "mdmu-108-05-01.npz": "D",
    "mdmu-101-05-00.npz": "B",
    "mdmu-107-05-01.npz": "C",
    "mdmu-117-05-00.npz": "A"
}