{
    "mdmu-s00-25-00.npz": "allbad",
    "mdmu-s00-25-01.npz": "A",
    "mdmu-s01-25-00.npz": "D",
    "mdmu-s01-25-01.npz": "D",
    "mdmu-s02-25-00.npz": "B",
    "mdmu-s02-25-01.npz": "B",
    "mdmu-s03-25-00.npz": "C",
    "mdmu-s03-25-01.npz": "D",
    "mdmu-s04-25-00.npz": "D",
    "mdmu-s04-25-01.npz": "A",
    "mdmu-s05-25-00.npz": "A",
    "mdmu-s05-25-01.npz": "D",
    "mdmu-s06-25-00.npz": "C",
    "mdmu-s06-25-01.npz": "D",
    "mdmu-s07-25-00.npz": "D",
    "mdmu-s07-25-01.npz": "D",
    "mdmu-s08-25-00.npz": "allbad",
    "mdmu-s08-25-01.npz": "D",
    "mdmu-s09-25-00.npz": "C",
    "mdmu-s09-25-01.npz": "A",
    "mdmu-s10-25-00.npz": "allbad",
    "mdmu-s10-25-01.npz": "A",
    "mdmu-s11-25-00.npz": "D",
    "mdmu-s11-25-01.npz": "B",
    "mdmu-s12-25-00.npz": "B",
    "mdmu-s12-25-01.npz": "B",
    "mdmu-s13-25-00.npz": "allbad",
    "mdmu-s13-25-01.npz": "A",
    "mdmu-s14-25-00.npz": "allbad",
    "mdmu-s14-25-01.npz": "D",
    "mdmu-s15-25-00.npz": "D",
    "mdmu-s15-25-01.npz": "allbad",
    "mdmu-s16-25-00.npz": "A",
    "mdmu-s16-25-01.npz": "D",
    "mdmu-s17-25-00.npz": "B",
    "mdmu-s17-25-01.npz": "A",
    "mdmu-s18-25-01.npz": "D",
    "mdmu-s19-25-00.npz": "D",
    "mdmu-s19-25-01.npz": "allbad",
    "mdmu-s20-25-01.npz": "B",
    "mdmu-s21-25-00.npz": "C",
    "mdmu-s21-25-01.npz": "B",
    "mdmu-s22-25-00.npz": "D",
    "mdmu-s22-25-01.npz": "B",
    "mdmu-s23-25-00.npz": "B",
    "mdmu-s24-25-00.npz": "C",
    "mdmu-s24-25-01.npz": "D",
    "mdmu-s25-25-00.npz": "D",
    "mdmu-s25-25-01.npz": "C",
    "mdmu-s26-25-00.npz": "C",
    "mdmu-s26-25-01.npz": "A",
    "mdmu-s27-25-00.npz": "D",
    "mdmu-s28-25-00.npz": "C",
    "mdmu-s28-25-01.npz": "C",
    "mdmu-s29-25-00.npz": "B",
    "mdmu-s29-25-01.npz": "D",
    "mdmu-s30-25-00.npz": "D",
    "mdmu-s30-25-01.npz": "allbad",
    "mdmu-s31-25-00.npz": "B",
    "mdmu-s31-25-01.npz": "D",
    "mdmu-s32-25-00.npz": "A",
    "mdmu-s32-25-01.npz": "D",
    "mdmu-s33-25-00.npz": "B",
    "mdmu-s33-25-01.npz": "B",
    "mdmu-s34-25-00.npz": "allbad",
    "mdmu-s34-25-01.npz": "D",
    "mdmu-s36-25-00.npz": "B",
    "mdmu-s36-25-01.npz": "allbad",
    "mdmu-s37-25-00.npz": "D",
    "mdmu-s37-25-01.npz": "C",
    "mdmu-s38-25-00.npz": "C",
    "mdmu-s38-25-01.npz": "allbad",
    "mdmu-s39-25-00.npz": "B",
    "mdmu-s39-25-01.npz": "A",
    "mdmu-s40-25-01.npz": "C",
    "mdmu-s41-25-00.npz": "C",
    "mdmu-s41-25-01.npz": "allbad",
    "mdmu-s42-25-00.npz": "B",
    "mdmu-s42-25-01.npz": "B",
    "mdmu-s43-25-00.npz": "D",
    "mdmu-s43-25-01.npz": "A",
    "mdmu-s44-25-00.npz": "B",
    "mdmu-s45-25-00.npz": "D",
    "mdmu-s45-25-01.npz": "C",
    "mdmu-s46-25-00.npz": "B",
    "mdmu-s47-25-00.npz": "B",
    "mdmu-s47-25-01.npz": "A",
    "mdmu-s48-25-00.npz": "allbad",
    "mdmu-s48-25-01.npz": "allbad",
    "mdmu-s49-25-00.npz": "A",
    "mdmu-s49-25-01.npz": "B",
    "mdmu-s50-25-01.npz": "B",
    "mdmu-s51-25-00.npz": "C",
    "mdmu-s51-25-01.npz": "A",
    "mdmu-s52-25-00.npz": "B",
    "mdmu-s52-25-01.npz": "allbad",
    "mdmu-s53-25-00.npz": "B",
    "mdmu-s53-25-01.npz": "D",
    "mdmu-s54-25-00.npz": "C",
    "mdmu-s54-25-01.npz": "allbad",
    "mdmu-s55-25-00.npz": "A",
    "mdmu-s55-25-01.npz": "B",
    "mdmu-s56-25-00.npz": "C",
    "mdmu-s56-25-01.npz": "C",
    "mdmu-s57-25-00.npz": "B",
    "mdmu-s58-25-00.npz": "C",
    "mdmu-s58-25-01.npz": "C",
    "mdmu-s59-25-00.npz": "B",
    "mdmu-s59-25-01.npz": "C",
    "mdmu-s60-25-01.npz": "C",
    "mdmu-s61-25-00.npz": "B",
    "mdmu-s61-25-01.npz": "A",
    "mdmu-s62-25-00.npz": "C",
    "mdmu-s62-25-01.npz": "C",
    "mdmu-s63-25-00.npz": "allbad",
    "mdmu-s63-25-01.npz": "D",
    "mdmu-s64-25-00.npz": "allbad",
    "mdmu-s64-25-01.npz": "C",
    "mdmu-s65-25-00.npz": "C",
    "mdmu-s65-25-01.npz": "B",
    "mdmu-s66-25-00.npz": "C",
    "mdmu-s67-25-00.npz": "B",
    "mdmu-s67-25-01.npz": "C",
    "mdmu-s68-25-00.npz": "allbad",
    "mdmu-s68-25-01.npz": "B",
    "mdmu-s69-25-00.npz": "A",
    "mdmu-s69-25-01.npz": "A",
    "mdmu-s71-25-00.npz": "B",
    "mdmu-s71-25-01.npz": "B",
    "mdmu-s72-25-00.npz": "B",
    "mdmu-s72-25-01.npz": "B",
    "mdmu-s73-25-00.npz": "B",
    "mdmu-s73-25-01.npz": "A",
    "mdmu-s74-25-00.npz": "B",
    "mdmu-s75-25-00.npz": "A",
    "mdmu-s75-25-01.npz": "D",
    "mdmu-s76-25-00.npz": "C",
    "mdmu-s76-25-01.npz": "D",
    "mdmu-s77-25-00.npz": "A",
    "mdmu-s77-25-01.npz": "C",
    "mdmu-s78-25-00.npz": "A",
    "mdmu-s78-25-01.npz": "B",
    "mdmu-s79-25-00.npz": "B",
    "mdmu-s79-25-01.npz": "C",
    "mdmu-s80-25-01.npz": "C",
    "mdmu-s81-25-00.npz": "B",
    "mdmu-s81-25-01.npz": "A",
    "mdmu-s82-25-00.npz": "D",
    "mdmu-s82-25-01.npz": "C",
    "mdmu-s83-25-00.npz": "allbad",
    "mdmu-s83-25-01.npz": "D",
    "mdmu-s84-25-00.npz": "D",
    "mdmu-s84-25-01.npz": "B",
    "mdmu-s85-25-00.npz": "D",
    "mdmu-s85-25-01.npz": "A",
    "mdmu-s86-25-00.npz": "C",
    "mdmu-s86-25-01.npz": "B",
    "mdmu-s87-25-00.npz": "C",
    "mdmu-s87-25-01.npz": "B",
    "mdmu-s88-25-00.npz": "B",
    "mdmu-s89-25-00.npz": "D",
    "mdmu-s89-25-01.npz": "allbad",
    "mdmu-s90-25-01.npz": "C",
    "mdmu-s91-25-00.npz": "D",
    "mdmu-s91-25-01.npz": "D",
    "mdmu-s92-25-00.npz": "A",
    "mdmu-s92-25-01.npz": "B",
    "mdmu-s93-25-00.npz": "A",
    "mdmu-s93-25-01.npz": "B",
    "mdmu-s94-25-00.npz": "C",
    "mdmu-s94-25-01.npz": "allbad",
    "mdmu-s95-25-00.npz": "B",
    "mdmu-s95-25-01.npz": "B",
    "mdmu-s96-25-01.npz": "C",
    "mdmu-s97-25-00.npz": "A",
    "mdmu-s97-25-01.npz": "A",
    "mdmu-s98-25-00.npz": "B",
    "mdmu-s98-25-01.npz": "C",
    "mdmu-s99-25-00.npz": "A",
    "mdmu-s99-25-01.npz": "A"
}