{"mdmu-s00-23-00.npz": "A", "mdmu-s00-23-01.npz": "D", "mdmu-s04-23-00.npz": "C", "mdmu-s07-23-00.npz": "C", "mdmu-s08-23-01.npz": "B", "mdmu-s09-23-00.npz": "D", "mdmu-s10-23-00.npz": "B", "mdmu-s10-23-01.npz": "D", "mdmu-s11-23-00.npz": "A", "mdmu-s11-23-01.npz": "A", "mdmu-s12-23-00.npz": "D", "mdmu-s12-23-01.npz": "A", "mdmu-s13-23-00.npz": "A", "mdmu-s13-23-01.npz": "D", "mdmu-s14-23-00.npz": "C", "mdmu-s14-23-01.npz": "A", "mdmu-s15-23-00.npz": "B", "mdmu-s15-23-01.npz": "C", "mdmu-s16-23-00.npz": "D", "mdmu-s16-23-01.npz": "C", "mdmu-s17-23-00.npz": "D", "mdmu-s18-23-00.npz": "B", "mdmu-s18-23-01.npz": "B", "mdmu-s19-23-00.npz": "A", "mdmu-s19-23-01.npz": "D", "mdmu-s20-23-00.npz": "D", "mdmu-s20-23-01.npz": "C", "mdmu-s21-23-00.npz": "A", "mdmu-s21-23-01.npz": "D", "mdmu-s22-23-00.npz": "D", "mdmu-s22-23-01.npz": "A", "mdmu-s23-23-00.npz": "D", "mdmu-s23-23-01.npz": "A", "mdmu-s24-23-01.npz": "B", "mdmu-s25-23-00.npz": "A", "mdmu-s25-23-01.npz": "C", "mdmu-s26-23-00.npz": "D", "mdmu-s27-23-00.npz": "C", "mdmu-s27-23-01.npz": "D", "mdmu-s28-23-00.npz": "B", "mdmu-s28-23-01.npz": "D", "mdmu-s29-23-00.npz": "A", "mdmu-s29-23-01.npz": "A", "mdmu-s30-23-00.npz": "D", "mdmu-s30-23-01.npz": "D", "mdmu-s31-23-00.npz": "D", "mdmu-s31-23-01.npz": "D", "mdmu-s32-23-00.npz": "B", "mdmu-s32-23-01.npz": "B", "mdmu-s33-23-00.npz": "B", "mdmu-s33-23-01.npz": "A", "mdmu-s34-23-00.npz": "B", "mdmu-s34-23-01.npz": "C", "mdmu-s35-23-00.npz": "D", "mdmu-s35-23-01.npz": "B", "mdmu-s36-23-00.npz": "A", "mdmu-s36-23-01.npz": "C", "mdmu-s37-23-00.npz": "B", "mdmu-s37-23-01.npz": "D", "mdmu-s38-23-00.npz": "C", "mdmu-s38-23-01.npz": "A", "mdmu-s39-23-00.npz": "C", "mdmu-s39-23-01.npz": "A", "mdmu-s40-23-01.npz": "A", "mdmu-s41-23-00.npz": "A", "mdmu-s41-23-01.npz": "D", "mdmu-s42-23-01.npz": "B", "mdmu-s43-23-00.npz": "C", "mdmu-s43-23-01.npz": "D", "mdmu-s44-23-00.npz": "A", "mdmu-s44-23-01.npz": "A", "mdmu-s45-23-00.npz": "D", "mdmu-s45-23-01.npz": "D", "mdmu-s46-23-00.npz": "A", "mdmu-s46-23-01.npz": "D", "mdmu-s47-23-00.npz": "C", "mdmu-s47-23-01.npz": "B", "mdmu-s48-23-00.npz": "C", "mdmu-s48-23-01.npz": "C", "mdmu-s49-23-00.npz": "D", "mdmu-s49-23-01.npz": "C", "mdmu-s50-23-01.npz": "C", "mdmu-s51-23-00.npz": "B", "mdmu-s51-23-01.npz": "C", "mdmu-s52-23-00.npz": "C", "mdmu-s52-23-01.npz": "A", "mdmu-s53-23-00.npz": "A", "mdmu-s53-23-01.npz": "C", "mdmu-s54-23-00.npz": "B", "mdmu-s54-23-01.npz": "C", "mdmu-s55-23-00.npz": "D", "mdmu-s55-23-01.npz": "A", "mdmu-s56-23-00.npz": "B", "mdmu-s56-23-01.npz": "A", "mdmu-s57-23-00.npz": "A", "mdmu-s57-23-01.npz": "D", "mdmu-s58-23-00.npz": "A", "mdmu-s58-23-01.npz": "D", "mdmu-s59-23-00.npz": "A", "mdmu-s59-23-01.npz": "C", "mdmu-s60-23-01.npz": "A", "mdmu-s61-23-00.npz": "B", "mdmu-s61-23-01.npz": "C", "mdmu-s62-23-00.npz": "C", "mdmu-s62-23-01.npz": "B", "mdmu-s63-23-00.npz": "B", "mdmu-s63-23-01.npz": "B", "mdmu-s64-23-00.npz": "A", "mdmu-s64-23-01.npz": "B", "mdmu-s65-23-00.npz": "B", "mdmu-s65-23-01.npz": "D", "mdmu-s66-23-00.npz": "D", "mdmu-s66-23-01.npz": "B", "mdmu-s67-23-00.npz": "D", "mdmu-s67-23-01.npz": "D", "mdmu-s68-23-00.npz": "B", "mdmu-s68-23-01.npz": "D", "mdmu-s69-23-00.npz": "C", "mdmu-s69-23-01.npz": "A", "mdmu-s70-23-01.npz": "A", "mdmu-s71-23-00.npz": "B", "mdmu-s71-23-01.npz": "C", "mdmu-s72-23-00.npz": "D", "mdmu-s72-23-01.npz": "D", "mdmu-s73-23-00.npz": "D", "mdmu-s73-23-01.npz": "B", "mdmu-s74-23-00.npz": "A", "mdmu-s74-23-01.npz": "A", "mdmu-s75-23-00.npz": "D", "mdmu-s75-23-01.npz": "C", "mdmu-s76-23-00.npz": "A", "mdmu-s76-23-01.npz": "D", "mdmu-s77-23-00.npz": "D", "mdmu-s77-23-01.npz": "C", "mdmu-s78-23-00.npz": "A", "mdmu-s78-23-01.npz": "B", "mdmu-s79-23-00.npz": "B", "mdmu-s79-23-01.npz": "C", "mdmu-s80-23-01.npz": "D", "mdmu-s81-23-00.npz": "D", "mdmu-s81-23-01.npz": "B", "mdmu-s82-23-00.npz": "A", "mdmu-s82-23-01.npz": "A", "mdmu-s83-23-00.npz": "A", "mdmu-s83-23-01.npz": "A", "mdmu-s84-23-00.npz": "B", "mdmu-s84-23-01.npz": "A", "mdmu-s85-23-00.npz": "C", "mdmu-s85-23-01.npz": "C", "mdmu-s86-23-00.npz": "D", "mdmu-s86-23-01.npz": "A", "mdmu-s87-23-00.npz": "D", "mdmu-s87-23-01.npz": "D", "mdmu-s88-23-00.npz": "C", "mdmu-s88-23-01.npz": "C", "mdmu-s89-23-00.npz": "D", "mdmu-s89-23-01.npz": "C", "mdmu-s90-23-01.npz": "C", "mdmu-s91-23-00.npz": "C", "mdmu-s91-23-01.npz": "A", "mdmu-s92-23-00.npz": "A", "mdmu-s92-23-01.npz": "D", "mdmu-s93-23-00.npz": "A", "mdmu-s93-23-01.npz": "C", "mdmu-s94-23-00.npz": "D", "mdmu-s94-23-01.npz": "D", "mdmu-s95-23-00.npz": "B", "mdmu-s95-23-01.npz": "D", "mdmu-s96-23-00.npz": "D", "mdmu-s96-23-01.npz": "C", "mdmu-s97-23-00.npz": "C", "mdmu-s97-23-01.npz": "D", "mdmu-s98-23-00.npz": "D", "mdmu-s98-23-01.npz": "B", "mdmu-s99-23-00.npz": "B", "mdmu-s99-23-01.npz": "B"}