{
    "mdmu-105-08-00.npz": "D",
    "mdmu-115-08-01.npz": "B",
    "mdmu-113-08-00.npz": "D",
    "mdmu-103-08-01.npz": "B",
    "mdmu-104-08-01.npz": "B",
    "mdmu-120-08-01.npz": "B",
    "mdmu-114-08-00.npz": "A",
    "mdmu-112-08-01.npz": "C",
    "mdmu-102-08-00.npz": "A",
    "mdmu-105-08-01.npz": "D",
    "mdmu-115-08-00.npz": "C",
    "mdmu-113-08-01.npz": "A",
    "mdmu-103-08-00.npz": "B",
    "mdmu-104-08-00.npz": "B",
    "mdmu-114-08-01.npz": "D",
    "mdmu-120-08-00.npz": "D",
    "mdmu-112-08-00.npz": "B",
    "mdmu-102-08-01.npz": "D",
    "mdmu-117-08-00.npz": "D",
    "mdmu-107-08-01.npz": "A",
    "mdmu-108-08-01.npz": "A",
    "mdmu-101-08-00.npz": "A",
    "mdmu-118-08-00.npz": "D",
    "mdmu-111-08-01.npz": "D",
    "mdmu-116-08-01.npz": "D",
    "mdmu-106-08-00.npz": "B",
    "mdmu-109-08-00.npz": "C",
    "mdmu-100-08-01.npz": "D",
    "mdmu-119-08-01.npz": "A",
    "mdmu-110-08-00.npz": "C",
    "mdmu-117-08-01.npz": "B",
    "mdmu-107-08-00.npz": "C",
    "mdmu-101-08-01.npz": "D",
    "mdmu-108-08-00.npz": "A",
    "mdmu-162-08-01.npz": "A",
    "mdmu-111-08-00.npz": "D",
    "mdmu-118-08-01.npz": "C",
    "mdmu-116-08-00.npz": "C",
    "mdmu-106-08-01.npz": "B",
    "mdmu-100-08-00.npz": "A",
    "mdmu-109-08-01.npz": "D",
    "mdmu-110-08-01.npz": "C",
    "mdmu-119-08-00.npz": "B"
}